origin_id,destination_id,origin_name,destination_name,origin_lat,origin_lon,destination_lat,destination_lon,haversine_km,distance_km,duration_min,neighbor_rank,max_radius_km,k_neighbors,route_status,route_provider,route_timestamp,bidirectional
DEPOT_DSRSLCC,2017,ALMACEN CENTRAL DSRSLCC,CENTRO DE SALUD NUEVO SULLANA,-4.906564049486188,-80.72843391449476,-4.9088237,-80.7227337,0.6796607948460018,0.8883,1.75,0,150,10,SUCCESS,OSRM,2026-05-16T04:14:38.913725,True
DEPOT_DSRSLCC,2012,ALMACEN CENTRAL DSRSLCC,"CENTRO DE SALUD ""VILLA PRIMAVERA""",-4.906564049486188,-80.72843391449476,-4.904803,-80.7106523,1.9796908781745368,2.5224,3.9483333333333333,1,150,10,SUCCESS,OSRM,2026-05-16T04:14:40.455544,True
DEPOT_DSRSLCC,2020,ALMACEN CENTRAL DSRSLCC,PUESTO DE SALUD JIBITO,-4.906564049486188,-80.72843391449476,-4.9051923,-80.7473456,2.1007245306002056,2.7177,3.89,2,150,10,SUCCESS,OSRM,2026-05-16T04:14:41.991370,True
DEPOT_DSRSLCC,2032,ALMACEN CENTRAL DSRSLCC,CENTRO DE SALUD MARCAVELICA,-4.906564049486188,-80.72843391449476,-4.8824518,-80.7061949,3.641313766879526,6.7535,8.346666666666668,3,150,10,SUCCESS,OSRM,2026-05-16T04:14:43.512773,True
DEPOT_DSRSLCC,2018,ALMACEN CENTRAL DSRSLCC,CENTRO DE SALUD COMUNIDAD SALUDABLE,-4.906564049486188,-80.72843391449476,-4.9081922,-80.6946604,3.746054419124631,5.006600000000001,6.966666666666667,4,150,10,SUCCESS,OSRM,2026-05-16T04:14:45.010975,True
DEPOT_DSRSLCC,2033,ALMACEN CENTRAL DSRSLCC,PUESTO DE SALUD MALLARITOS,-4.906564049486188,-80.72843391449476,-4.8694928,-80.718029,4.280287970346168,8.6899,9.741666666666667,5,150,10,SUCCESS,OSRM,2026-05-16T04:14:46.493518,True
DEPOT_DSRSLCC,2011,ALMACEN CENTRAL DSRSLCC,CENTRO DE SALUD SANTA TERESITA,-4.906564049486188,-80.72843391449476,-4.9004509,-80.6777636,5.654666147096889,6.573600000000001,9.74,6,150,10,SUCCESS,OSRM,2026-05-16T04:14:48.007288,True
DEPOT_DSRSLCC,2001,ALMACEN CENTRAL DSRSLCC,CENTRO DE SALUD BELLAVISTA,-4.906564049486188,-80.72843391449476,-4.8844701,-80.6714142,6.778069525248417,7.7835,11.05,7,150,10,SUCCESS,OSRM,2026-05-16T04:14:49.532744,True
DEPOT_DSRSLCC,2058,ALMACEN CENTRAL DSRSLCC,CENTRO DE SALUD SALITRAL,-4.906564049486188,-80.72843391449476,-4.8598949,-80.6836031,7.183267714411404,9.8965,10.593333333333334,8,150,10,SUCCESS,OSRM,2026-05-16T04:14:51.013132,True
DEPOT_DSRSLCC,2035,ALMACEN CENTRAL DSRSLCC,PUESTO DE SALUD MALLARES,-4.906564049486188,-80.72843391449476,-4.8325148,-80.7621019,9.039440660632591,18.1073,19.15666666666667,9,150,10,SUCCESS,OSRM,2026-05-16T04:14:52.541772,True
1911,10727,CENTRO DE SALUD AYABACA,PUESTO DE SALUD SOCCHABAMBA,-4.6359601,-79.7138753,-4.6045211,-79.666442,6.3134145781792,15.6085,11.318333333333333,10,150,10,SUCCESS,OSRM,2026-05-16T04:14:54.078777,True
1911,1916,CENTRO DE SALUD AYABACA,PUESTO DE SALUD CHOCAN,-4.6359601,-79.7138753,-4.5649483,-79.6841993,8.553828402458102,14.6846,19.488333333333333,11,150,10,SUCCESS,OSRM,2026-05-16T04:14:55.600252,True
1911,1923,CENTRO DE SALUD AYABACA,PUESTO DE SALUD HUIRIQUINGUE,-4.6359601,-79.7138753,-4.5649483,-79.6841993,8.553828402458102,14.6846,19.488333333333333,12,150,10,SUCCESS,OSRM,2026-05-16T04:14:57.123331,True
1911,10726,CENTRO DE SALUD AYABACA,PUESTO DE SALUD JORAS,-4.6359601,-79.7138753,-4.5649483,-79.6841993,8.553828402458102,14.6846,19.488333333333333,13,150,10,SUCCESS,OSRM,2026-05-16T04:14:58.665329,True
1911,1974,CENTRO DE SALUD AYABACA,CENTRO DE SALUD SICCHEZ,-4.6359601,-79.7138753,-4.5689777,-79.763774,9.276942913448414,24.989900000000002,35.336666666666666,14,150,10,SUCCESS,OSRM,2026-05-16T04:15:00.181619,True
1911,1962,CENTRO DE SALUD AYABACA,CENTRO DE SALUD JILILI,-4.6359601,-79.7138753,-4.5839372,-79.7979262,10.965703384297331,27.8141,44.776666666666664,15,150,10,SUCCESS,OSRM,2026-05-16T04:15:01.708990,True
1911,19837,CENTRO DE SALUD AYABACA,PUESTO DE SALUD RODEOPAMPA,-4.6359601,-79.7138753,-4.6732321,-79.6184916,11.35459750487899,38.755300000000005,30.578333333333333,16,150,10,SUCCESS,OSRM,2026-05-16T04:15:03.211209,True
1911,1970,CENTRO DE SALUD AYABACA,CENTRO DE SALUD MONTERO,-4.6359601,-79.7138753,-4.6297071,-79.8247958,12.313146239843503,24.501,38.47666666666667,17,150,10,SUCCESS,OSRM,2026-05-16T04:15:04.754732,True
1911,19125,CENTRO DE SALUD AYABACA,PUESTO DE SALUD HUALCUY,-4.6359601,-79.7138753,-4.7479412,-79.6118811,16.816913900646334,47.273300000000006,34.35,18,150,10,SUCCESS,OSRM,2026-05-16T04:15:06.272644,True
1911,1921,CENTRO DE SALUD AYABACA,PUESTO DE SALUD REMOLINOS,-4.6359601,-79.7138753,-4.4917343,-79.5851453,21.46596833662116,45.6675,36.725,19,150,10,SUCCESS,OSRM,2026-05-16T04:15:07.791874,True
1916,1923,PUESTO DE SALUD CHOCAN,PUESTO DE SALUD HUIRIQUINGUE,-4.5649483,-79.6841993,-4.5649483,-79.6841993,0.0,0.0,0.0,20,150,10,SUCCESS,OSRM,2026-05-16T04:15:09.368289,True
1916,10726,PUESTO DE SALUD CHOCAN,PUESTO DE SALUD JORAS,-4.5649483,-79.6841993,-4.5649483,-79.6841993,0.0,0.0,0.0,21,150,10,SUCCESS,OSRM,2026-05-16T04:15:10.862965,True
1916,10727,PUESTO DE SALUD CHOCAN,PUESTO DE SALUD SOCCHABAMBA,-4.5649483,-79.6841993,-4.6045211,-79.666442,4.820416769064436,9.1577,12.243333333333334,22,150,10,SUCCESS,OSRM,2026-05-16T04:15:12.353157,True
1916,1911,PUESTO DE SALUD CHOCAN,CENTRO DE SALUD AYABACA,-4.5649483,-79.6841993,-4.6359601,-79.7138753,8.553828402458102,14.6846,19.52,23,150,10,SUCCESS,OSRM,2026-05-16T04:15:13.822677,True
1916,1974,PUESTO DE SALUD CHOCAN,CENTRO DE SALUD SICCHEZ,-4.5649483,-79.6841993,-4.5689777,-79.763774,8.831581826875537,27.950400000000002,42.41833333333333,24,150,10,SUCCESS,OSRM,2026-05-16T04:15:15.359825,True
1916,1962,PUESTO DE SALUD CHOCAN,CENTRO DE SALUD JILILI,-4.5649483,-79.6841993,-4.5839372,-79.7979262,12.781186812648949,41.6089,63.0,25,150,10,SUCCESS,OSRM,2026-05-16T04:15:16.894225,True
1916,1921,PUESTO DE SALUD CHOCAN,PUESTO DE SALUD REMOLINOS,-4.5649483,-79.6841993,-4.4917343,-79.5851453,13.668757116109173,39.216699999999996,37.65,26,150,10,SUCCESS,OSRM,2026-05-16T04:15:18.401129,True
1916,19837,PUESTO DE SALUD CHOCAN,PUESTO DE SALUD RODEOPAMPA,-4.5649483,-79.6841993,-4.6732321,-79.6184916,14.07170887688847,32.3045,31.503333333333334,27,150,10,SUCCESS,OSRM,2026-05-16T04:15:19.877850,True
1916,1970,PUESTO DE SALUD CHOCAN,CENTRO DE SALUD MONTERO,-4.5649483,-79.6841993,-4.6297071,-79.8247958,17.166596033923163,39.0713,57.49166666666667,28,150,10,SUCCESS,OSRM,2026-05-16T04:15:21.440568,True
1916,1926,PUESTO DE SALUD CHOCAN,PUESTO DE SALUD EL TOLDO,-4.5649483,-79.6841993,-4.6151437,-79.4995409,21.21461895645414,53.6963,54.43833333333334,29,150,10,SUCCESS,OSRM,2026-05-16T04:15:22.962975,True
1920,1926,PUESTO DE SALUD ESPINDOLA,PUESTO DE SALUD EL TOLDO,-4.648091,-79.4791847,-4.6151437,-79.4995409,4.302536145146246,10.591700000000001,13.873333333333333,30,150,10,SUCCESS,OSRM,2026-05-16T04:15:24.538776,True
1920,19844,PUESTO DE SALUD ESPINDOLA,PUESTO DE SALUD HUILCO,-4.648091,-79.4791847,-4.6151437,-79.4995409,4.302536145146246,10.591700000000001,13.873333333333333,31,150,10,SUCCESS,OSRM,2026-05-16T04:15:26.055418,True
1920,19837,PUESTO DE SALUD ESPINDOLA,PUESTO DE SALUD RODEOPAMPA,-4.648091,-79.4791847,-4.6732321,-79.6184916,15.690057665937747,36.2284,34.43666666666666,32,150,10,SUCCESS,OSRM,2026-05-16T04:15:27.541234,True
1920,19125,PUESTO DE SALUD ESPINDOLA,PUESTO DE SALUD HUALCUY,-4.648091,-79.4791847,-4.7479412,-79.6118811,18.426267966199983,44.7464,38.208333333333336,33,150,10,SUCCESS,OSRM,2026-05-16T04:15:29.025802,True
1920,1921,PUESTO DE SALUD ESPINDOLA,PUESTO DE SALUD REMOLINOS,-4.648091,-79.4791847,-4.4917343,-79.5851453,20.98133182925531,76.6336,65.63333333333334,34,150,10,SUCCESS,OSRM,2026-05-16T04:15:30.533335,True
1920,10727,PUESTO DE SALUD ESPINDOLA,PUESTO DE SALUD SOCCHABAMBA,-4.648091,-79.4791847,-4.6045211,-79.666442,21.31218774614808,43.2894,37.70333333333333,35,150,10,SUCCESS,OSRM,2026-05-16T04:15:32.015594,True
1920,1916,PUESTO DE SALUD ESPINDOLA,PUESTO DE SALUD CHOCAN,-4.648091,-79.4791847,-4.5649483,-79.6841993,24.531673433935655,52.4471,49.94833333333334,36,150,10,SUCCESS,OSRM,2026-05-16T04:15:33.514572,True
1920,1923,PUESTO DE SALUD ESPINDOLA,PUESTO DE SALUD HUIRIQUINGUE,-4.648091,-79.4791847,-4.5649483,-79.6841993,24.531673433935655,52.4471,49.94833333333334,37,150,10,SUCCESS,OSRM,2026-05-16T04:15:35.014227,True
1920,10726,PUESTO DE SALUD ESPINDOLA,PUESTO DE SALUD JORAS,-4.648091,-79.4791847,-4.5649483,-79.6841993,24.531673433935655,52.4471,49.94833333333334,38,150,10,SUCCESS,OSRM,2026-05-16T04:15:36.534909,True
1920,1911,PUESTO DE SALUD ESPINDOLA,CENTRO DE SALUD AYABACA,-4.648091,-79.4791847,-4.6359601,-79.7138753,26.045754769998258,58.8979,49.07333333333334,39,150,10,SUCCESS,OSRM,2026-05-16T04:15:38.065828,True
1921,1916,PUESTO DE SALUD REMOLINOS,PUESTO DE SALUD CHOCAN,-4.4917343,-79.5851453,-4.5649483,-79.6841993,13.668757116109173,39.216699999999996,37.58833333333334,40,150,10,SUCCESS,OSRM,2026-05-16T04:15:39.568879,True
1921,1923,PUESTO DE SALUD REMOLINOS,PUESTO DE SALUD HUIRIQUINGUE,-4.4917343,-79.5851453,-4.5649483,-79.6841993,13.668757116109173,39.216699999999996,37.58833333333334,41,150,10,SUCCESS,OSRM,2026-05-16T04:15:41.118806,True
1921,10726,PUESTO DE SALUD REMOLINOS,PUESTO DE SALUD JORAS,-4.4917343,-79.5851453,-4.5649483,-79.6841993,13.668757116109173,39.216699999999996,37.58833333333334,42,150,10,SUCCESS,OSRM,2026-05-16T04:15:42.628793,True
1921,10727,PUESTO DE SALUD REMOLINOS,PUESTO DE SALUD SOCCHABAMBA,-4.4917343,-79.5851453,-4.6045211,-79.666442,15.443072162093422,33.344199999999994,27.973333333333336,43,150,10,SUCCESS,OSRM,2026-05-16T04:15:44.120567,True
1921,1926,PUESTO DE SALUD REMOLINOS,PUESTO DE SALUD EL TOLDO,-4.4917343,-79.5851453,-4.6151437,-79.4995409,16.683613689026842,77.88289999999999,70.16833333333334,44,150,10,SUCCESS,OSRM,2026-05-16T04:15:45.625148,True
1921,19844,PUESTO DE SALUD REMOLINOS,PUESTO DE SALUD HUILCO,-4.4917343,-79.5851453,-4.6151437,-79.4995409,16.683613689026842,77.88289999999999,70.16833333333334,45,150,10,SUCCESS,OSRM,2026-05-16T04:15:47.110095,True
1921,19837,PUESTO DE SALUD REMOLINOS,PUESTO DE SALUD RODEOPAMPA,-4.4917343,-79.5851453,-4.6732321,-79.6184916,20.51729554385507,56.491,47.233333333333334,46,150,10,SUCCESS,OSRM,2026-05-16T04:15:48.626001,True
1921,1920,PUESTO DE SALUD REMOLINOS,PUESTO DE SALUD ESPINDOLA,-4.4917343,-79.5851453,-4.648091,-79.4791847,20.98133182925531,76.6336,65.68166666666667,47,150,10,SUCCESS,OSRM,2026-05-16T04:15:50.151933,True
1921,1911,PUESTO DE SALUD REMOLINOS,CENTRO DE SALUD AYABACA,-4.4917343,-79.5851453,-4.6359601,-79.7138753,21.46596833662116,45.6675,36.71333333333334,48,150,10,SUCCESS,OSRM,2026-05-16T04:15:51.652447,True
1921,1974,PUESTO DE SALUD REMOLINOS,CENTRO DE SALUD SICCHEZ,-4.4917343,-79.5851453,-4.5689777,-79.763774,21.58318311591101,63.5908,66.79,49,150,10,SUCCESS,OSRM,2026-05-16T04:15:53.133709,True
1923,1916,PUESTO DE SALUD HUIRIQUINGUE,PUESTO DE SALUD CHOCAN,-4.5649483,-79.6841993,-4.5649483,-79.6841993,0.0,0.0,0.0,50,150,10,SUCCESS,OSRM,2026-05-16T04:15:54.628879,True
1923,10726,PUESTO DE SALUD HUIRIQUINGUE,PUESTO DE SALUD JORAS,-4.5649483,-79.6841993,-4.5649483,-79.6841993,0.0,0.0,0.0,51,150,10,SUCCESS,OSRM,2026-05-16T04:15:56.133651,True
1923,10727,PUESTO DE SALUD HUIRIQUINGUE,PUESTO DE SALUD SOCCHABAMBA,-4.5649483,-79.6841993,-4.6045211,-79.666442,4.820416769064436,9.1577,12.243333333333334,52,150,10,SUCCESS,OSRM,2026-05-16T04:15:57.628365,True
1923,1911,PUESTO DE SALUD HUIRIQUINGUE,CENTRO DE SALUD AYABACA,-4.5649483,-79.6841993,-4.6359601,-79.7138753,8.553828402458102,14.6846,19.52,53,150,10,SUCCESS,OSRM,2026-05-16T04:15:59.171056,True
1923,1974,PUESTO DE SALUD HUIRIQUINGUE,CENTRO DE SALUD SICCHEZ,-4.5649483,-79.6841993,-4.5689777,-79.763774,8.831581826875537,27.950400000000002,42.41833333333333,54,150,10,SUCCESS,OSRM,2026-05-16T04:16:00.733543,True
1923,1962,PUESTO DE SALUD HUIRIQUINGUE,CENTRO DE SALUD JILILI,-4.5649483,-79.6841993,-4.5839372,-79.7979262,12.781186812648949,41.6089,63.0,55,150,10,SUCCESS,OSRM,2026-05-16T04:16:02.242858,True
1923,1921,PUESTO DE SALUD HUIRIQUINGUE,PUESTO DE SALUD REMOLINOS,-4.5649483,-79.6841993,-4.4917343,-79.5851453,13.668757116109173,39.216699999999996,37.65,56,150,10,SUCCESS,OSRM,2026-05-16T04:16:03.742518,True
1923,19837,PUESTO DE SALUD HUIRIQUINGUE,PUESTO DE SALUD RODEOPAMPA,-4.5649483,-79.6841993,-4.6732321,-79.6184916,14.07170887688847,32.3045,31.503333333333334,57,150,10,SUCCESS,OSRM,2026-05-16T04:16:05.253492,True
1923,1970,PUESTO DE SALUD HUIRIQUINGUE,CENTRO DE SALUD MONTERO,-4.5649483,-79.6841993,-4.6297071,-79.8247958,17.166596033923163,39.0713,57.49166666666667,58,150,10,SUCCESS,OSRM,2026-05-16T04:16:06.755730,True
1923,1926,PUESTO DE SALUD HUIRIQUINGUE,PUESTO DE SALUD EL TOLDO,-4.5649483,-79.6841993,-4.6151437,-79.4995409,21.21461895645414,53.6963,54.43833333333334,59,150,10,SUCCESS,OSRM,2026-05-16T04:16:08.245729,True
1926,19844,PUESTO DE SALUD EL TOLDO,PUESTO DE SALUD HUILCO,-4.6151437,-79.4995409,-4.6151437,-79.4995409,0.0,0.0,0.0,60,150,10,SUCCESS,OSRM,2026-05-16T04:16:09.734247,True
1926,1920,PUESTO DE SALUD EL TOLDO,PUESTO DE SALUD ESPINDOLA,-4.6151437,-79.4995409,-4.648091,-79.4791847,4.302536145146246,10.591700000000001,13.865,61,150,10,SUCCESS,OSRM,2026-05-16T04:16:11.224828,True
1926,19837,PUESTO DE SALUD EL TOLDO,PUESTO DE SALUD RODEOPAMPA,-4.6151437,-79.4995409,-4.6732321,-79.6184916,14.680581848345712,37.4777,38.89833333333333,62,150,10,SUCCESS,OSRM,2026-05-16T04:16:12.746654,True
1926,1921,PUESTO DE SALUD EL TOLDO,PUESTO DE SALUD REMOLINOS,-4.6151437,-79.4995409,-4.4917343,-79.5851453,16.683613689026842,77.88289999999999,70.095,63,150,10,SUCCESS,OSRM,2026-05-16T04:16:14.239303,True
1926,10727,PUESTO DE SALUD EL TOLDO,PUESTO DE SALUD SOCCHABAMBA,-4.6151437,-79.4995409,-4.6045211,-79.666442,18.53619279128408,44.538599999999995,42.165,64,150,10,SUCCESS,OSRM,2026-05-16T04:16:15.750057,True
1926,19125,PUESTO DE SALUD EL TOLDO,PUESTO DE SALUD HUALCUY,-4.6151437,-79.4995409,-4.7479412,-79.6118811,19.314472881109488,45.995599999999996,42.669999999999995,65,150,10,SUCCESS,OSRM,2026-05-16T04:16:17.253870,True
1926,1916,PUESTO DE SALUD EL TOLDO,PUESTO DE SALUD CHOCAN,-4.6151437,-79.4995409,-4.5649483,-79.6841993,21.21461895645414,53.6963,54.41,66,150,10,SUCCESS,OSRM,2026-05-16T04:16:18.749071,True
1926,1923,PUESTO DE SALUD EL TOLDO,PUESTO DE SALUD HUIRIQUINGUE,-4.6151437,-79.4995409,-4.5649483,-79.6841993,21.21461895645414,53.6963,54.41,67,150,10,SUCCESS,OSRM,2026-05-16T04:16:20.250530,True
1926,10726,PUESTO DE SALUD EL TOLDO,PUESTO DE SALUD JORAS,-4.6151437,-79.4995409,-4.5649483,-79.6841993,21.21461895645414,53.6963,54.41,68,150,10,SUCCESS,OSRM,2026-05-16T04:16:21.752257,True
1926,1911,PUESTO DE SALUD EL TOLDO,CENTRO DE SALUD AYABACA,-4.6151437,-79.4995409,-4.6359601,-79.7138753,23.867777200752144,60.1472,53.535,69,150,10,SUCCESS,OSRM,2026-05-16T04:16:23.311529,True
1932,1943,CENTRO DE SALUD LAS LOMAS,CENTRO DE SALUD EL PARTIDOR,-4.660114,-80.2439085,-4.7309471,-80.2796964,8.818479070621429,9.582,8.648333333333333,70,150,10,SUCCESS,OSRM,2026-05-16T04:16:24.830956,True
1932,1936,CENTRO DE SALUD LAS LOMAS,PUESTO DE SALUD PAMPA ELERA BAJA,-4.660114,-80.2439085,-4.6975701,-80.1474193,11.47582140643366,16.7948,18.55,71,150,10,SUCCESS,OSRM,2026-05-16T04:16:26.311549,True
1932,1934,CENTRO DE SALUD LAS LOMAS,PUESTO DE SALUD CHIPILLICO,-4.660114,-80.2439085,-4.7197242,-80.131394,14.12142994309584,23.4823,26.831666666666667,72,150,10,SUCCESS,OSRM,2026-05-16T04:16:27.819871,True
1932,1978,CENTRO DE SALUD LAS LOMAS,CENTRO DE SALUD SAN ISIDRO,-4.660114,-80.2439085,-4.7939134,-80.2736569,15.238669926276405,18.4013,15.555,73,150,10,SUCCESS,OSRM,2026-05-16T04:16:29.309757,True
1932,1944,CENTRO DE SALUD LAS LOMAS,PUESTO SALUD LA MENTA,-4.660114,-80.2439085,-4.7190508,-80.0971652,17.533294318590276,24.740599999999997,28.521666666666665,74,150,10,SUCCESS,OSRM,2026-05-16T04:16:30.789345,True
1932,1942,CENTRO DE SALUD LAS LOMAS,PUESTO DE SALUD GARABATOS,-4.660114,-80.2439085,-4.7089581,-80.0824258,18.702073611519623,27.246599999999997,33.465,75,150,10,SUCCESS,OSRM,2026-05-16T04:16:32.274793,True
1932,1939,CENTRO DE SALUD LAS LOMAS,PUESTO DE SALUD SAN FRANCISCO DE PAMPA ELERA,-4.660114,-80.2439085,-4.6879089,-80.0697998,19.54157433719398,28.2271,35.445,76,150,10,SUCCESS,OSRM,2026-05-16T04:16:33.758654,True
1932,1953,CENTRO DE SALUD LAS LOMAS,PUESTO DE SALUD SANTA ANA DE QUIROZ,-4.660114,-80.2439085,-4.5459096,-80.0738269,22.729527681104628,25.112299999999998,18.276666666666664,77,150,10,SUCCESS,OSRM,2026-05-16T04:16:35.243487,True
1932,1996,CENTRO DE SALUD LAS LOMAS,CP3 - SAN MARTIN,-4.660114,-80.2439085,-4.8426429,-80.342111,23.029528286213147,32.9775,28.711666666666666,78,150,10,SUCCESS,OSRM,2026-05-16T04:16:36.766215,True
1932,1988,CENTRO DE SALUD LAS LOMAS,PUESTO DE SALUD LAS MONICAS,-4.660114,-80.2439085,-4.9297532,-80.2832763,30.29817723639069,42.929300000000005,33.055,79,150,10,SUCCESS,OSRM,2026-05-16T04:16:38.246210,True
1934,1936,PUESTO DE SALUD CHIPILLICO,PUESTO DE SALUD PAMPA ELERA BAJA,-4.7197242,-80.131394,-4.6975701,-80.1474193,3.0368306428829337,6.6875,8.355,80,150,10,SUCCESS,OSRM,2026-05-16T04:16:39.728326,True
1934,1944,PUESTO DE SALUD CHIPILLICO,PUESTO SALUD LA MENTA,-4.7197242,-80.131394,-4.7190508,-80.0971652,3.793903819142094,4.456600000000001,6.941666666666666,81,150,10,SUCCESS,OSRM,2026-05-16T04:16:41.259990,True
1934,1942,PUESTO DE SALUD CHIPILLICO,PUESTO DE SALUD GARABATOS,-4.7197242,-80.131394,-4.7089581,-80.0824258,5.557072712097383,6.9627,11.885,82,150,10,SUCCESS,OSRM,2026-05-16T04:16:42.748936,True
1934,1939,PUESTO DE SALUD CHIPILLICO,PUESTO DE SALUD SAN FRANCISCO DE PAMPA ELERA,-4.7197242,-80.131394,-4.6879089,-80.0697998,7.688183056510307,10.0064,16.35,83,150,10,SUCCESS,OSRM,2026-05-16T04:16:44.247544,True
1934,1932,PUESTO DE SALUD CHIPILLICO,CENTRO DE SALUD LAS LOMAS,-4.7197242,-80.131394,-4.660114,-80.2439085,14.12142994309584,23.4823,26.95,84,150,10,SUCCESS,OSRM,2026-05-16T04:16:45.715906,True
1934,1943,PUESTO DE SALUD CHIPILLICO,CENTRO DE SALUD EL PARTIDOR,-4.7197242,-80.131394,-4.7309471,-80.2796964,16.481736209916036,32.567299999999996,34.24666666666667,85,150,10,SUCCESS,OSRM,2026-05-16T04:16:47.211452,True
1934,1955,PUESTO DE SALUD CHIPILLICO,CENTRO DE SALUD SAPILLICA,-4.7197242,-80.131394,-4.7755217,-79.9819419,17.685335587753496,28.0731,42.54,86,150,10,SUCCESS,OSRM,2026-05-16T04:16:48.872482,True
1934,1978,PUESTO DE SALUD CHIPILLICO,CENTRO DE SALUD SAN ISIDRO,-4.7197242,-80.131394,-4.7939134,-80.2736569,17.792435108261618,41.3866,41.15333333333333,87,150,10,SUCCESS,OSRM,2026-05-16T04:16:50.395780,True
1934,1953,PUESTO DE SALUD CHIPILLICO,PUESTO DE SALUD SANTA ANA DE QUIROZ,-4.7197242,-80.131394,-4.5459096,-80.0738269,20.353186934893387,46.7663,42.791666666666664,88,150,10,SUCCESS,OSRM,2026-05-16T04:16:51.988157,True
1934,1959,PUESTO DE SALUD CHIPILLICO,CENTRO DE SALUD PAIMAS,-4.7197242,-80.131394,-4.6248621,-79.9474502,22.952967742565598,67.26289999999999,57.445,89,150,10,SUCCESS,OSRM,2026-05-16T04:16:53.497949,True
1936,1934,PUESTO DE SALUD PAMPA ELERA BAJA,PUESTO DE SALUD CHIPILLICO,-4.6975701,-80.1474193,-4.7197242,-80.131394,3.0368306428829337,6.6875,8.281666666666666,90,150,10,SUCCESS,OSRM,2026-05-16T04:16:55.000709,True
1936,1944,PUESTO DE SALUD PAMPA ELERA BAJA,PUESTO SALUD LA MENTA,-4.6975701,-80.1474193,-4.7190508,-80.0971652,6.059745321731867,7.9456999999999995,9.971666666666666,91,150,10,SUCCESS,OSRM,2026-05-16T04:16:56.492440,True
1936,1942,PUESTO DE SALUD PAMPA ELERA BAJA,PUESTO DE SALUD GARABATOS,-4.6975701,-80.1474193,-4.7089581,-80.0824258,7.313077904053997,10.451799999999999,14.915,92,150,10,SUCCESS,OSRM,2026-05-16T04:16:57.985808,True
1936,1939,PUESTO DE SALUD PAMPA ELERA BAJA,PUESTO DE SALUD SAN FRANCISCO DE PAMPA ELERA,-4.6975701,-80.1474193,-4.6879089,-80.0697998,8.668784016506303,11.4323,16.895,93,150,10,SUCCESS,OSRM,2026-05-16T04:16:59.526755,True
1936,1932,PUESTO DE SALUD PAMPA ELERA BAJA,CENTRO DE SALUD LAS LOMAS,-4.6975701,-80.1474193,-4.660114,-80.2439085,11.47582140643366,16.7948,18.595000000000002,94,150,10,SUCCESS,OSRM,2026-05-16T04:17:01.050320,True
1936,1943,PUESTO DE SALUD PAMPA ELERA BAJA,CENTRO DE SALUD EL PARTIDOR,-4.6975701,-80.1474193,-4.7309471,-80.2796964,15.121311162210088,25.8798,25.891666666666666,95,150,10,SUCCESS,OSRM,2026-05-16T04:17:02.588813,True
1936,1978,PUESTO DE SALUD PAMPA ELERA BAJA,CENTRO DE SALUD SAN ISIDRO,-4.6975701,-80.1474193,-4.7939134,-80.2736569,17.619704994371624,34.6992,32.79833333333333,96,150,10,SUCCESS,OSRM,2026-05-16T04:17:04.143144,True
1936,1953,PUESTO DE SALUD PAMPA ELERA BAJA,PUESTO DE SALUD SANTA ANA DE QUIROZ,-4.6975701,-80.1474193,-4.5459096,-80.0738269,18.732824879018093,40.078900000000004,34.43666666666666,97,150,10,SUCCESS,OSRM,2026-05-16T04:17:05.617387,True
1936,1955,PUESTO DE SALUD PAMPA ELERA BAJA,CENTRO DE SALUD SAPILLICA,-4.6975701,-80.1474193,-4.7755217,-79.9819419,20.28279225200735,31.5622,45.57,98,150,10,SUCCESS,OSRM,2026-05-16T04:17:07.131566,True
1936,1959,PUESTO DE SALUD PAMPA ELERA BAJA,CENTRO DE SALUD PAIMAS,-4.6975701,-80.1474193,-4.6248621,-79.9474502,23.59063133940214,60.5754,49.09,99,150,10,SUCCESS,OSRM,2026-05-16T04:17:08.608157,True
1939,1942,PUESTO DE SALUD SAN FRANCISCO DE PAMPA ELERA,PUESTO DE SALUD GARABATOS,-4.6879089,-80.0697998,-4.7089581,-80.0824258,2.726918366923329,3.7769,9.303333333333335,100,150,10,SUCCESS,OSRM,2026-05-16T04:17:10.135484,True
1939,1944,PUESTO DE SALUD SAN FRANCISCO DE PAMPA ELERA,PUESTO SALUD LA MENTA,-4.6879089,-80.0697998,-4.7190508,-80.0971652,4.603050657137459,6.2829,14.201666666666666,101,150,10,SUCCESS,OSRM,2026-05-16T04:17:11.647422,True
1939,1934,PUESTO DE SALUD SAN FRANCISCO DE PAMPA ELERA,PUESTO DE SALUD CHIPILLICO,-4.6879089,-80.0697998,-4.7197242,-80.131394,7.688183056510307,10.0064,16.366666666666667,102,150,10,SUCCESS,OSRM,2026-05-16T04:17:13.162486,True
1939,1936,PUESTO DE SALUD SAN FRANCISCO DE PAMPA ELERA,PUESTO DE SALUD PAMPA ELERA BAJA,-4.6879089,-80.0697998,-4.6975701,-80.1474193,8.668784016506303,11.4323,16.886666666666667,103,150,10,SUCCESS,OSRM,2026-05-16T04:17:14.702893,True
1939,1955,PUESTO DE SALUD SAN FRANCISCO DE PAMPA ELERA,CENTRO DE SALUD SAPILLICA,-4.6879089,-80.0697998,-4.7755217,-79.9819419,13.77313649892983,27.3934,46.126666666666665,104,150,10,SUCCESS,OSRM,2026-05-16T04:17:16.199353,True
1939,1959,PUESTO DE SALUD SAN FRANCISCO DE PAMPA ELERA,CENTRO DE SALUD PAIMAS,-4.6879089,-80.0697998,-4.6248621,-79.9474502,15.264787962885721,72.0077,65.97666666666666,105,150,10,SUCCESS,OSRM,2026-05-16T04:17:17.743174,True
1939,1953,PUESTO DE SALUD SAN FRANCISCO DE PAMPA ELERA,PUESTO DE SALUD SANTA ANA DE QUIROZ,-4.6879089,-80.0697998,-4.5459096,-80.0738269,15.795909049181978,51.511199999999995,51.32333333333334,106,150,10,SUCCESS,OSRM,2026-05-16T04:17:19.252015,True
1939,1932,PUESTO DE SALUD SAN FRANCISCO DE PAMPA ELERA,CENTRO DE SALUD LAS LOMAS,-4.6879089,-80.0697998,-4.660114,-80.2439085,19.54157433719398,28.2271,35.48166666666667,107,150,10,SUCCESS,OSRM,2026-05-16T04:17:20.751887,True
1939,1945,PUESTO DE SALUD SAN FRANCISCO DE PAMPA ELERA,CENTRO DE SALUD SUYO,-4.6879089,-80.0697998,-4.5144784,-80.0023272,20.683867418470857,63.2247,60.18833333333334,108,150,10,SUCCESS,OSRM,2026-05-16T04:17:22.258548,True
1939,1943,PUESTO DE SALUD SAN FRANCISCO DE PAMPA ELERA,CENTRO DE SALUD EL PARTIDOR,-4.6879089,-80.0697998,-4.7309471,-80.2796964,23.747833964689285,37.3121,42.77833333333333,109,150,10,SUCCESS,OSRM,2026-05-16T04:17:23.768742,True
1942,1944,PUESTO DE SALUD GARABATOS,PUESTO SALUD LA MENTA,-4.7089581,-80.0824258,-4.7190508,-80.0971652,1.9817831687022407,2.5061,4.8983333333333325,110,150,10,SUCCESS,OSRM,2026-05-16T04:17:25.291860,True
1942,1939,PUESTO DE SALUD GARABATOS,PUESTO DE SALUD SAN FRANCISCO DE PAMPA ELERA,-4.7089581,-80.0824258,-4.6879089,-80.0697998,2.726918366923329,3.7769,9.253333333333334,111,150,10,SUCCESS,OSRM,2026-05-16T04:17:26.789756,True
1942,1934,PUESTO DE SALUD GARABATOS,PUESTO DE SALUD CHIPILLICO,-4.7089581,-80.0824258,-4.7197242,-80.131394,5.557072712097383,6.9627,11.848333333333333,112,150,10,SUCCESS,OSRM,2026-05-16T04:17:28.333123,True
1942,1936,PUESTO DE SALUD GARABATOS,PUESTO DE SALUD PAMPA ELERA BAJA,-4.7089581,-80.0824258,-4.6975701,-80.1474193,7.313077904053997,10.451799999999999,14.878333333333334,113,150,10,SUCCESS,OSRM,2026-05-16T04:17:29.831671,True
1942,1955,PUESTO DE SALUD GARABATOS,CENTRO DE SALUD SAPILLICA,-4.7089581,-80.0824258,-4.7755217,-79.9819419,13.370566493756286,23.6165,36.82333333333334,114,150,10,SUCCESS,OSRM,2026-05-16T04:17:31.343454,True
1942,1959,PUESTO DE SALUD GARABATOS,CENTRO DE SALUD PAIMAS,-4.7089581,-80.0824258,-4.6248621,-79.9474502,17.64111697343062,71.0272,63.968333333333334,115,150,10,SUCCESS,OSRM,2026-05-16T04:17:32.892756,True
1942,1953,PUESTO DE SALUD GARABATOS,PUESTO DE SALUD SANTA ANA DE QUIROZ,-4.7089581,-80.0824258,-4.5459096,-80.0738269,18.155197565065393,50.5306,49.315000000000005,116,150,10,SUCCESS,OSRM,2026-05-16T04:17:34.400863,True
1942,1932,PUESTO DE SALUD GARABATOS,CENTRO DE SALUD LAS LOMAS,-4.7089581,-80.0824258,-4.660114,-80.2439085,18.702073611519623,27.246599999999997,33.473333333333336,117,150,10,SUCCESS,OSRM,2026-05-16T04:17:35.888523,True
1942,1943,PUESTO DE SALUD GARABATOS,CENTRO DE SALUD EL PARTIDOR,-4.7089581,-80.0824258,-4.7309471,-80.2796964,21.99741165582903,36.3316,40.769999999999996,118,150,10,SUCCESS,OSRM,2026-05-16T04:17:37.405001,True
1942,1978,PUESTO DE SALUD GARABATOS,CENTRO DE SALUD SAN ISIDRO,-4.7089581,-80.0824258,-4.7939134,-80.2736569,23.20108593588838,45.1509,47.67666666666666,119,150,10,SUCCESS,OSRM,2026-05-16T04:17:38.912660,True
1943,1978,CENTRO DE SALUD EL PARTIDOR,CENTRO DE SALUD SAN ISIDRO,-4.7309471,-80.2796964,-4.7939134,-80.2736569,7.0334452654240955,9.665,10.479999999999999,120,150,10,SUCCESS,OSRM,2026-05-16T04:17:40.401719,True
1943,1932,CENTRO DE SALUD EL PARTIDOR,CENTRO DE SALUD LAS LOMAS,-4.7309471,-80.2796964,-4.660114,-80.2439085,8.818479070621429,9.582,8.7,121,150,10,SUCCESS,OSRM,2026-05-16T04:17:41.911437,True
1943,1996,CENTRO DE SALUD EL PARTIDOR,CP3 - SAN MARTIN,-4.7309471,-80.2796964,-4.8426429,-80.342111,14.215742133866803,24.2412,23.636666666666667,122,150,10,SUCCESS,OSRM,2026-05-16T04:17:43.419109,True
1943,1936,CENTRO DE SALUD EL PARTIDOR,PUESTO DE SALUD PAMPA ELERA BAJA,-4.7309471,-80.2796964,-4.6975701,-80.1474193,15.121311162210088,25.8798,25.853333333333335,123,150,10,SUCCESS,OSRM,2026-05-16T04:17:44.925350,True
1943,1934,CENTRO DE SALUD EL PARTIDOR,PUESTO DE SALUD CHIPILLICO,-4.7309471,-80.2796964,-4.7197242,-80.131394,16.481736209916036,32.567299999999996,34.135,124,150,10,SUCCESS,OSRM,2026-05-16T04:17:46.395492,True
1943,1944,CENTRO DE SALUD EL PARTIDOR,PUESTO SALUD LA MENTA,-4.7309471,-80.2796964,-4.7190508,-80.0971652,20.270773570831004,33.8256,35.825,125,150,10,SUCCESS,OSRM,2026-05-16T04:17:47.870694,True
1943,1942,CENTRO DE SALUD EL PARTIDOR,PUESTO DE SALUD GARABATOS,-4.7309471,-80.2796964,-4.7089581,-80.0824258,21.99741165582903,36.3316,40.76833333333333,126,150,10,SUCCESS,OSRM,2026-05-16T04:17:49.372958,True
1943,1988,CENTRO DE SALUD EL PARTIDOR,PUESTO DE SALUD LAS MONICAS,-4.7309471,-80.2796964,-4.9297532,-80.2832763,22.10978799557206,34.193,27.98,127,150,10,SUCCESS,OSRM,2026-05-16T04:17:50.892624,True
1943,1986,CENTRO DE SALUD EL PARTIDOR,PUESTO DE SALUD CHICA ALTA,-4.7309471,-80.2796964,-4.8903579,-80.4146409,23.189871321256472,34.6511,26.158333333333335,128,150,10,SUCCESS,OSRM,2026-05-16T04:17:52.391781,True
1943,1987,CENTRO DE SALUD EL PARTIDOR,PUESTO DE SALUD SINCHI ROCA,-4.7309471,-80.2796964,-4.8903579,-80.4146409,23.189871321256472,34.6511,26.158333333333335,129,150,10,SUCCESS,OSRM,2026-05-16T04:17:53.938525,True
1944,1942,PUESTO SALUD LA MENTA,PUESTO DE SALUD GARABATOS,-4.7190508,-80.0971652,-4.7089581,-80.0824258,1.9817831687022407,2.5061,4.943333333333333,130,150,10,SUCCESS,OSRM,2026-05-16T04:17:55.420537,True
1944,1934,PUESTO SALUD LA MENTA,PUESTO DE SALUD CHIPILLICO,-4.7190508,-80.0971652,-4.7197242,-80.131394,3.793903819142094,4.456600000000001,6.95,131,150,10,SUCCESS,OSRM,2026-05-16T04:17:56.911876,True
1944,1939,PUESTO SALUD LA MENTA,PUESTO DE SALUD SAN FRANCISCO DE PAMPA ELERA,-4.7190508,-80.0971652,-4.6879089,-80.0697998,4.603050657137459,6.2829,14.196666666666665,132,150,10,SUCCESS,OSRM,2026-05-16T04:17:58.393772,True
1944,1936,PUESTO SALUD LA MENTA,PUESTO DE SALUD PAMPA ELERA BAJA,-4.7190508,-80.0971652,-4.6975701,-80.1474193,6.059745321731867,7.9456999999999995,9.979999999999999,133,150,10,SUCCESS,OSRM,2026-05-16T04:17:59.871197,True
1944,1955,PUESTO SALUD LA MENTA,CENTRO DE SALUD SAPILLICA,-4.7190508,-80.0971652,-4.7755217,-79.9819419,14.228795425043018,23.6165,35.598333333333336,134,150,10,SUCCESS,OSRM,2026-05-16T04:18:01.413071,True
1944,1932,PUESTO SALUD LA MENTA,CENTRO DE SALUD LAS LOMAS,-4.7190508,-80.0971652,-4.660114,-80.2439085,17.533294318590276,24.740599999999997,28.575,135,150,10,SUCCESS,OSRM,2026-05-16T04:18:02.923227,True
1944,1953,PUESTO SALUD LA MENTA,PUESTO DE SALUD SANTA ANA DE QUIROZ,-4.7190508,-80.0971652,-4.5459096,-80.0738269,19.425406202239735,48.0246,44.416666666666664,136,150,10,SUCCESS,OSRM,2026-05-16T04:18:04.437409,True
1944,1959,PUESTO SALUD LA MENTA,CENTRO DE SALUD PAIMAS,-4.7190508,-80.0971652,-4.6248621,-79.9474502,19.621221231118845,68.5211,59.07,137,150,10,SUCCESS,OSRM,2026-05-16T04:18:05.959982,True
1944,1943,PUESTO SALUD LA MENTA,CENTRO DE SALUD EL PARTIDOR,-4.7190508,-80.0971652,-4.7309471,-80.2796964,20.270773570831004,33.8256,35.87166666666667,138,150,10,SUCCESS,OSRM,2026-05-16T04:18:07.526574,True
1944,1978,PUESTO SALUD LA MENTA,CENTRO DE SALUD SAN ISIDRO,-4.7190508,-80.0971652,-4.7939134,-80.2736569,21.255265875539827,42.6449,42.77833333333333,139,150,10,SUCCESS,OSRM,2026-05-16T04:18:09.009384,True
1945,1953,CENTRO DE SALUD SUYO,PUESTO DE SALUD SANTA ANA DE QUIROZ,-4.5144784,-80.0023272,-4.5459096,-80.0738269,8.661959585557137,11.7135,8.946666666666665,140,150,10,SUCCESS,OSRM,2026-05-16T04:18:10.529617,True
1945,1959,CENTRO DE SALUD SUYO,CENTRO DE SALUD PAIMAS,-4.5144784,-80.0023272,-4.6248621,-79.9474502,13.69862376512249,36.656699999999994,26.77,141,150,10,SUCCESS,OSRM,2026-05-16T04:18:12.019970,True
1945,1939,CENTRO DE SALUD SUYO,PUESTO DE SALUD SAN FRANCISCO DE PAMPA ELERA,-4.5144784,-80.0023272,-4.6879089,-80.0697998,20.683867418470857,63.2247,60.32666666666667,142,150,10,SUCCESS,OSRM,2026-05-16T04:18:13.526459,True
1945,1942,CENTRO DE SALUD SUYO,PUESTO DE SALUD GARABATOS,-4.5144784,-80.0023272,-4.7089581,-80.0824258,23.376510684204888,62.2442,58.34666666666667,143,150,10,SUCCESS,OSRM,2026-05-16T04:18:15.009427,True
1945,1970,CENTRO DE SALUD SUYO,CENTRO DE SALUD MONTERO,-4.5144784,-80.0023272,-4.6297071,-79.8247958,23.48155994258974,55.6683,57.41,144,150,10,SUCCESS,OSRM,2026-05-16T04:18:16.532998,True
1945,1962,CENTRO DE SALUD SUYO,CENTRO DE SALUD JILILI,-4.5144784,-80.0023272,-4.5839372,-79.7979262,23.937004838435026,66.81989999999999,76.25,145,150,10,SUCCESS,OSRM,2026-05-16T04:18:18.030676,True
1945,1944,CENTRO DE SALUD SUYO,PUESTO SALUD LA MENTA,-4.5144784,-80.0023272,-4.7190508,-80.0971652,25.058568560653462,59.738099999999996,53.40333333333333,146,150,10,SUCCESS,OSRM,2026-05-16T04:18:19.525375,True
1945,1936,CENTRO DE SALUD SUYO,PUESTO DE SALUD PAMPA ELERA BAJA,-4.5144784,-80.0023272,-4.6975701,-80.1474193,25.944069745688893,51.7924,43.431666666666665,147,150,10,SUCCESS,OSRM,2026-05-16T04:18:21.063169,True
1945,1934,CENTRO DE SALUD SUYO,PUESTO DE SALUD CHIPILLICO,-4.5144784,-80.0023272,-4.7197242,-80.131394,26.934918374656267,58.4799,51.71333333333334,148,150,10,SUCCESS,OSRM,2026-05-16T04:18:22.535957,True
1945,1974,CENTRO DE SALUD SUYO,CENTRO DE SALUD SICCHEZ,-4.5144784,-80.0023272,-4.5689777,-79.763774,27.128137424559235,59.3696,85.53833333333334,149,150,10,SUCCESS,OSRM,2026-05-16T04:18:24.035528,True
1953,1945,PUESTO DE SALUD SANTA ANA DE QUIROZ,CENTRO DE SALUD SUYO,-4.5459096,-80.0738269,-4.5144784,-80.0023272,8.661959585557137,11.7135,8.865,150,150,10,SUCCESS,OSRM,2026-05-16T04:18:25.552660,True
1953,1939,PUESTO DE SALUD SANTA ANA DE QUIROZ,PUESTO DE SALUD SAN FRANCISCO DE PAMPA ELERA,-4.5459096,-80.0738269,-4.6879089,-80.0697998,15.795909049181978,51.511199999999995,51.38,151,150,10,SUCCESS,OSRM,2026-05-16T04:18:27.052524,True
1953,1959,PUESTO DE SALUD SANTA ANA DE QUIROZ,CENTRO DE SALUD PAIMAS,-4.5459096,-80.0738269,-4.6248621,-79.9474502,16.53124597865276,24.9432,17.823333333333334,152,150,10,SUCCESS,OSRM,2026-05-16T04:18:28.563309,True
1953,1942,PUESTO DE SALUD SANTA ANA DE QUIROZ,PUESTO DE SALUD GARABATOS,-4.5459096,-80.0738269,-4.7089581,-80.0824258,18.155197565065393,50.5306,49.4,153,150,10,SUCCESS,OSRM,2026-05-16T04:18:30.065424,True
1953,1936,PUESTO DE SALUD SANTA ANA DE QUIROZ,PUESTO DE SALUD PAMPA ELERA BAJA,-4.5459096,-80.0738269,-4.6975701,-80.1474193,18.732824879018093,40.078900000000004,34.485,154,150,10,SUCCESS,OSRM,2026-05-16T04:18:31.569625,True
1953,1944,PUESTO DE SALUD SANTA ANA DE QUIROZ,PUESTO SALUD LA MENTA,-4.5459096,-80.0738269,-4.7190508,-80.0971652,19.425406202239735,48.0246,44.45666666666667,155,150,10,SUCCESS,OSRM,2026-05-16T04:18:33.058468,True
1953,1934,PUESTO DE SALUD SANTA ANA DE QUIROZ,PUESTO DE SALUD CHIPILLICO,-4.5459096,-80.0738269,-4.7197242,-80.131394,20.353186934893387,46.7663,42.766666666666666,156,150,10,SUCCESS,OSRM,2026-05-16T04:18:34.567078,True
1953,1932,PUESTO DE SALUD SANTA ANA DE QUIROZ,CENTRO DE SALUD LAS LOMAS,-4.5459096,-80.0738269,-4.660114,-80.2439085,22.729527681104628,25.112299999999998,18.259999999999998,157,150,10,SUCCESS,OSRM,2026-05-16T04:18:36.058863,True
1953,1955,PUESTO DE SALUD SANTA ANA DE QUIROZ,CENTRO DE SALUD SAPILLICA,-4.5459096,-80.0738269,-4.7755217,-79.9819419,27.48760518254639,68.07889999999999,76.26333333333334,158,150,10,SUCCESS,OSRM,2026-05-16T04:18:37.569410,True
1953,1970,PUESTO DE SALUD SANTA ANA DE QUIROZ,CENTRO DE SALUD MONTERO,-4.5459096,-80.0738269,-4.6297071,-79.8247958,29.1325876229595,43.954800000000006,48.46333333333334,159,150,10,SUCCESS,OSRM,2026-05-16T04:18:39.052007,True
1955,1942,CENTRO DE SALUD SAPILLICA,PUESTO DE SALUD GARABATOS,-4.7755217,-79.9819419,-4.7089581,-80.0824258,13.370566493756286,23.6165,36.88666666666666,160,150,10,SUCCESS,OSRM,2026-05-16T04:18:40.557298,True
1955,1939,CENTRO DE SALUD SAPILLICA,PUESTO DE SALUD SAN FRANCISCO DE PAMPA ELERA,-4.7755217,-79.9819419,-4.6879089,-80.0697998,13.77313649892983,27.3934,46.14,161,150,10,SUCCESS,OSRM,2026-05-16T04:18:42.047819,True
1955,1944,CENTRO DE SALUD SAPILLICA,PUESTO SALUD LA MENTA,-4.7755217,-79.9819419,-4.7190508,-80.0971652,14.228795425043018,23.6165,35.71666666666667,162,150,10,SUCCESS,OSRM,2026-05-16T04:18:43.532043,True
1955,1965,CENTRO DE SALUD SAPILLICA,CENTRO DE SALUD LAGUNAS,-4.7755217,-79.9819419,-4.7893312,-79.8447552,15.278715047644264,50.4109,55.806666666666665,163,150,10,SUCCESS,OSRM,2026-05-16T04:18:44.996256,True
1955,1959,CENTRO DE SALUD SAPILLICA,CENTRO DE SALUD PAIMAS,-4.7755217,-79.9819419,-4.6248621,-79.9474502,17.183125716488174,43.386199999999995,58.72666666666667,164,150,10,SUCCESS,OSRM,2026-05-16T04:18:46.480502,True
1955,1934,CENTRO DE SALUD SAPILLICA,PUESTO DE SALUD CHIPILLICO,-4.7755217,-79.9819419,-4.7197242,-80.131394,17.685335587753496,28.0731,42.666666666666664,165,150,10,SUCCESS,OSRM,2026-05-16T04:18:47.990081,True
1955,1936,CENTRO DE SALUD SAPILLICA,PUESTO DE SALUD PAMPA ELERA BAJA,-4.7755217,-79.9819419,-4.6975701,-80.1474193,20.28279225200735,31.5622,45.69666666666667,166,150,10,SUCCESS,OSRM,2026-05-16T04:18:49.471756,True
1955,1970,CENTRO DE SALUD SAPILLICA,CENTRO DE SALUD MONTERO,-4.7755217,-79.9819419,-4.6297071,-79.8247958,23.794362537331754,62.3977,89.56833333333334,167,150,10,SUCCESS,OSRM,2026-05-16T04:18:50.971066,True
1955,1953,CENTRO DE SALUD SAPILLICA,PUESTO DE SALUD SANTA ANA DE QUIROZ,-4.7755217,-79.9819419,-4.5459096,-80.0738269,27.48760518254639,68.0806,76.18166666666666,168,150,10,SUCCESS,OSRM,2026-05-16T04:18:52.539045,True
1955,1945,CENTRO DE SALUD SAPILLICA,CENTRO DE SALUD SUYO,-4.7755217,-79.9819419,-4.5144784,-80.0023272,29.114484038976837,79.7941,85.04666666666667,169,150,10,SUCCESS,OSRM,2026-05-16T04:18:54.049255,True
1959,1970,CENTRO DE SALUD PAIMAS,CENTRO DE SALUD MONTERO,-4.6248621,-79.9474502,-4.6297071,-79.8247958,13.604764200350077,19.4522,31.581666666666667,170,150,10,SUCCESS,OSRM,2026-05-16T04:18:55.613392,True
1959,1945,CENTRO DE SALUD PAIMAS,CENTRO DE SALUD SUYO,-4.6248621,-79.9474502,-4.5144784,-80.0023272,13.69862376512249,36.408,26.32,171,150,10,SUCCESS,OSRM,2026-05-16T04:18:57.152991,True
1959,1939,CENTRO DE SALUD PAIMAS,PUESTO DE SALUD SAN FRANCISCO DE PAMPA ELERA,-4.6248621,-79.9474502,-4.6879089,-80.0697998,15.264787962885721,71.7589,65.71833333333333,172,150,10,SUCCESS,OSRM,2026-05-16T04:18:58.701946,True
1959,1953,CENTRO DE SALUD PAIMAS,PUESTO DE SALUD SANTA ANA DE QUIROZ,-4.6248621,-79.9474502,-4.5459096,-80.0738269,16.53124597865276,24.6944,17.455,173,150,10,SUCCESS,OSRM,2026-05-16T04:19:00.192952,True
1959,1955,CENTRO DE SALUD PAIMAS,CENTRO DE SALUD SAPILLICA,-4.6248621,-79.9474502,-4.7755217,-79.9819419,17.183125716488174,43.5763,59.38166666666667,174,150,10,SUCCESS,OSRM,2026-05-16T04:19:01.689727,True
1959,1962,CENTRO DE SALUD PAIMAS,CENTRO DE SALUD JILILI,-4.6248621,-79.9474502,-4.5839372,-79.7979262,17.186073742546995,30.6038,50.42166666666667,175,150,10,SUCCESS,OSRM,2026-05-16T04:19:03.195239,True
1959,1942,CENTRO DE SALUD PAIMAS,PUESTO DE SALUD GARABATOS,-4.6248621,-79.9474502,-4.7089581,-80.0824258,17.64111697343062,70.77839999999999,63.73833333333334,176,150,10,SUCCESS,OSRM,2026-05-16T04:19:04.672392,True
1959,1944,CENTRO DE SALUD PAIMAS,PUESTO SALUD LA MENTA,-4.6248621,-79.9474502,-4.7190508,-80.0971652,19.621221231118845,68.27239999999999,58.794999999999995,177,150,10,SUCCESS,OSRM,2026-05-16T04:19:06.184858,True
1959,1974,CENTRO DE SALUD PAIMAS,CENTRO DE SALUD SICCHEZ,-4.6248621,-79.9474502,-4.5689777,-79.763774,21.285424178543142,44.3901,71.41833333333334,178,150,10,SUCCESS,OSRM,2026-05-16T04:19:07.675713,True
1959,1965,CENTRO DE SALUD PAIMAS,CENTRO DE SALUD LAGUNAS,-4.6248621,-79.9474502,-4.7893312,-79.8447552,21.54007327625744,41.6699,40.098333333333336,179,150,10,SUCCESS,OSRM,2026-05-16T04:19:09.188885,True
1962,1974,CENTRO DE SALUD JILILI,CENTRO DE SALUD SICCHEZ,-4.5839372,-79.7979262,-4.5689777,-79.763774,4.134797772338003,13.9599,21.53166666666667,180,150,10,SUCCESS,OSRM,2026-05-16T04:19:10.711444,True
1962,1970,CENTRO DE SALUD JILILI,CENTRO DE SALUD MONTERO,-4.5839372,-79.7979262,-4.6297071,-79.8247958,5.89668877410336,11.1516,18.816666666666666,181,150,10,SUCCESS,OSRM,2026-05-16T04:19:12.204440,True
1962,1911,CENTRO DE SALUD JILILI,CENTRO DE SALUD AYABACA,-4.5839372,-79.7979262,-4.6359601,-79.7138753,10.965703384297331,27.8108,44.7,182,150,10,SUCCESS,OSRM,2026-05-16T04:19:13.679650,True
1962,1916,CENTRO DE SALUD JILILI,PUESTO DE SALUD CHOCAN,-4.5839372,-79.7979262,-4.5649483,-79.6841993,12.781186812648949,41.6089,62.97833333333333,183,150,10,SUCCESS,OSRM,2026-05-16T04:19:15.185338,True
1962,1923,CENTRO DE SALUD JILILI,PUESTO DE SALUD HUIRIQUINGUE,-4.5839372,-79.7979262,-4.5649483,-79.6841993,12.781186812648949,41.6089,62.97833333333333,184,150,10,SUCCESS,OSRM,2026-05-16T04:19:16.709474,True
1962,10726,CENTRO DE SALUD JILILI,PUESTO DE SALUD JORAS,-4.5839372,-79.7979262,-4.5649483,-79.6841993,12.781186812648949,41.6089,62.97833333333333,185,150,10,SUCCESS,OSRM,2026-05-16T04:19:18.261950,True
1962,10727,CENTRO DE SALUD JILILI,PUESTO DE SALUD SOCCHABAMBA,-4.5839372,-79.7979262,-4.6045211,-79.666442,14.752040719242974,43.305,55.62166666666667,186,150,10,SUCCESS,OSRM,2026-05-16T04:19:19.756339,True
1962,1959,CENTRO DE SALUD JILILI,CENTRO DE SALUD PAIMAS,-4.5839372,-79.7979262,-4.6248621,-79.9474502,17.186073742546995,30.403299999999998,49.71333333333334,187,150,10,SUCCESS,OSRM,2026-05-16T04:19:21.230191,True
1962,19837,CENTRO DE SALUD JILILI,PUESTO DE SALUD RODEOPAMPA,-4.5839372,-79.7979262,-4.6732321,-79.6184916,22.228054021158776,66.4518,74.88166666666666,188,150,10,SUCCESS,OSRM,2026-05-16T04:19:22.731891,True
1962,1965,CENTRO DE SALUD JILILI,CENTRO DE SALUD LAGUNAS,-4.5839372,-79.7979262,-4.7893312,-79.8447552,23.42099038357323,62.8019,82.7,189,150,10,SUCCESS,OSRM,2026-05-16T04:19:24.274867,True
1965,1955,CENTRO DE SALUD LAGUNAS,CENTRO DE SALUD SAPILLICA,-4.7893312,-79.8447552,-4.7755217,-79.9819419,15.278715047644264,50.4109,55.905,190,150,10,SUCCESS,OSRM,2026-05-16T04:19:25.820814,True
1965,1970,CENTRO DE SALUD LAGUNAS,CENTRO DE SALUD MONTERO,-4.7893312,-79.8447552,-4.6297071,-79.8247958,17.886679581639157,51.6503,63.848333333333336,191,150,10,SUCCESS,OSRM,2026-05-16T04:19:27.350179,True
1965,1959,CENTRO DE SALUD LAGUNAS,CENTRO DE SALUD PAIMAS,-4.7893312,-79.8447552,-4.6248621,-79.9474502,21.54007327625744,41.4694,39.475,192,150,10,SUCCESS,OSRM,2026-05-16T04:19:28.844245,True
1965,1911,CENTRO DE SALUD LAGUNAS,CENTRO DE SALUD AYABACA,-4.7893312,-79.8447552,-4.6359601,-79.7138753,22.38765842795392,67.61930000000001,58.27166666666667,193,150,10,SUCCESS,OSRM,2026-05-16T04:19:30.332640,True
1965,1962,CENTRO DE SALUD LAGUNAS,CENTRO DE SALUD JILILI,-4.7893312,-79.8447552,-4.5839372,-79.7979262,23.42099038357323,62.8019,82.68833333333333,194,150,10,SUCCESS,OSRM,2026-05-16T04:19:31.813957,True
1965,1974,CENTRO DE SALUD LAGUNAS,CENTRO DE SALUD SICCHEZ,-4.7893312,-79.8447552,-4.5689777,-79.763774,26.094104401670847,92.495,93.21166666666666,195,150,10,SUCCESS,OSRM,2026-05-16T04:19:33.341963,True
1965,19125,CENTRO DE SALUD LAGUNAS,PUESTO DE SALUD HUALCUY,-4.7893312,-79.8447552,-4.7479412,-79.6118811,26.211993620180756,114.7783,92.225,196,150,10,SUCCESS,OSRM,2026-05-16T04:19:34.829188,True
1965,1939,CENTRO DE SALUD LAGUNAS,PUESTO DE SALUD SAN FRANCISCO DE PAMPA ELERA,-4.7893312,-79.8447552,-4.6879089,-80.0697998,27.369748819517454,77.648,101.35166666666667,197,150,10,SUCCESS,OSRM,2026-05-16T04:19:36.379798,True
1965,1942,CENTRO DE SALUD LAGUNAS,PUESTO DE SALUD GARABATOS,-4.7893312,-79.8447552,-4.7089581,-80.0824258,27.812057129388087,73.8712,92.09833333333333,198,150,10,SUCCESS,OSRM,2026-05-16T04:19:37.867445,True
1965,19837,CENTRO DE SALUD LAGUNAS,PUESTO DE SALUD RODEOPAMPA,-4.7893312,-79.8447552,-4.6732321,-79.6184916,28.20186986158339,106.2603,88.45333333333333,199,150,10,SUCCESS,OSRM,2026-05-16T04:19:39.385994,True
1970,1962,CENTRO DE SALUD MONTERO,CENTRO DE SALUD JILILI,-4.6297071,-79.8247958,-4.5839372,-79.7979262,5.89668877410336,11.1516,18.84,200,150,10,SUCCESS,OSRM,2026-05-16T04:19:40.903850,True
1970,1974,CENTRO DE SALUD MONTERO,CENTRO DE SALUD SICCHEZ,-4.6297071,-79.8247958,-4.5689777,-79.763774,9.557445859644448,24.938,39.836666666666666,201,150,10,SUCCESS,OSRM,2026-05-16T04:19:42.432483,True
1970,1911,CENTRO DE SALUD MONTERO,CENTRO DE SALUD AYABACA,-4.6297071,-79.8247958,-4.6359601,-79.7138753,12.313146239843503,24.4976,38.38666666666666,202,150,10,SUCCESS,OSRM,2026-05-16T04:19:43.900488,True
1970,1959,CENTRO DE SALUD MONTERO,CENTRO DE SALUD PAIMAS,-4.6297071,-79.8247958,-4.6248621,-79.9474502,13.604764200350077,19.2517,30.896666666666665,203,150,10,SUCCESS,OSRM,2026-05-16T04:19:45.388389,True
1970,1916,CENTRO DE SALUD MONTERO,PUESTO DE SALUD CHOCAN,-4.6297071,-79.8247958,-4.5649483,-79.6841993,17.166596033923163,39.068,57.47833333333333,204,150,10,SUCCESS,OSRM,2026-05-16T04:19:46.859261,True
1970,1923,CENTRO DE SALUD MONTERO,PUESTO DE SALUD HUIRIQUINGUE,-4.6297071,-79.8247958,-4.5649483,-79.6841993,17.166596033923163,39.068,57.47833333333333,205,150,10,SUCCESS,OSRM,2026-05-16T04:19:48.339234,True
1970,10726,CENTRO DE SALUD MONTERO,PUESTO DE SALUD JORAS,-4.6297071,-79.8247958,-4.5649483,-79.6841993,17.166596033923163,39.068,57.47833333333333,206,150,10,SUCCESS,OSRM,2026-05-16T04:19:49.810587,True
1970,10727,CENTRO DE SALUD MONTERO,PUESTO DE SALUD SOCCHABAMBA,-4.6297071,-79.8247958,-4.6045211,-79.666442,17.77303173955623,39.9919,49.30833333333333,207,150,10,SUCCESS,OSRM,2026-05-16T04:19:51.296009,True
1970,1965,CENTRO DE SALUD MONTERO,CENTRO DE SALUD LAGUNAS,-4.6297071,-79.8247958,-4.7893312,-79.8447552,17.886679581639157,51.6503,63.88333333333333,208,150,10,SUCCESS,OSRM,2026-05-16T04:19:52.855897,True
1970,19837,CENTRO DE SALUD MONTERO,PUESTO DE SALUD RODEOPAMPA,-4.6297071,-79.8247958,-4.6732321,-79.6184916,23.371033703991014,63.1387,68.56833333333334,209,150,10,SUCCESS,OSRM,2026-05-16T04:19:54.329726,True
1974,1962,CENTRO DE SALUD SICCHEZ,CENTRO DE SALUD JILILI,-4.5689777,-79.763774,-4.5839372,-79.7979262,4.134797772338003,13.9599,21.470000000000002,210,150,10,SUCCESS,OSRM,2026-05-16T04:19:55.811460,True
1974,1916,CENTRO DE SALUD SICCHEZ,PUESTO DE SALUD CHOCAN,-4.5689777,-79.763774,-4.5649483,-79.6841993,8.831581826875537,27.950400000000002,42.445,211,150,10,SUCCESS,OSRM,2026-05-16T04:19:57.310253,True
1974,1923,CENTRO DE SALUD SICCHEZ,PUESTO DE SALUD HUIRIQUINGUE,-4.5689777,-79.763774,-4.5649483,-79.6841993,8.831581826875537,27.950400000000002,42.445,212,150,10,SUCCESS,OSRM,2026-05-16T04:19:58.781432,True
1974,10726,CENTRO DE SALUD SICCHEZ,PUESTO DE SALUD JORAS,-4.5689777,-79.763774,-4.5649483,-79.6841993,8.831581826875537,27.950400000000002,42.445,213,150,10,SUCCESS,OSRM,2026-05-16T04:20:00.269057,True
1974,1911,CENTRO DE SALUD SICCHEZ,CENTRO DE SALUD AYABACA,-4.5689777,-79.763774,-4.6359601,-79.7138753,9.276942913448414,24.989900000000002,35.30333333333333,214,150,10,SUCCESS,OSRM,2026-05-16T04:20:01.785444,True
1974,1970,CENTRO DE SALUD SICCHEZ,CENTRO DE SALUD MONTERO,-4.5689777,-79.763774,-4.6297071,-79.8247958,9.557445859644448,24.938,39.8,215,150,10,SUCCESS,OSRM,2026-05-16T04:20:03.305829,True
1974,10727,CENTRO DE SALUD SICCHEZ,PUESTO DE SALUD SOCCHABAMBA,-4.5689777,-79.763774,-4.6045211,-79.666442,11.489330369930785,33.531800000000004,41.36333333333334,216,150,10,SUCCESS,OSRM,2026-05-16T04:20:04.797729,True
1974,19837,CENTRO DE SALUD SICCHEZ,PUESTO DE SALUD RODEOPAMPA,-4.5689777,-79.763774,-4.6732321,-79.6184916,19.841034747855105,56.678599999999996,60.623333333333335,217,150,10,SUCCESS,OSRM,2026-05-16T04:20:06.295004,True
1974,1959,CENTRO DE SALUD SICCHEZ,CENTRO DE SALUD PAIMAS,-4.5689777,-79.763774,-4.6248621,-79.9474502,21.285424178543142,44.1896,70.69666666666667,218,150,10,SUCCESS,OSRM,2026-05-16T04:20:07.774489,True
1974,1921,CENTRO DE SALUD SICCHEZ,PUESTO DE SALUD REMOLINOS,-4.5689777,-79.763774,-4.4917343,-79.5851453,21.58318311591101,63.5908,66.77,219,150,10,SUCCESS,OSRM,2026-05-16T04:20:09.249645,True
1977,1988,CENTRO DE SALUD TAMBOGRANDE,PUESTO DE SALUD LAS MONICAS,-4.9348207,-80.3415011,-4.9297532,-80.2832763,6.4748932005902455,8.1154,8.853333333333333,220,150,10,SUCCESS,OSRM,2026-05-16T04:20:10.752222,True
1977,1986,CENTRO DE SALUD TAMBOGRANDE,PUESTO DE SALUD CHICA ALTA,-4.9348207,-80.3415011,-4.8903579,-80.4146409,9.492127161962925,12.7741,10.663333333333332,221,150,10,SUCCESS,OSRM,2026-05-16T04:20:12.239659,True
1977,1987,CENTRO DE SALUD TAMBOGRANDE,PUESTO DE SALUD SINCHI ROCA,-4.9348207,-80.3415011,-4.8903579,-80.4146409,9.492127161962925,12.7741,10.663333333333332,222,150,10,SUCCESS,OSRM,2026-05-16T04:20:13.746906,True
1977,1996,CENTRO DE SALUD TAMBOGRANDE,CP3 - SAN MARTIN,-4.9348207,-80.3415011,-4.8426429,-80.342111,10.249926437590567,15.662700000000001,17.581666666666667,223,150,10,SUCCESS,OSRM,2026-05-16T04:20:15.243029,True
1977,1978,CENTRO DE SALUD TAMBOGRANDE,CENTRO DE SALUD SAN ISIDRO,-4.9348207,-80.3415011,-4.7939134,-80.2736569,17.377957539610684,21.8352,19.521666666666665,224,150,10,SUCCESS,OSRM,2026-05-16T04:20:16.725647,True
1977,1943,CENTRO DE SALUD TAMBOGRANDE,CENTRO DE SALUD EL PARTIDOR,-4.9348207,-80.3415011,-4.7309471,-80.2796964,23.68142567365843,27.6109,22.613333333333333,225,150,10,SUCCESS,OSRM,2026-05-16T04:20:18.266996,True
1977,1932,CENTRO DE SALUD TAMBOGRANDE,CENTRO DE SALUD LAS LOMAS,-4.9348207,-80.3415011,-4.660114,-80.2439085,32.40363048839336,36.347300000000004,27.636666666666667,226,150,10,SUCCESS,OSRM,2026-05-16T04:20:19.751237,True
1977,1934,CENTRO DE SALUD TAMBOGRANDE,PUESTO DE SALUD CHIPILLICO,-4.9348207,-80.3415011,-4.7197242,-80.131394,33.37678830995302,59.3326,53.07166666666667,227,150,10,SUCCESS,OSRM,2026-05-16T04:20:21.236169,True
1977,1936,CENTRO DE SALUD TAMBOGRANDE,PUESTO DE SALUD PAMPA ELERA BAJA,-4.9348207,-80.3415011,-4.6975701,-80.1474193,34.03545927346565,52.6451,44.79,228,150,10,SUCCESS,OSRM,2026-05-16T04:20:22.743437,True
1977,2052,CENTRO DE SALUD TAMBOGRANDE,PUESTO DE SALUD SAN FRANCISCO DE CHOCAN,-4.9348207,-80.3415011,-4.7852623,-80.6101357,34.09430045439966,66.1961,50.43333333333333,229,150,10,SUCCESS,OSRM,2026-05-16T04:20:24.220583,True
1978,1943,CENTRO DE SALUD SAN ISIDRO,CENTRO DE SALUD EL PARTIDOR,-4.7939134,-80.2736569,-4.7309471,-80.2796964,7.0334452654240955,9.665,10.551666666666668,230,150,10,SUCCESS,OSRM,2026-05-16T04:20:25.719741,True
1978,1996,CENTRO DE SALUD SAN ISIDRO,CP3 - SAN MARTIN,-4.7939134,-80.2736569,-4.8426429,-80.342111,9.321469363745171,18.465400000000002,20.695,231,150,10,SUCCESS,OSRM,2026-05-16T04:20:27.237502,True
1978,1988,CENTRO DE SALUD SAN ISIDRO,PUESTO DE SALUD LAS MONICAS,-4.7939134,-80.2736569,-4.9297532,-80.2832763,15.142250347223218,28.4172,25.038333333333334,232,150,10,SUCCESS,OSRM,2026-05-16T04:20:28.725860,True
1978,1932,CENTRO DE SALUD SAN ISIDRO,CENTRO DE SALUD LAS LOMAS,-4.7939134,-80.2736569,-4.660114,-80.2439085,15.238669926276405,18.4013,15.575,233,150,10,SUCCESS,OSRM,2026-05-16T04:20:30.190334,True
1978,1977,CENTRO DE SALUD SAN ISIDRO,CENTRO DE SALUD TAMBOGRANDE,-4.7939134,-80.2736569,-4.9348207,-80.3415011,17.377957539610684,22.0535,19.773333333333333,234,150,10,SUCCESS,OSRM,2026-05-16T04:20:31.666336,True
1978,1936,CENTRO DE SALUD SAN ISIDRO,PUESTO DE SALUD PAMPA ELERA BAJA,-4.7939134,-80.2736569,-4.6975701,-80.1474193,17.619704994371624,34.6992,32.72833333333333,235,150,10,SUCCESS,OSRM,2026-05-16T04:20:33.143145,True
1978,1934,CENTRO DE SALUD SAN ISIDRO,PUESTO DE SALUD CHIPILLICO,-4.7939134,-80.2736569,-4.7197242,-80.131394,17.792435108261618,41.3866,41.01,236,150,10,SUCCESS,OSRM,2026-05-16T04:20:34.609726,True
1978,1986,CENTRO DE SALUD SAN ISIDRO,PUESTO DE SALUD CHICA ALTA,-4.7939134,-80.2736569,-4.8903579,-80.4146409,18.94769442573059,28.8753,23.216666666666665,237,150,10,SUCCESS,OSRM,2026-05-16T04:20:36.136548,True
1978,1987,CENTRO DE SALUD SAN ISIDRO,PUESTO DE SALUD SINCHI ROCA,-4.7939134,-80.2736569,-4.8903579,-80.4146409,18.94769442573059,28.8753,23.216666666666665,238,150,10,SUCCESS,OSRM,2026-05-16T04:20:37.620653,True
1978,1944,CENTRO DE SALUD SAN ISIDRO,PUESTO SALUD LA MENTA,-4.7939134,-80.2736569,-4.7190508,-80.0971652,21.255265875539827,42.6449,42.7,239,150,10,SUCCESS,OSRM,2026-05-16T04:20:39.104266,True
1986,1987,PUESTO DE SALUD CHICA ALTA,PUESTO DE SALUD SINCHI ROCA,-4.8903579,-80.4146409,-4.8903579,-80.4146409,0.0,0.0,0.0,240,150,10,SUCCESS,OSRM,2026-05-16T04:20:40.599807,True
1986,1977,PUESTO DE SALUD CHICA ALTA,CENTRO DE SALUD TAMBOGRANDE,-4.8903579,-80.4146409,-4.9348207,-80.3415011,9.492127161962925,12.9775,10.828333333333335,241,150,10,SUCCESS,OSRM,2026-05-16T04:20:42.081932,True
1986,1996,PUESTO DE SALUD CHICA ALTA,CP3 - SAN MARTIN,-4.8903579,-80.4146409,-4.8426429,-80.342111,9.629408453928502,22.755200000000002,21.328333333333333,242,150,10,SUCCESS,OSRM,2026-05-16T04:20:43.565509,True
1986,1988,PUESTO DE SALUD CHICA ALTA,PUESTO DE SALUD LAS MONICAS,-4.8903579,-80.4146409,-4.9297532,-80.2832763,15.198449280190378,19.341099999999997,16.093333333333334,243,150,10,SUCCESS,OSRM,2026-05-16T04:20:45.071462,True
1986,1978,PUESTO DE SALUD CHICA ALTA,CENTRO DE SALUD SAN ISIDRO,-4.8903579,-80.4146409,-4.7939134,-80.2736569,18.94769442573059,28.9277,23.26833333333333,244,150,10,SUCCESS,OSRM,2026-05-16T04:20:46.561193,True
1986,1943,PUESTO DE SALUD CHICA ALTA,CENTRO DE SALUD EL PARTIDOR,-4.8903579,-80.4146409,-4.7309471,-80.2796964,23.189871321256472,34.7034,26.36,245,150,10,SUCCESS,OSRM,2026-05-16T04:20:48.066252,True
1986,2052,PUESTO DE SALUD CHICA ALTA,PUESTO DE SALUD SAN FRANCISCO DE CHOCAN,-4.8903579,-80.4146409,-4.7852623,-80.6101357,24.611902538984438,53.493300000000005,40.013333333333335,246,150,10,SUCCESS,OSRM,2026-05-16T04:20:49.595791,True
1986,2056,PUESTO DE SALUD CHICA ALTA,PUESTO DE SALUD PUENTE DE LOS SERRANOS,-4.8903579,-80.4146409,-4.7852623,-80.6101357,24.611902538984438,53.493300000000005,40.013333333333335,247,150,10,SUCCESS,OSRM,2026-05-16T04:20:51.134333,True
1986,2065,PUESTO DE SALUD CHICA ALTA,PUESTO DE SALUD EL ALAMOR,-4.8903579,-80.4146409,-4.7852623,-80.6101357,24.611902538984438,53.493300000000005,40.013333333333335,248,150,10,SUCCESS,OSRM,2026-05-16T04:20:52.611824,True
1986,2050,PUESTO DE SALUD CHICA ALTA,CENTRO DE SALUD QUERECOTILLO,-4.8903579,-80.4146409,-4.8378896,-80.6471156,26.409399515199283,46.5746,35.663333333333334,249,150,10,SUCCESS,OSRM,2026-05-16T04:20:54.149118,True
1987,1986,PUESTO DE SALUD SINCHI ROCA,PUESTO DE SALUD CHICA ALTA,-4.8903579,-80.4146409,-4.8903579,-80.4146409,0.0,0.0,0.0,250,150,10,SUCCESS,OSRM,2026-05-16T04:20:55.656491,True
1987,1977,PUESTO DE SALUD SINCHI ROCA,CENTRO DE SALUD TAMBOGRANDE,-4.8903579,-80.4146409,-4.9348207,-80.3415011,9.492127161962925,12.9775,10.828333333333335,251,150,10,SUCCESS,OSRM,2026-05-16T04:20:57.388309,True
1987,1996,PUESTO DE SALUD SINCHI ROCA,CP3 - SAN MARTIN,-4.8903579,-80.4146409,-4.8426429,-80.342111,9.629408453928502,22.755200000000002,21.328333333333333,252,150,10,SUCCESS,OSRM,2026-05-16T04:20:59.024234,True
1987,1988,PUESTO DE SALUD SINCHI ROCA,PUESTO DE SALUD LAS MONICAS,-4.8903579,-80.4146409,-4.9297532,-80.2832763,15.198449280190378,19.341099999999997,16.093333333333334,253,150,10,SUCCESS,OSRM,2026-05-16T04:21:00.665751,True
1987,1978,PUESTO DE SALUD SINCHI ROCA,CENTRO DE SALUD SAN ISIDRO,-4.8903579,-80.4146409,-4.7939134,-80.2736569,18.94769442573059,28.9277,23.26833333333333,254,150,10,SUCCESS,OSRM,2026-05-16T04:21:02.300114,True
1987,1943,PUESTO DE SALUD SINCHI ROCA,CENTRO DE SALUD EL PARTIDOR,-4.8903579,-80.4146409,-4.7309471,-80.2796964,23.189871321256472,34.7034,26.36,255,150,10,SUCCESS,OSRM,2026-05-16T04:21:03.940865,True
1987,2052,PUESTO DE SALUD SINCHI ROCA,PUESTO DE SALUD SAN FRANCISCO DE CHOCAN,-4.8903579,-80.4146409,-4.7852623,-80.6101357,24.611902538984438,53.493300000000005,40.013333333333335,256,150,10,SUCCESS,OSRM,2026-05-16T04:21:05.577710,True
1987,2056,PUESTO DE SALUD SINCHI ROCA,PUESTO DE SALUD PUENTE DE LOS SERRANOS,-4.8903579,-80.4146409,-4.7852623,-80.6101357,24.611902538984438,53.493300000000005,40.013333333333335,257,150,10,SUCCESS,OSRM,2026-05-16T04:21:07.218632,True
1987,2065,PUESTO DE SALUD SINCHI ROCA,PUESTO DE SALUD EL ALAMOR,-4.8903579,-80.4146409,-4.7852623,-80.6101357,24.611902538984438,53.493300000000005,40.013333333333335,258,150,10,SUCCESS,OSRM,2026-05-16T04:21:08.706344,True
1987,2050,PUESTO DE SALUD SINCHI ROCA,CENTRO DE SALUD QUERECOTILLO,-4.8903579,-80.4146409,-4.8378896,-80.6471156,26.409399515199283,46.5746,35.663333333333334,259,150,10,SUCCESS,OSRM,2026-05-16T04:21:10.288406,True
1988,1977,PUESTO DE SALUD LAS MONICAS,CENTRO DE SALUD TAMBOGRANDE,-4.9297532,-80.2832763,-4.9348207,-80.3415011,6.4748932005902455,8.047699999999999,9.101666666666667,260,150,10,SUCCESS,OSRM,2026-05-16T04:21:11.960956,True
1988,1996,PUESTO DE SALUD LAS MONICAS,CP3 - SAN MARTIN,-4.9297532,-80.2832763,-4.8426429,-80.342111,11.675261798190004,22.1973,23.02,261,150,10,SUCCESS,OSRM,2026-05-16T04:21:13.565422,True
1988,1978,PUESTO DE SALUD LAS MONICAS,CENTRO DE SALUD SAN ISIDRO,-4.9297532,-80.2832763,-4.7939134,-80.2736569,15.142250347223218,28.369799999999998,24.959999999999997,262,150,10,SUCCESS,OSRM,2026-05-16T04:21:15.081939,True
1988,1986,PUESTO DE SALUD LAS MONICAS,PUESTO DE SALUD CHICA ALTA,-4.9297532,-80.2832763,-4.8903579,-80.4146409,15.198449280190378,19.3087,16.101666666666667,263,150,10,SUCCESS,OSRM,2026-05-16T04:21:16.596172,True
1988,1987,PUESTO DE SALUD LAS MONICAS,PUESTO DE SALUD SINCHI ROCA,-4.9297532,-80.2832763,-4.8903579,-80.4146409,15.198449280190378,19.3087,16.101666666666667,264,150,10,SUCCESS,OSRM,2026-05-16T04:21:18.170702,True
1988,1943,PUESTO DE SALUD LAS MONICAS,CENTRO DE SALUD EL PARTIDOR,-4.9297532,-80.2832763,-4.7309471,-80.2796964,22.10978799557206,34.1456,28.051666666666666,265,150,10,SUCCESS,OSRM,2026-05-16T04:21:19.810931,True
1988,1934,PUESTO DE SALUD LAS MONICAS,PUESTO DE SALUD CHIPILLICO,-4.9297532,-80.2832763,-4.7197242,-80.131394,28.78578708492482,65.8673,58.51,266,150,10,SUCCESS,OSRM,2026-05-16T04:21:21.447249,True
1988,1936,PUESTO DE SALUD LAS MONICAS,PUESTO DE SALUD PAMPA ELERA BAJA,-4.9297532,-80.2832763,-4.6975701,-80.1474193,29.88561352331463,59.1798,50.22833333333333,267,150,10,SUCCESS,OSRM,2026-05-16T04:21:22.984846,True
1988,1932,PUESTO DE SALUD LAS MONICAS,CENTRO DE SALUD LAS LOMAS,-4.9297532,-80.2832763,-4.660114,-80.2439085,30.29817723639069,42.8819,33.075,268,150,10,SUCCESS,OSRM,2026-05-16T04:21:24.625824,True
1988,1944,PUESTO DE SALUD LAS MONICAS,PUESTO SALUD LA MENTA,-4.9297532,-80.2832763,-4.7190508,-80.0971652,31.211488294603285,67.1255,60.2,269,150,10,SUCCESS,OSRM,2026-05-16T04:21:26.193520,True
1996,1978,CP3 - SAN MARTIN,CENTRO DE SALUD SAN ISIDRO,-4.8426429,-80.342111,-4.7939134,-80.2736569,9.321469363745171,18.4674,20.721666666666668,270,150,10,SUCCESS,OSRM,2026-05-16T04:21:27.717281,True
1996,1986,CP3 - SAN MARTIN,PUESTO DE SALUD CHICA ALTA,-4.8426429,-80.342111,-4.8903579,-80.4146409,9.629408453928502,22.7048,21.198333333333334,271,150,10,SUCCESS,OSRM,2026-05-16T04:21:29.237795,True
1996,1987,CP3 - SAN MARTIN,PUESTO DE SALUD SINCHI ROCA,-4.8426429,-80.342111,-4.8903579,-80.4146409,9.629408453928502,22.7048,21.198333333333334,272,150,10,SUCCESS,OSRM,2026-05-16T04:21:30.768189,True
1996,1977,CP3 - SAN MARTIN,CENTRO DE SALUD TAMBOGRANDE,-4.8426429,-80.342111,-4.9348207,-80.3415011,10.249926437590567,15.8831,17.755,273,150,10,SUCCESS,OSRM,2026-05-16T04:21:32.353472,True
1996,1988,CP3 - SAN MARTIN,PUESTO DE SALUD LAS MONICAS,-4.8426429,-80.342111,-4.9297532,-80.2832763,11.675261798190004,22.2467,23.02,274,150,10,SUCCESS,OSRM,2026-05-16T04:21:33.994080,True
1996,1943,CP3 - SAN MARTIN,CENTRO DE SALUD EL PARTIDOR,-4.8426429,-80.342111,-4.7309471,-80.2796964,14.215742133866803,24.2432,23.813333333333333,275,150,10,SUCCESS,OSRM,2026-05-16T04:21:35.682683,True
1996,1932,CP3 - SAN MARTIN,CENTRO DE SALUD LAS LOMAS,-4.8426429,-80.342111,-4.660114,-80.2439085,23.029528286213147,32.9795,28.836666666666666,276,150,10,SUCCESS,OSRM,2026-05-16T04:21:37.322098,True
1996,1936,CP3 - SAN MARTIN,PUESTO DE SALUD PAMPA ELERA BAJA,-4.8426429,-80.342111,-4.6975701,-80.1474193,26.93783639931976,49.2774,45.99,277,150,10,SUCCESS,OSRM,2026-05-16T04:21:38.959894,True
1996,1934,CP3 - SAN MARTIN,PUESTO DE SALUD CHIPILLICO,-4.8426429,-80.342111,-4.7197242,-80.131394,27.055389369117798,55.9649,54.27166666666667,278,150,10,SUCCESS,OSRM,2026-05-16T04:21:40.609213,True
1996,2052,CP3 - SAN MARTIN,PUESTO DE SALUD SAN FRANCISCO DE CHOCAN,-4.8426429,-80.342111,-4.7852623,-80.6101357,30.375523643220895,76.1268,60.968333333333334,279,150,10,SUCCESS,OSRM,2026-05-16T04:21:42.240204,True
2001,2011,CENTRO DE SALUD BELLAVISTA,CENTRO DE SALUD SANTA TERESITA,-4.8844701,-80.6714142,-4.9004509,-80.6777636,1.9111545703319988,2.6222,5.61,280,150,10,SUCCESS,OSRM,2026-05-16T04:21:43.818370,True
2001,2058,CENTRO DE SALUD BELLAVISTA,CENTRO DE SALUD SALITRAL,-4.8844701,-80.6714142,-4.8598949,-80.6836031,3.048116432421518,8.3154,10.538333333333332,281,150,10,SUCCESS,OSRM,2026-05-16T04:21:45.411927,True
2001,2018,CENTRO DE SALUD BELLAVISTA,CENTRO DE SALUD COMUNIDAD SALUDABLE,-4.8844701,-80.6714142,-4.9081922,-80.6946604,3.686555464652795,4.6131,6.845,282,150,10,SUCCESS,OSRM,2026-05-16T04:21:46.989773,True
2001,2032,CENTRO DE SALUD BELLAVISTA,CENTRO DE SALUD MARCAVELICA,-4.8844701,-80.6714142,-4.8824518,-80.7061949,3.8599280404358502,5.2028,8.46,283,150,10,SUCCESS,OSRM,2026-05-16T04:21:48.516620,True
2001,2012,CENTRO DE SALUD BELLAVISTA,"CENTRO DE SALUD ""VILLA PRIMAVERA""",-4.8844701,-80.6714142,-4.904803,-80.7106523,4.8999588521216975,5.838,8.535,284,150,10,SUCCESS,OSRM,2026-05-16T04:21:50.122737,True
2001,2033,CENTRO DE SALUD BELLAVISTA,PUESTO DE SALUD MALLARITOS,-4.8844701,-80.6714142,-4.8694928,-80.718029,5.426441667866785,7.1393,9.854999999999999,285,150,10,SUCCESS,OSRM,2026-05-16T04:21:51.759461,True
2001,2050,CENTRO DE SALUD BELLAVISTA,CENTRO DE SALUD QUERECOTILLO,-4.8844701,-80.6714142,-4.8378896,-80.6471156,5.837389445985766,13.4501,14.543333333333333,286,150,10,SUCCESS,OSRM,2026-05-16T04:21:53.356748,True
2001,2017,CENTRO DE SALUD BELLAVISTA,CENTRO DE SALUD NUEVO SULLANA,-4.8844701,-80.6714142,-4.9088237,-80.7227337,6.297599600251528,7.3934,10.596666666666666,287,150,10,SUCCESS,OSRM,2026-05-16T04:21:54.862882,True
2001,DEPOT_DSRSLCC,CENTRO DE SALUD BELLAVISTA,ALMACEN CENTRAL DSRSLCC,-4.8844701,-80.6714142,-4.906564049486188,-80.72843391449476,6.778069525248417,7.7263,10.888333333333332,288,150,10,SUCCESS,OSRM,2026-05-16T04:21:56.404211,True
2001,2020,CENTRO DE SALUD BELLAVISTA,PUESTO DE SALUD JIBITO,-4.8844701,-80.6714142,-4.9051923,-80.7473456,8.722254754688533,9.8994,13.128333333333334,289,150,10,SUCCESS,OSRM,2026-05-16T04:21:57.929020,True
2011,2001,CENTRO DE SALUD SANTA TERESITA,CENTRO DE SALUD BELLAVISTA,-4.9004509,-80.6777636,-4.8844701,-80.6714142,1.9111545703319988,2.6354,5.628333333333333,290,150,10,SUCCESS,OSRM,2026-05-16T04:21:59.432524,True
2011,2018,CENTRO DE SALUD SANTA TERESITA,CENTRO DE SALUD COMUNIDAD SALUDABLE,-4.9004509,-80.6777636,-4.9081922,-80.6946604,2.060387900498674,2.3766,4.194999999999999,291,150,10,SUCCESS,OSRM,2026-05-16T04:22:00.975369,True
2011,2012,CENTRO DE SALUD SANTA TERESITA,"CENTRO DE SALUD ""VILLA PRIMAVERA""",-4.9004509,-80.6777636,-4.904803,-80.7106523,3.675672761341014,4.6453999999999995,7.345,292,150,10,SUCCESS,OSRM,2026-05-16T04:22:02.613835,True
2011,2032,CENTRO DE SALUD SANTA TERESITA,CENTRO DE SALUD MARCAVELICA,-4.9004509,-80.6777636,-4.8824518,-80.7061949,3.7319595767751834,5.5847,7.608333333333333,293,150,10,SUCCESS,OSRM,2026-05-16T04:22:04.358229,True
2011,2058,CENTRO DE SALUD SANTA TERESITA,CENTRO DE SALUD SALITRAL,-4.9004509,-80.6777636,-4.8598949,-80.6836031,4.555793481589557,8.727799999999998,9.854999999999999,294,150,10,SUCCESS,OSRM,2026-05-16T04:22:05.995022,True
2011,2017,CENTRO DE SALUD SANTA TERESITA,CENTRO DE SALUD NUEVO SULLANA,-4.9004509,-80.6777636,-4.9088237,-80.7227337,5.0683800500008065,6.2008,9.406666666666666,295,150,10,SUCCESS,OSRM,2026-05-16T04:22:07.529903,True
2011,2033,CENTRO DE SALUD SANTA TERESITA,PUESTO DE SALUD MALLARITOS,-4.9004509,-80.6777636,-4.8694928,-80.718029,5.634796209138238,7.521199999999999,9.003333333333334,296,150,10,SUCCESS,OSRM,2026-05-16T04:22:09.087786,True
2011,DEPOT_DSRSLCC,CENTRO DE SALUD SANTA TERESITA,ALMACEN CENTRAL DSRSLCC,-4.9004509,-80.6777636,-4.906564049486188,-80.72843391449476,5.654666147096889,6.5338,9.698333333333332,297,150,10,SUCCESS,OSRM,2026-05-16T04:22:10.608872,True
2011,2020,CENTRO DE SALUD SANTA TERESITA,PUESTO DE SALUD JIBITO,-4.9004509,-80.6777636,-4.9051923,-80.7473456,7.726863394764989,8.7068,11.938333333333333,298,150,10,SUCCESS,OSRM,2026-05-16T04:22:12.140536,True
2011,2050,CENTRO DE SALUD SANTA TERESITA,CENTRO DE SALUD QUERECOTILLO,-4.9004509,-80.6777636,-4.8378896,-80.6471156,7.740994881504898,13.8624,13.860000000000001,299,150,10,SUCCESS,OSRM,2026-05-16T04:22:13.637678,True
2012,2017,"CENTRO DE SALUD ""VILLA PRIMAVERA""",CENTRO DE SALUD NUEVO SULLANA,-4.904803,-80.7106523,-4.9088237,-80.7227337,1.4111611624479306,2.1054,3.4566666666666666,300,150,10,SUCCESS,OSRM,2026-05-16T04:22:15.215361,True
2012,2018,"CENTRO DE SALUD ""VILLA PRIMAVERA""",CENTRO DE SALUD COMUNIDAD SALUDABLE,-4.904803,-80.7106523,-4.9081922,-80.6946604,1.8113401129347069,3.0342,4.5233333333333325,301,150,10,SUCCESS,OSRM,2026-05-16T04:22:16.846860,True
2012,DEPOT_DSRSLCC,"CENTRO DE SALUD ""VILLA PRIMAVERA""",ALMACEN CENTRAL DSRSLCC,-4.904803,-80.7106523,-4.906564049486188,-80.72843391449476,1.9796908781745368,2.4383000000000004,3.7483333333333335,302,150,10,SUCCESS,OSRM,2026-05-16T04:22:18.371395,True
2012,2032,"CENTRO DE SALUD ""VILLA PRIMAVERA""",CENTRO DE SALUD MARCAVELICA,-4.904803,-80.7106523,-4.8824518,-80.7061949,2.5339271322656027,4.781,5.903333333333333,303,150,10,SUCCESS,OSRM,2026-05-16T04:22:19.919956,True
2012,2011,"CENTRO DE SALUD ""VILLA PRIMAVERA""",CENTRO DE SALUD SANTA TERESITA,-4.904803,-80.7106523,-4.9004509,-80.6777636,3.675672761341014,4.6011999999999995,7.296666666666667,304,150,10,SUCCESS,OSRM,2026-05-16T04:22:21.662110,True
2012,2033,"CENTRO DE SALUD ""VILLA PRIMAVERA""",PUESTO DE SALUD MALLARITOS,-4.904803,-80.7106523,-4.8694928,-80.718029,4.010471259703814,6.7175,7.298333333333333,305,150,10,SUCCESS,OSRM,2026-05-16T04:22:23.300286,True
2012,2020,"CENTRO DE SALUD ""VILLA PRIMAVERA""",PUESTO DE SALUD JIBITO,-4.904803,-80.7106523,-4.9051923,-80.7473456,4.06539726966578,4.6114,5.988333333333333,306,150,10,SUCCESS,OSRM,2026-05-16T04:22:24.936451,True
2012,2001,"CENTRO DE SALUD ""VILLA PRIMAVERA""",CENTRO DE SALUD BELLAVISTA,-4.904803,-80.7106523,-4.8844701,-80.6714142,4.8999588521216975,5.811100000000001,8.606666666666666,307,150,10,SUCCESS,OSRM,2026-05-16T04:22:26.504145,True
2012,2058,"CENTRO DE SALUD ""VILLA PRIMAVERA""",CENTRO DE SALUD SALITRAL,-4.904803,-80.7106523,-4.8598949,-80.6836031,5.823787657792781,7.9241,8.15,308,150,10,SUCCESS,OSRM,2026-05-16T04:22:28.112068,True
2012,2035,"CENTRO DE SALUD ""VILLA PRIMAVERA""",PUESTO DE SALUD MALLARES,-4.904803,-80.7106523,-4.8325148,-80.7621019,9.85414021183922,16.1349,16.71333333333333,309,150,10,SUCCESS,OSRM,2026-05-16T04:22:29.854594,True
2016,2018,CANAL MOCHO-CIENEGUILLO SUR,CENTRO DE SALUD COMUNIDAD SALUDABLE,-4.9988145,-80.6868365,-4.9081922,-80.6946604,10.113946189901338,11.6547,12.886666666666667,310,150,10,SUCCESS,OSRM,2026-05-16T04:22:31.499004,True
2016,2017,CANAL MOCHO-CIENEGUILLO SUR,CENTRO DE SALUD NUEVO SULLANA,-4.9988145,-80.6868365,-4.9088237,-80.7227337,10.767748269024334,15.7077,18.353333333333335,311,150,10,SUCCESS,OSRM,2026-05-16T04:22:33.022905,True
2016,2012,CANAL MOCHO-CIENEGUILLO SUR,"CENTRO DE SALUD ""VILLA PRIMAVERA""",-4.9988145,-80.6868365,-4.904803,-80.7106523,10.781395129317039,14.1522,16.291666666666668,312,150,10,SUCCESS,OSRM,2026-05-16T04:29:28.406229,True
2016,2011,CANAL MOCHO-CIENEGUILLO SUR,CENTRO DE SALUD SANTA TERESITA,-4.9988145,-80.6868365,-4.9004509,-80.6777636,10.98361765581716,14.0922,16.636666666666667,313,150,10,SUCCESS,OSRM,2026-05-16T04:29:30.447653,True
2016,DEPOT_DSRSLCC,CANAL MOCHO-CIENEGUILLO SUR,ALMACEN CENTRAL DSRSLCC,-4.9988145,-80.6868365,-4.906564049486188,-80.72843391449476,11.24531680065078,16.0406,18.645,314,150,10,SUCCESS,OSRM,2026-05-16T04:29:31.989150,True
2016,2020,CANAL MOCHO-CIENEGUILLO SUR,PUESTO DE SALUD JIBITO,-4.9988145,-80.6868365,-4.9051923,-80.7473456,12.38173591734564,18.2137,20.884999999999998,315,150,10,SUCCESS,OSRM,2026-05-16T04:29:33.517067,True
2016,2001,CANAL MOCHO-CIENEGUILLO SUR,CENTRO DE SALUD BELLAVISTA,-4.9988145,-80.6868365,-4.8844701,-80.6714142,12.82879350544431,16.0147,19.081666666666667,316,150,10,SUCCESS,OSRM,2026-05-16T04:29:35.053124,True
2016,2032,CANAL MOCHO-CIENEGUILLO SUR,CENTRO DE SALUD MARCAVELICA,-4.9988145,-80.6868365,-4.8824518,-80.7061949,13.115462041688042,15.0915,16.555,317,150,10,SUCCESS,OSRM,2026-05-16T04:29:36.550788,True
2016,2033,CANAL MOCHO-CIENEGUILLO SUR,PUESTO DE SALUD MALLARITOS,-4.9988145,-80.6868365,-4.8694928,-80.718029,14.789291352712674,17.028,17.95,318,150,10,SUCCESS,OSRM,2026-05-16T04:29:38.039185,True
2016,2058,CANAL MOCHO-CIENEGUILLO SUR,CENTRO DE SALUD SALITRAL,-4.9988145,-80.6868365,-4.8598949,-80.6836031,15.451307456895151,18.234599999999997,18.801666666666666,319,150,10,SUCCESS,OSRM,2026-05-16T04:29:39.705621,True
2017,DEPOT_DSRSLCC,CENTRO DE SALUD NUEVO SULLANA,ALMACEN CENTRAL DSRSLCC,-4.9088237,-80.7227337,-4.906564049486188,-80.72843391449476,0.6796607948460018,1.2775999999999998,2.3666666666666667,320,150,10,SUCCESS,OSRM,2026-05-16T04:29:41.370434,True
2017,2012,CENTRO DE SALUD NUEVO SULLANA,"CENTRO DE SALUD ""VILLA PRIMAVERA""",-4.9088237,-80.7227337,-4.904803,-80.7106523,1.4111611624479306,2.0105999999999997,3.2483333333333335,321,150,10,SUCCESS,OSRM,2026-05-16T04:29:42.904909,True
2017,2020,CENTRO DE SALUD NUEVO SULLANA,PUESTO DE SALUD JIBITO,-4.9088237,-80.7227337,-4.9051923,-80.7473456,2.75642448383897,3.4507,4.6066666666666665,322,150,10,SUCCESS,OSRM,2026-05-16T04:29:44.506485,True
2017,2018,CENTRO DE SALUD NUEVO SULLANA,CENTRO DE SALUD COMUNIDAD SALUDABLE,-4.9088237,-80.7227337,-4.9081922,-80.6946604,3.1109529413878954,4.494800000000001,6.266666666666667,323,150,10,SUCCESS,OSRM,2026-05-16T04:29:46.008836,True
2017,2032,CENTRO DE SALUD NUEVO SULLANA,CENTRO DE SALUD MARCAVELICA,-4.9088237,-80.7227337,-4.8824518,-80.7061949,3.4578169082831103,6.2416,7.6466666666666665,324,150,10,SUCCESS,OSRM,2026-05-16T04:29:47.614727,True
2017,2033,CENTRO DE SALUD NUEVO SULLANA,PUESTO DE SALUD MALLARITOS,-4.9088237,-80.7227337,-4.8694928,-80.718029,4.404348252194144,8.178,9.041666666666666,325,150,10,SUCCESS,OSRM,2026-05-16T04:29:49.254847,True
2017,2011,CENTRO DE SALUD NUEVO SULLANA,CENTRO DE SALUD SANTA TERESITA,-4.9088237,-80.7227337,-4.9004509,-80.6777636,5.0683800500008065,6.0617,9.04,326,150,10,SUCCESS,OSRM,2026-05-16T04:29:50.745120,True
2017,2001,CENTRO DE SALUD NUEVO SULLANA,CENTRO DE SALUD BELLAVISTA,-4.9088237,-80.7227337,-4.8844701,-80.6714142,6.297599600251528,7.2717,10.35,327,150,10,SUCCESS,OSRM,2026-05-16T04:29:52.247547,True
2017,2058,CENTRO DE SALUD NUEVO SULLANA,CENTRO DE SALUD SALITRAL,-4.9088237,-80.7227337,-4.8598949,-80.6836031,6.956689577045245,9.3846,9.893333333333334,328,150,10,SUCCESS,OSRM,2026-05-16T04:29:53.764997,True
2017,2035,CENTRO DE SALUD NUEVO SULLANA,PUESTO DE SALUD MALLARES,-4.9088237,-80.7227337,-4.8325148,-80.7621019,9.54058301160283,17.5954,18.456666666666667,329,150,10,SUCCESS,OSRM,2026-05-16T04:29:55.298086,True
2018,2012,CENTRO DE SALUD COMUNIDAD SALUDABLE,"CENTRO DE SALUD ""VILLA PRIMAVERA""",-4.9081922,-80.6946604,-4.904803,-80.7106523,1.8113401129347069,3.0596,4.455,330,150,10,SUCCESS,OSRM,2026-05-16T04:29:56.815964,True
2018,2011,CENTRO DE SALUD COMUNIDAD SALUDABLE,CENTRO DE SALUD SANTA TERESITA,-4.9081922,-80.6946604,-4.9004509,-80.6777636,2.060387900498674,2.4935,4.433333333333334,331,150,10,SUCCESS,OSRM,2026-05-16T04:29:58.298574,True
2018,2017,CENTRO DE SALUD COMUNIDAD SALUDABLE,CENTRO DE SALUD NUEVO SULLANA,-4.9081922,-80.6946604,-4.9088237,-80.7227337,3.1109529413878954,4.615,6.516666666666667,332,150,10,SUCCESS,OSRM,2026-05-16T04:29:59.856296,True
2018,2032,CENTRO DE SALUD COMUNIDAD SALUDABLE,CENTRO DE SALUD MARCAVELICA,-4.9081922,-80.6946604,-4.8824518,-80.7061949,3.1345217265333396,3.9989,4.718333333333334,333,150,10,SUCCESS,OSRM,2026-05-16T04:30:01.442784,True
2018,2001,CENTRO DE SALUD COMUNIDAD SALUDABLE,CENTRO DE SALUD BELLAVISTA,-4.9081922,-80.6946604,-4.8844701,-80.6714142,3.686555464652795,4.5483,6.715,334,150,10,SUCCESS,OSRM,2026-05-16T04:30:03.041908,True
2018,DEPOT_DSRSLCC,CENTRO DE SALUD COMUNIDAD SALUDABLE,ALMACEN CENTRAL DSRSLCC,-4.9081922,-80.6946604,-4.906564049486188,-80.72843391449476,3.746054419124631,4.948,6.808333333333334,335,150,10,SUCCESS,OSRM,2026-05-16T04:30:04.720598,True
2018,2033,CENTRO DE SALUD COMUNIDAD SALUDABLE,PUESTO DE SALUD MALLARITOS,-4.9081922,-80.6946604,-4.8694928,-80.718029,5.02198535895551,5.9354,6.113333333333333,336,150,10,SUCCESS,OSRM,2026-05-16T04:30:06.354161,True
2018,2058,CENTRO DE SALUD COMUNIDAD SALUDABLE,CENTRO DE SALUD SALITRAL,-4.9081922,-80.6946604,-4.8598949,-80.6836031,5.508366826103284,7.142,6.965,337,150,10,SUCCESS,OSRM,2026-05-16T04:30:07.923374,True
2018,2020,CENTRO DE SALUD COMUNIDAD SALUDABLE,PUESTO DE SALUD JIBITO,-4.9081922,-80.6946604,-4.9051923,-80.7473456,5.846382027660055,7.121,9.048333333333334,338,150,10,SUCCESS,OSRM,2026-05-16T04:30:09.407458,True
2018,2050,CENTRO DE SALUD COMUNIDAD SALUDABLE,CENTRO DE SALUD QUERECOTILLO,-4.9081922,-80.6946604,-4.8378896,-80.6471156,9.426451810943897,12.2766,10.97,339,150,10,SUCCESS,OSRM,2026-05-16T04:30:10.913193,True
2019,2037,CENTRO DE SALUD MIGUEL CHECA,PUESTO DE SALUD TANGARARA,-4.9011588,-80.815167,-4.8849926,-80.8254037,2.1254631709709555,35.6729,39.53333333333333,340,150,10,SUCCESS,OSRM,2026-05-16T04:30:12.393785,True
2019,2045,CENTRO DE SALUD MIGUEL CHECA,PUESTO DE SALUD SANTA SOFIA,-4.9011588,-80.815167,-4.8849926,-80.8254037,2.1254631709709555,35.6729,39.53333333333333,341,150,10,SUCCESS,OSRM,2026-05-16T04:30:13.910574,True
2019,2030,CENTRO DE SALUD MIGUEL CHECA,MACACARA,-4.9011588,-80.815167,-4.9197309,-80.8586589,5.242234881239647,6.0556,6.808333333333334,342,150,10,SUCCESS,OSRM,2026-05-16T04:30:15.445566,True
2019,2043,CENTRO DE SALUD MIGUEL CHECA,PUESTO DE SALUD SAN JUAN DE LA VIRGEN,-4.9011588,-80.815167,-4.8439257,-80.8382833,6.8600472823687175,33.6312,31.32,343,150,10,SUCCESS,OSRM,2026-05-16T04:30:16.961124,True
2019,2020,CENTRO DE SALUD MIGUEL CHECA,PUESTO DE SALUD JIBITO,-4.9011588,-80.815167,-4.9051923,-80.7473456,7.527172216620533,8.57,9.273333333333333,344,150,10,SUCCESS,OSRM,2026-05-16T04:30:18.562559,True
2019,2029,CENTRO DE SALUD MIGUEL CHECA,PUESTO DE SALUD NOMARA,-4.9011588,-80.815167,-4.9147723,-80.8867335,8.07186430988996,9.418899999999999,9.526666666666667,345,150,10,SUCCESS,OSRM,2026-05-16T04:30:20.112548,True
2019,2042,CENTRO DE SALUD MIGUEL CHECA,CENTRO DE SALUD IGNACIO ESCUDERO,-4.9011588,-80.815167,-4.8471958,-80.8742315,8.878505176233585,37.6451,34.19833333333334,346,150,10,SUCCESS,OSRM,2026-05-16T04:30:21.717092,True
2019,DEPOT_DSRSLCC,CENTRO DE SALUD MIGUEL CHECA,ALMACEN CENTRAL DSRSLCC,-4.9011588,-80.815167,-4.906564049486188,-80.72843391449476,9.627755445703906,10.7304,10.996666666666666,347,150,10,SUCCESS,OSRM,2026-05-16T04:30:23.354432,True
2019,2035,CENTRO DE SALUD MIGUEL CHECA,PUESTO DE SALUD MALLARES,-4.9011588,-80.815167,-4.8325148,-80.7621019,9.634663257320224,28.2991,28.795,348,150,10,SUCCESS,OSRM,2026-05-16T04:30:24.864245,True
2019,2038,CENTRO DE SALUD MIGUEL CHECA,PUESTO DE SALUD SAMAN,-4.9011588,-80.815167,-4.8325148,-80.7621019,9.634663257320224,28.2991,28.795,349,150,10,SUCCESS,OSRM,2026-05-16T04:30:26.453820,True
2020,DEPOT_DSRSLCC,PUESTO DE SALUD JIBITO,ALMACEN CENTRAL DSRSLCC,-4.9051923,-80.7473456,-4.906564049486188,-80.72843391449476,2.1007245306002056,2.6275999999999997,3.5616666666666665,350,150,10,SUCCESS,OSRM,2026-05-16T04:30:27.960908,True
2020,2017,PUESTO DE SALUD JIBITO,CENTRO DE SALUD NUEVO SULLANA,-4.9051923,-80.7473456,-4.9088237,-80.7227337,2.75642448383897,3.5061,4.781666666666666,351,150,10,SUCCESS,OSRM,2026-05-16T04:30:29.602003,True
2020,2012,PUESTO DE SALUD JIBITO,"CENTRO DE SALUD ""VILLA PRIMAVERA""",-4.9051923,-80.7473456,-4.904803,-80.7106523,4.06539726966578,4.6114,6.151666666666667,352,150,10,SUCCESS,OSRM,2026-05-16T04:30:31.136865,True
2020,2033,PUESTO DE SALUD JIBITO,PUESTO DE SALUD MALLARITOS,-4.9051923,-80.7473456,-4.8694928,-80.718029,5.1290627906283435,10.7789,11.945,353,150,10,SUCCESS,OSRM,2026-05-16T04:30:32.631486,True
2020,2032,PUESTO DE SALUD JIBITO,CENTRO DE SALUD MARCAVELICA,-4.9051923,-80.7473456,-4.8824518,-80.7061949,5.213354302177054,8.8424,10.55,354,150,10,SUCCESS,OSRM,2026-05-16T04:30:34.126858,True
2020,2018,PUESTO DE SALUD JIBITO,CENTRO DE SALUD COMUNIDAD SALUDABLE,-4.9051923,-80.7473456,-4.9081922,-80.6946604,5.846382027660055,7.0956,9.17,355,150,10,SUCCESS,OSRM,2026-05-16T04:30:35.607661,True
2020,2019,PUESTO DE SALUD JIBITO,CENTRO DE SALUD MIGUEL CHECA,-4.9051923,-80.7473456,-4.9011588,-80.815167,7.527172216620533,8.57,9.263333333333332,356,150,10,SUCCESS,OSRM,2026-05-16T04:30:37.121992,True
2020,2011,PUESTO DE SALUD JIBITO,CENTRO DE SALUD SANTA TERESITA,-4.9051923,-80.7473456,-4.9004509,-80.6777636,7.726863394764989,8.662600000000001,11.943333333333333,357,150,10,SUCCESS,OSRM,2026-05-16T04:30:38.713743,True
2020,2035,PUESTO DE SALUD JIBITO,PUESTO DE SALUD MALLARES,-4.9051923,-80.7473456,-4.8325148,-80.7621019,8.245086000937858,20.1963,21.36,358,150,10,SUCCESS,OSRM,2026-05-16T04:30:40.226028,True
2020,2038,PUESTO DE SALUD JIBITO,PUESTO DE SALUD SAMAN,-4.9051923,-80.7473456,-4.8325148,-80.7621019,8.245086000937858,20.1963,21.36,359,150,10,SUCCESS,OSRM,2026-05-16T04:30:41.739598,True
2022,2023,PUESTO DE SALUD LA ISLILLA,PUESTO DE SALUD YACILA,-5.2063497,-81.1923801,-5.1327293,-81.1707792,8.528566784791538,19.105,23.956666666666667,360,150,10,SUCCESS,OSRM,2026-05-16T04:30:43.319309,True
2022,2024,PUESTO DE SALUD LA ISLILLA,PUESTO DE SALUD SAN LUCAS DE COLAN,-5.2063497,-81.1923801,-5.0053016,-81.0583954,26.83233730147018,34.548199999999994,38.95,361,150,10,SUCCESS,OSRM,2026-05-16T04:30:44.854262,True
2022,2026,PUESTO DE SALUD LA ISLILLA,"CENTRO DE SALUD ""PUEBLO NUEVO DE COLAN""",-5.2063497,-81.1923801,-4.9115827,-81.057902,36.00231436435656,46.5793,52.45333333333333,362,150,10,SUCCESS,OSRM,2026-05-16T04:30:46.499663,True
2022,2079,PUESTO DE SALUD LA ISLILLA,PUESTO DE SALUD MIRAMAR,-5.2063497,-81.1923801,-4.8722839,-81.1008006,38.50653642019084,64.72540000000001,66.095,363,150,10,SUCCESS,OSRM,2026-05-16T04:30:48.030393,True
2022,2025,PUESTO DE SALUD LA ISLILLA,CENTRO DE SALUD EL ARENAL,-5.2063497,-81.1923801,-4.8849849,-81.0262273,40.19484683795257,46.639199999999995,49.815000000000005,364,150,10,SUCCESS,OSRM,2026-05-16T04:30:49.669199,True
2022,2078,PUESTO DE SALUD LA ISLILLA,CENTRO DE SALUD VICHAYAL,-5.2063497,-81.1923801,-4.8651182,-81.0726136,40.19544954469274,60.2241,62.075,365,150,10,SUCCESS,OSRM,2026-05-16T04:30:51.308007,True
2022,2047,PUESTO DE SALUD LA ISLILLA,PUESTO DE SALUD AMOTAPE,-5.2063497,-81.1923801,-4.8868634,-81.0031178,41.249337619923296,51.0195,54.64666666666667,366,150,10,SUCCESS,OSRM,2026-05-16T04:30:52.897002,True
2022,2048,PUESTO DE SALUD LA ISLILLA,PUESTO DE SALUD EL TAMBO,-5.2063497,-81.1923801,-4.8868634,-81.0031178,41.249337619923296,51.0195,54.64666666666667,367,150,10,SUCCESS,OSRM,2026-05-16T04:30:54.604347,True
2022,2027,PUESTO DE SALUD LA ISLILLA,CENTRO DE SALUD LA HUACA,-5.2063497,-81.1923801,-4.9121604,-80.9602239,41.608984697865644,48.0747,51.531666666666666,368,150,10,SUCCESS,OSRM,2026-05-16T04:30:56.229793,True
2022,2028,PUESTO DE SALUD LA ISLILLA,CENTRO DE SALUD VIVIATE,-5.2063497,-81.1923801,-4.9200244,-80.9215755,43.74159650318407,52.0081,54.59666666666667,369,150,10,SUCCESS,OSRM,2026-05-16T04:30:57.762484,True
2023,2022,PUESTO DE SALUD YACILA,PUESTO DE SALUD LA ISLILLA,-5.1327293,-81.1707792,-5.2063497,-81.1923801,8.528566784791538,19.0946,23.973333333333336,370,150,10,SUCCESS,OSRM,2026-05-16T04:30:59.397478,True
2023,2024,PUESTO DE SALUD YACILA,PUESTO DE SALUD SAN LUCAS DE COLAN,-5.1327293,-81.1707792,-5.0053016,-81.0583954,18.860354981789655,25.781200000000002,28.5,371,150,10,SUCCESS,OSRM,2026-05-16T04:31:00.984083,True
2023,2026,PUESTO DE SALUD YACILA,"CENTRO DE SALUD ""PUEBLO NUEVO DE COLAN""",-5.1327293,-81.1707792,-4.9115827,-81.057902,27.586523061120232,37.812400000000004,42.00333333333333,372,150,10,SUCCESS,OSRM,2026-05-16T04:31:02.677694,True
2023,2079,PUESTO DE SALUD YACILA,PUESTO DE SALUD MIRAMAR,-5.1327293,-81.1707792,-4.8722839,-81.1008006,29.97967963250015,55.958400000000005,55.644999999999996,373,150,10,SUCCESS,OSRM,2026-05-16T04:31:04.214116,True
2023,2078,PUESTO DE SALUD YACILA,CENTRO DE SALUD VICHAYAL,-5.1327293,-81.1707792,-4.8651182,-81.0726136,31.681579111908253,51.4571,51.625,374,150,10,SUCCESS,OSRM,2026-05-16T04:31:05.747662,True
2023,2025,PUESTO DE SALUD YACILA,CENTRO DE SALUD EL ARENAL,-5.1327293,-81.1707792,-4.8849849,-81.0262273,31.863356280561593,37.8722,39.365,375,150,10,SUCCESS,OSRM,2026-05-16T04:31:07.233369,True
2023,2047,PUESTO DE SALUD YACILA,PUESTO DE SALUD AMOTAPE,-5.1327293,-81.1707792,-4.8868634,-81.0031178,33.05052489653163,42.2525,44.19666666666667,376,150,10,SUCCESS,OSRM,2026-05-16T04:31:08.814364,True
2023,2048,PUESTO DE SALUD YACILA,PUESTO DE SALUD EL TAMBO,-5.1327293,-81.1707792,-4.8868634,-81.0031178,33.05052489653163,42.2525,44.19666666666667,377,150,10,SUCCESS,OSRM,2026-05-16T04:31:10.362713,True
2023,2027,PUESTO DE SALUD YACILA,CENTRO DE SALUD LA HUACA,-5.1327293,-81.1707792,-4.9121604,-80.9602239,33.844990859121744,39.3077,41.08166666666667,378,150,10,SUCCESS,OSRM,2026-05-16T04:31:12.001312,True
2023,2049,PUESTO DE SALUD YACILA,CENTRO DE SALUD TAMARINDO,-5.1327293,-81.1707792,-4.8784025,-80.971709,35.86089035993746,46.0728,48.580000000000005,379,150,10,SUCCESS,OSRM,2026-05-16T04:31:13.633001,True
2024,2026,PUESTO DE SALUD SAN LUCAS DE COLAN,"CENTRO DE SALUD ""PUEBLO NUEVO DE COLAN""",-5.0053016,-81.0583954,-4.9115827,-81.057902,10.421209550358494,12.289399999999999,14.518333333333334,380,150,10,SUCCESS,OSRM,2026-05-16T04:31:15.159691,True
2024,2025,PUESTO DE SALUD SAN LUCAS DE COLAN,CENTRO DE SALUD EL ARENAL,-5.0053016,-81.0583954,-4.8849849,-81.0262273,13.845088044565493,16.867099999999997,16.846666666666668,381,150,10,SUCCESS,OSRM,2026-05-16T04:31:16.710550,True
2024,2047,PUESTO DE SALUD SAN LUCAS DE COLAN,PUESTO DE SALUD AMOTAPE,-5.0053016,-81.0583954,-4.8868634,-81.0031178,14.523821877309894,21.247400000000003,21.678333333333335,382,150,10,SUCCESS,OSRM,2026-05-16T04:31:18.343188,True
2024,2048,PUESTO DE SALUD SAN LUCAS DE COLAN,PUESTO DE SALUD EL TAMBO,-5.0053016,-81.0583954,-4.8868634,-81.0031178,14.523821877309894,21.247400000000003,21.678333333333335,383,150,10,SUCCESS,OSRM,2026-05-16T04:31:19.881073,True
2024,2027,PUESTO DE SALUD SAN LUCAS DE COLAN,CENTRO DE SALUD LA HUACA,-5.0053016,-81.0583954,-4.9121604,-80.9602239,15.01786846544712,18.302599999999998,18.563333333333333,384,150,10,SUCCESS,OSRM,2026-05-16T04:31:21.522845,True
2024,2079,PUESTO DE SALUD SAN LUCAS DE COLAN,PUESTO DE SALUD MIRAMAR,-5.0053016,-81.0583954,-4.8722839,-81.1008006,15.51899628252198,20.637400000000003,31.15666666666667,385,150,10,SUCCESS,OSRM,2026-05-16T04:31:23.161211,True
2024,2078,PUESTO DE SALUD SAN LUCAS DE COLAN,CENTRO DE SALUD VICHAYAL,-5.0053016,-81.0583954,-4.8651182,-81.0726136,15.667063922740079,30.452,29.10666666666667,386,150,10,SUCCESS,OSRM,2026-05-16T04:31:24.902292,True
2024,2049,PUESTO DE SALUD SAN LUCAS DE COLAN,CENTRO DE SALUD TAMARINDO,-5.0053016,-81.0583954,-4.8784025,-80.971709,17.068383482406908,25.067700000000002,26.061666666666667,387,150,10,SUCCESS,OSRM,2026-05-16T04:31:26.483909,True
2024,2028,PUESTO DE SALUD SAN LUCAS DE COLAN,CENTRO DE SALUD VIVIATE,-5.0053016,-81.0583954,-4.9200244,-80.9215755,17.878469191735586,22.236,21.628333333333334,388,150,10,SUCCESS,OSRM,2026-05-16T04:31:28.072825,True
2024,2023,PUESTO DE SALUD SAN LUCAS DE COLAN,PUESTO DE SALUD YACILA,-5.0053016,-81.0583954,-5.1327293,-81.1707792,18.860354981789655,25.7925,28.253333333333334,389,150,10,SUCCESS,OSRM,2026-05-16T04:31:29.712435,True
2025,2047,CENTRO DE SALUD EL ARENAL,PUESTO DE SALUD AMOTAPE,-4.8849849,-81.0262273,-4.8868634,-81.0031178,2.56882808217617,4.2855,6.013333333333334,390,150,10,SUCCESS,OSRM,2026-05-16T04:31:31.347920,True
2025,2048,CENTRO DE SALUD EL ARENAL,PUESTO DE SALUD EL TAMBO,-4.8849849,-81.0262273,-4.8868634,-81.0031178,2.56882808217617,4.2855,6.013333333333334,391,150,10,SUCCESS,OSRM,2026-05-16T04:31:32.917456,True
2025,2026,CENTRO DE SALUD EL ARENAL,"CENTRO DE SALUD ""PUEBLO NUEVO DE COLAN""",-4.8849849,-81.0262273,-4.9115827,-81.057902,4.5892864057041685,8.3958,9.979999999999999,392,150,10,SUCCESS,OSRM,2026-05-16T04:31:34.465870,True
2025,2078,CENTRO DE SALUD EL ARENAL,CENTRO DE SALUD VICHAYAL,-4.8849849,-81.0262273,-4.8651182,-81.0726136,5.593928004209806,13.49,13.441666666666666,393,150,10,SUCCESS,OSRM,2026-05-16T04:31:36.065018,True
2025,2049,CENTRO DE SALUD EL ARENAL,CENTRO DE SALUD TAMARINDO,-4.8849849,-81.0262273,-4.8784025,-80.971709,6.084353007455653,8.1057,10.396666666666667,394,150,10,SUCCESS,OSRM,2026-05-16T04:31:37.702026,True
2025,2027,CENTRO DE SALUD EL ARENAL,CENTRO DE SALUD LA HUACA,-4.8849849,-81.0262273,-4.9121604,-80.9602239,7.9121969731876565,16.675099999999997,16.901666666666667,395,150,10,SUCCESS,OSRM,2026-05-16T04:31:39.299469,True
2025,2079,CENTRO DE SALUD EL ARENAL,PUESTO DE SALUD MIRAMAR,-4.8849849,-81.0262273,-4.8722839,-81.1008006,8.381966227802025,17.9913,17.461666666666666,396,150,10,SUCCESS,OSRM,2026-05-16T04:31:40.879672,True
2025,2044,CENTRO DE SALUD EL ARENAL,PUESTO DE SALUD MONTE LIMA,-4.8849849,-81.0262273,-4.8608725,-80.9399291,9.930054266348401,12.3059,14.795,397,150,10,SUCCESS,OSRM,2026-05-16T04:31:42.519968,True
2025,2028,CENTRO DE SALUD EL ARENAL,CENTRO DE SALUD VIVIATE,-4.8849849,-81.0262273,-4.9200244,-80.9215755,12.23132951362579,20.6085,19.966666666666665,398,150,10,SUCCESS,OSRM,2026-05-16T04:31:44.085321,True
2025,2024,CENTRO DE SALUD EL ARENAL,PUESTO DE SALUD SAN LUCAS DE COLAN,-4.8849849,-81.0262273,-5.0053016,-81.0583954,13.845088044565493,16.867099999999997,16.881666666666668,399,150,10,SUCCESS,OSRM,2026-05-16T04:31:45.805346,True
2026,2025,"CENTRO DE SALUD ""PUEBLO NUEVO DE COLAN""",CENTRO DE SALUD EL ARENAL,-4.9115827,-81.057902,-4.8849849,-81.0262273,4.5892864057041685,8.3958,9.938333333333333,400,150,10,SUCCESS,OSRM,2026-05-16T04:31:47.437391,True
2026,2078,"CENTRO DE SALUD ""PUEBLO NUEVO DE COLAN""",CENTRO DE SALUD VICHAYAL,-4.9115827,-81.057902,-4.8651182,-81.0726136,5.417611860223981,18.9572,21.341666666666665,401,150,10,SUCCESS,OSRM,2026-05-16T04:31:49.065334,True
2026,2079,"CENTRO DE SALUD ""PUEBLO NUEVO DE COLAN""",PUESTO DE SALUD MIRAMAR,-4.9115827,-81.057902,-4.8722839,-81.1008006,6.45630215583182,10.818700000000002,22.091666666666665,402,150,10,SUCCESS,OSRM,2026-05-16T04:31:50.703241,True
2026,2047,"CENTRO DE SALUD ""PUEBLO NUEVO DE COLAN""",PUESTO DE SALUD AMOTAPE,-4.9115827,-81.057902,-4.8868634,-81.0031178,6.662851166951098,9.752600000000001,13.913333333333332,403,150,10,SUCCESS,OSRM,2026-05-16T04:31:52.209309,True
2026,2048,"CENTRO DE SALUD ""PUEBLO NUEVO DE COLAN""",PUESTO DE SALUD EL TAMBO,-4.9115827,-81.057902,-4.8868634,-81.0031178,6.662851166951098,9.752600000000001,13.913333333333332,404,150,10,SUCCESS,OSRM,2026-05-16T04:31:53.856392,True
2026,2049,"CENTRO DE SALUD ""PUEBLO NUEVO DE COLAN""",CENTRO DE SALUD TAMARINDO,-4.9115827,-81.057902,-4.8784025,-80.971709,10.23722183640107,13.572799999999999,18.296666666666667,405,150,10,SUCCESS,OSRM,2026-05-16T04:31:55.372794,True
2026,2024,"CENTRO DE SALUD ""PUEBLO NUEVO DE COLAN""",PUESTO DE SALUD SAN LUCAS DE COLAN,-4.9115827,-81.057902,-5.0053016,-81.0583954,10.421209550358494,12.289399999999999,14.53,406,150,10,SUCCESS,OSRM,2026-05-16T04:31:57.060514,True
2026,2027,"CENTRO DE SALUD ""PUEBLO NUEVO DE COLAN""",CENTRO DE SALUD LA HUACA,-4.9115827,-81.057902,-4.9121604,-80.9602239,10.8216124875668,18.6713,19.831666666666667,407,150,10,SUCCESS,OSRM,2026-05-16T04:31:58.696365,True
2026,2044,"CENTRO DE SALUD ""PUEBLO NUEVO DE COLAN""",PUESTO DE SALUD MONTE LIMA,-4.9115827,-81.057902,-4.8608725,-80.9399291,14.23475465070726,17.773,22.695,408,150,10,SUCCESS,OSRM,2026-05-16T04:32:00.327759,True
2026,2028,"CENTRO DE SALUD ""PUEBLO NUEVO DE COLAN""",CENTRO DE SALUD VIVIATE,-4.9115827,-81.057902,-4.9200244,-80.9215755,15.13219821535441,22.6047,22.896666666666665,409,150,10,SUCCESS,OSRM,2026-05-16T04:32:01.914559,True
2027,2049,CENTRO DE SALUD LA HUACA,CENTRO DE SALUD TAMARINDO,-4.9121604,-80.9602239,-4.8784025,-80.971709,3.9635068953069568,24.875700000000002,26.02,410,150,10,SUCCESS,OSRM,2026-05-16T04:32:03.448662,True
2027,2028,CENTRO DE SALUD LA HUACA,CENTRO DE SALUD VIVIATE,-4.9121604,-80.9602239,-4.9200244,-80.9215755,4.370076181278646,4.764,5.423333333333333,411,150,10,SUCCESS,OSRM,2026-05-16T04:32:04.968328,True
2027,2047,CENTRO DE SALUD LA HUACA,PUESTO DE SALUD AMOTAPE,-4.9121604,-80.9602239,-4.8868634,-81.0031178,5.522262477821101,21.055400000000002,21.636666666666667,412,150,10,SUCCESS,OSRM,2026-05-16T04:32:06.577507,True
2027,2048,CENTRO DE SALUD LA HUACA,PUESTO DE SALUD EL TAMBO,-4.9121604,-80.9602239,-4.8868634,-81.0031178,5.522262477821101,21.055400000000002,21.636666666666667,413,150,10,SUCCESS,OSRM,2026-05-16T04:32:08.078431,True
2027,2044,CENTRO DE SALUD LA HUACA,PUESTO DE SALUD MONTE LIMA,-4.9121604,-80.9602239,-4.8608725,-80.9399291,6.130198544623789,29.0759,30.418333333333333,414,150,10,SUCCESS,OSRM,2026-05-16T04:32:09.592206,True
2027,2025,CENTRO DE SALUD LA HUACA,CENTRO DE SALUD EL ARENAL,-4.9121604,-80.9602239,-4.8849849,-81.0262273,7.9121969731876565,16.675099999999997,16.805,415,150,10,SUCCESS,OSRM,2026-05-16T04:32:11.075051,True
2027,2029,CENTRO DE SALUD LA HUACA,PUESTO DE SALUD NOMARA,-4.9121604,-80.9602239,-4.9147723,-80.8867335,8.146908424042506,8.754299999999999,9.003333333333334,416,150,10,SUCCESS,OSRM,2026-05-16T04:32:12.596423,True
2027,2046,CENTRO DE SALUD LA HUACA,PUESTO DE SALUD SAN MIGUEL,-4.9121604,-80.9602239,-4.8498601,-80.8925112,10.211268323392915,34.8077,36.809999999999995,417,150,10,SUCCESS,OSRM,2026-05-16T04:32:14.227092,True
2027,2026,CENTRO DE SALUD LA HUACA,"CENTRO DE SALUD ""PUEBLO NUEVO DE COLAN""",-4.9121604,-80.9602239,-4.9115827,-81.057902,10.8216124875668,18.6713,19.778333333333332,418,150,10,SUCCESS,OSRM,2026-05-16T04:32:15.854381,True
2027,2030,CENTRO DE SALUD LA HUACA,MACACARA,-4.9121604,-80.9602239,-4.9197309,-80.8586589,11.283414539673897,12.125,12.298333333333334,419,150,10,SUCCESS,OSRM,2026-05-16T04:32:17.361478,True
2028,2029,CENTRO DE SALUD VIVIATE,PUESTO DE SALUD NOMARA,-4.9200244,-80.9215755,-4.9147723,-80.8867335,3.903923093192796,4.227399999999999,4.486666666666666,420,150,10,SUCCESS,OSRM,2026-05-16T04:32:18.966729,True
2028,2027,CENTRO DE SALUD VIVIATE,CENTRO DE SALUD LA HUACA,-4.9200244,-80.9215755,-4.9121604,-80.9602239,4.370076181278646,4.764,5.263333333333334,421,150,10,SUCCESS,OSRM,2026-05-16T04:32:20.541390,True
2028,2044,CENTRO DE SALUD VIVIATE,PUESTO DE SALUD MONTE LIMA,-4.9200244,-80.9215755,-4.8608725,-80.9399291,6.884531956036235,33.0093,33.431666666666665,422,150,10,SUCCESS,OSRM,2026-05-16T04:32:22.243291,True
2028,2030,CENTRO DE SALUD VIVIATE,MACACARA,-4.9200244,-80.9215755,-4.9197309,-80.8586589,6.970307051803222,7.598,7.781666666666666,423,150,10,SUCCESS,OSRM,2026-05-16T04:32:23.778605,True
2028,2049,CENTRO DE SALUD VIVIATE,CENTRO DE SALUD TAMARINDO,-4.9200244,-80.9215755,-4.8784025,-80.971709,7.2297385735725825,28.809099999999997,29.033333333333335,424,150,10,SUCCESS,OSRM,2026-05-16T04:32:25.313549,True
2028,2046,CENTRO DE SALUD VIVIATE,PUESTO DE SALUD SAN MIGUEL,-4.9200244,-80.9215755,-4.8498601,-80.8925112,8.440300646331922,38.7412,39.82333333333334,425,150,10,SUCCESS,OSRM,2026-05-16T04:32:26.952925,True
2028,2042,CENTRO DE SALUD VIVIATE,CENTRO DE SALUD IGNACIO ESCUDERO,-4.9200244,-80.9215755,-4.8471958,-80.8742315,9.648499949663627,41.0235,42.065000000000005,426,150,10,SUCCESS,OSRM,2026-05-16T04:32:28.591204,True
2028,2047,CENTRO DE SALUD VIVIATE,PUESTO DE SALUD AMOTAPE,-4.9200244,-80.9215755,-4.8868634,-81.0031178,9.757453241930346,24.988799999999998,24.65,427,150,10,SUCCESS,OSRM,2026-05-16T04:32:30.084430,True
2028,2048,CENTRO DE SALUD VIVIATE,PUESTO DE SALUD EL TAMBO,-4.9200244,-80.9215755,-4.8868634,-81.0031178,9.757453241930346,24.988799999999998,24.65,428,150,10,SUCCESS,OSRM,2026-05-16T04:32:31.781384,True
2028,2037,CENTRO DE SALUD VIVIATE,PUESTO DE SALUD TANGARARA,-4.9200244,-80.9215755,-4.8849926,-80.8254037,11.344439491057654,48.292,50.77166666666667,429,150,10,SUCCESS,OSRM,2026-05-16T04:32:33.407581,True
2029,2030,PUESTO DE SALUD NOMARA,MACACARA,-4.9147723,-80.8867335,-4.9197309,-80.8586589,3.1587576139912823,3.5601,3.8699999999999997,430,150,10,SUCCESS,OSRM,2026-05-16T04:32:34.938146,True
2029,2028,PUESTO DE SALUD NOMARA,CENTRO DE SALUD VIVIATE,-4.9147723,-80.8867335,-4.9200244,-80.9215755,3.903923093192796,4.227399999999999,4.485,431,150,10,SUCCESS,OSRM,2026-05-16T04:32:36.578159,True
2029,2046,PUESTO DE SALUD NOMARA,PUESTO DE SALUD SAN MIGUEL,-4.9147723,-80.8867335,-4.8498601,-80.8925112,7.246236225805158,48.1098,43.193333333333335,432,150,10,SUCCESS,OSRM,2026-05-16T04:32:38.216748,True
2029,2037,PUESTO DE SALUD NOMARA,PUESTO DE SALUD TANGARARA,-4.9147723,-80.8867335,-4.8849926,-80.8254037,7.558583544282316,44.2541,46.86,433,150,10,SUCCESS,OSRM,2026-05-16T04:32:39.821953,True
2029,2045,PUESTO DE SALUD NOMARA,PUESTO DE SALUD SANTA SOFIA,-4.9147723,-80.8867335,-4.8849926,-80.8254037,7.558583544282316,44.2541,46.86,434,150,10,SUCCESS,OSRM,2026-05-16T04:32:41.394741,True
2029,2042,PUESTO DE SALUD NOMARA,CENTRO DE SALUD IGNACIO ESCUDERO,-4.9147723,-80.8867335,-4.8471958,-80.8742315,7.640759831553973,46.2263,41.525,435,150,10,SUCCESS,OSRM,2026-05-16T04:32:42.909964,True
2029,2019,PUESTO DE SALUD NOMARA,CENTRO DE SALUD MIGUEL CHECA,-4.9147723,-80.8867335,-4.9011588,-80.815167,8.07186430988996,9.418899999999999,9.633333333333333,436,150,10,SUCCESS,OSRM,2026-05-16T04:32:44.566755,True
2029,2027,PUESTO DE SALUD NOMARA,CENTRO DE SALUD LA HUACA,-4.9147723,-80.8867335,-4.9121604,-80.9602239,8.146908424042506,8.754299999999999,8.95,437,150,10,SUCCESS,OSRM,2026-05-16T04:32:46.205086,True
2029,2044,PUESTO DE SALUD NOMARA,PUESTO DE SALUD MONTE LIMA,-4.9147723,-80.8867335,-4.8608725,-80.9399291,8.405642318920648,36.9996,37.11833333333333,438,150,10,SUCCESS,OSRM,2026-05-16T04:32:47.841842,True
2029,2043,PUESTO DE SALUD NOMARA,PUESTO DE SALUD SAN JUAN DE LA VIRGEN,-4.9147723,-80.8867335,-4.8439257,-80.8382833,9.532771027739951,42.2124,38.64666666666667,439,150,10,SUCCESS,OSRM,2026-05-16T04:32:49.375159,True
2030,2029,MACACARA,PUESTO DE SALUD NOMARA,-4.9197309,-80.8586589,-4.9147723,-80.8867335,3.1587576139912823,3.5628,3.841666666666667,440,150,10,SUCCESS,OSRM,2026-05-16T04:32:50.914388,True
2030,2019,MACACARA,CENTRO DE SALUD MIGUEL CHECA,-4.9197309,-80.8586589,-4.9011588,-80.815167,5.242234881239647,6.0556,6.9366666666666665,441,150,10,SUCCESS,OSRM,2026-05-16T04:32:52.555206,True
2030,2037,MACACARA,PUESTO DE SALUD TANGARARA,-4.9197309,-80.8586589,-4.8849926,-80.8254037,5.33802969285416,40.890800000000006,44.163333333333334,442,150,10,SUCCESS,OSRM,2026-05-16T04:32:54.189875,True
2030,2045,MACACARA,PUESTO DE SALUD SANTA SOFIA,-4.9197309,-80.8586589,-4.8849926,-80.8254037,5.33802969285416,40.890800000000006,44.163333333333334,443,150,10,SUCCESS,OSRM,2026-05-16T04:32:55.728317,True
2030,2028,MACACARA,CENTRO DE SALUD VIVIATE,-4.9197309,-80.8586589,-4.9200244,-80.9215755,6.970307051803222,7.6007,7.748333333333333,444,150,10,SUCCESS,OSRM,2026-05-16T04:32:57.401171,True
2030,2042,MACACARA,CENTRO DE SALUD IGNACIO ESCUDERO,-4.9197309,-80.8586589,-4.8471958,-80.8742315,8.248002488147314,42.8629,38.82833333333333,445,150,10,SUCCESS,OSRM,2026-05-16T04:32:59.003993,True
2030,2046,MACACARA,PUESTO DE SALUD SAN MIGUEL,-4.9197309,-80.8586589,-4.8498601,-80.8925112,8.627176697760724,44.7465,40.49666666666667,446,150,10,SUCCESS,OSRM,2026-05-16T04:33:00.584877,True
2030,2043,MACACARA,PUESTO DE SALUD SAN JUAN DE LA VIRGEN,-4.9197309,-80.8586589,-4.8439257,-80.8382833,8.72620680723113,38.8491,35.95,447,150,10,SUCCESS,OSRM,2026-05-16T04:33:02.283841,True
2030,2044,MACACARA,PUESTO DE SALUD MONTE LIMA,-4.9197309,-80.8586589,-4.8608725,-80.9399291,11.131249137540014,40.3729,40.38166666666667,448,150,10,SUCCESS,OSRM,2026-05-16T04:33:04.030388,True
2030,2027,MACACARA,CENTRO DE SALUD LA HUACA,-4.9197309,-80.8586589,-4.9121604,-80.9602239,11.283414539673897,12.1277,12.213333333333333,449,150,10,SUCCESS,OSRM,2026-05-16T04:33:05.607864,True
2032,2033,CENTRO DE SALUD MARCAVELICA,PUESTO DE SALUD MALLARITOS,-4.8824518,-80.7061949,-4.8694928,-80.718029,1.9481966555778565,2.0286,2.12,450,150,10,SUCCESS,OSRM,2026-05-16T04:33:07.160512,True
2032,2012,CENTRO DE SALUD MARCAVELICA,"CENTRO DE SALUD ""VILLA PRIMAVERA""",-4.8824518,-80.7061949,-4.904803,-80.7106523,2.5339271322656027,4.7366,5.681666666666667,451,150,10,SUCCESS,OSRM,2026-05-16T04:33:08.737727,True
2032,2018,CENTRO DE SALUD MARCAVELICA,CENTRO DE SALUD COMUNIDAD SALUDABLE,-4.8824518,-80.7061949,-4.9081922,-80.6946604,3.1345217265333396,4.0294,4.753333333333333,452,150,10,SUCCESS,OSRM,2026-05-16T04:33:10.364185,True
2032,2017,CENTRO DE SALUD MARCAVELICA,CENTRO DE SALUD NUEVO SULLANA,-4.8824518,-80.7061949,-4.9088237,-80.7227337,3.4578169082831103,6.292,7.743333333333334,453,150,10,SUCCESS,OSRM,2026-05-16T04:33:12.008676,True
2032,2058,CENTRO DE SALUD MARCAVELICA,CENTRO DE SALUD SALITRAL,-4.8824518,-80.7061949,-4.8598949,-80.6836031,3.5434787744070215,4.854100000000001,4.411666666666666,454,150,10,SUCCESS,OSRM,2026-05-16T04:33:13.647556,True
2032,DEPOT_DSRSLCC,CENTRO DE SALUD MARCAVELICA,ALMACEN CENTRAL DSRSLCC,-4.8824518,-80.7061949,-4.906564049486188,-80.72843391449476,3.641313766879526,6.625,8.035,455,150,10,SUCCESS,OSRM,2026-05-16T04:33:15.226363,True
2032,2011,CENTRO DE SALUD MARCAVELICA,CENTRO DE SALUD SANTA TERESITA,-4.8824518,-80.7061949,-4.9004509,-80.6777636,3.7319595767751834,5.5963,7.526666666666667,456,150,10,SUCCESS,OSRM,2026-05-16T04:33:16.822353,True
2032,2001,CENTRO DE SALUD MARCAVELICA,CENTRO DE SALUD BELLAVISTA,-4.8824518,-80.7061949,-4.8844701,-80.6714142,3.8599280404358502,5.1435,8.185,457,150,10,SUCCESS,OSRM,2026-05-16T04:33:18.362194,True
2032,2020,CENTRO DE SALUD MARCAVELICA,PUESTO DE SALUD JIBITO,-4.8824518,-80.7061949,-4.9051923,-80.7473456,5.213354302177054,8.798,10.275,458,150,10,SUCCESS,OSRM,2026-05-16T04:33:19.967066,True
2032,2050,CENTRO DE SALUD MARCAVELICA,CENTRO DE SALUD QUERECOTILLO,-4.8824518,-80.7061949,-4.8378896,-80.6471156,8.209694429128424,9.9888,8.416666666666666,459,150,10,SUCCESS,OSRM,2026-05-16T04:33:21.511223,True
2033,2032,PUESTO DE SALUD MALLARITOS,CENTRO DE SALUD MARCAVELICA,-4.8694928,-80.718029,-4.8824518,-80.7061949,1.9481966555778565,2.0286,2.02,460,150,10,SUCCESS,OSRM,2026-05-16T04:33:23.175403,True
2033,2058,PUESTO DE SALUD MALLARITOS,CENTRO DE SALUD SALITRAL,-4.8694928,-80.718029,-4.8598949,-80.6836031,3.960692847378172,6.7906,5.8149999999999995,461,150,10,SUCCESS,OSRM,2026-05-16T04:33:24.769572,True
2033,2012,PUESTO DE SALUD MALLARITOS,"CENTRO DE SALUD ""VILLA PRIMAVERA""",-4.8694928,-80.718029,-4.904803,-80.7106523,4.010471259703814,6.673100000000001,7.085,462,150,10,SUCCESS,OSRM,2026-05-16T04:33:26.447562,True
2033,DEPOT_DSRSLCC,PUESTO DE SALUD MALLARITOS,ALMACEN CENTRAL DSRSLCC,-4.8694928,-80.718029,-4.906564049486188,-80.72843391449476,4.280287970346168,8.561399999999999,9.438333333333333,463,150,10,SUCCESS,OSRM,2026-05-16T04:33:28.088499,True
2033,2017,PUESTO DE SALUD MALLARITOS,CENTRO DE SALUD NUEVO SULLANA,-4.8694928,-80.718029,-4.9088237,-80.7227337,4.404348252194144,8.2285,9.146666666666667,464,150,10,SUCCESS,OSRM,2026-05-16T04:33:29.724488,True
2033,2018,PUESTO DE SALUD MALLARITOS,CENTRO DE SALUD COMUNIDAD SALUDABLE,-4.8694928,-80.718029,-4.9081922,-80.6946604,5.02198535895551,5.9658,6.156666666666666,465,150,10,SUCCESS,OSRM,2026-05-16T04:33:31.248509,True
2033,2020,PUESTO DE SALUD MALLARITOS,PUESTO DE SALUD JIBITO,-4.8694928,-80.718029,-4.9051923,-80.7473456,5.1290627906283435,10.7345,11.678333333333335,466,150,10,SUCCESS,OSRM,2026-05-16T04:33:32.844640,True
2033,2001,PUESTO DE SALUD MALLARITOS,CENTRO DE SALUD BELLAVISTA,-4.8694928,-80.718029,-4.8844701,-80.6714142,5.426441667866785,7.08,9.588333333333333,467,150,10,SUCCESS,OSRM,2026-05-16T04:33:34.489008,True
2033,2011,PUESTO DE SALUD MALLARITOS,CENTRO DE SALUD SANTA TERESITA,-4.8694928,-80.718029,-4.9004509,-80.6777636,5.634796209138238,7.5328,8.93,468,150,10,SUCCESS,OSRM,2026-05-16T04:33:36.012754,True
2033,2035,PUESTO DE SALUD MALLARITOS,PUESTO DE SALUD MALLARES,-4.8694928,-80.718029,-4.8325148,-80.7621019,6.383695080641377,9.49,9.754999999999999,469,150,10,SUCCESS,OSRM,2026-05-16T04:33:37.530975,True
2035,2038,PUESTO DE SALUD MALLARES,PUESTO DE SALUD SAMAN,-4.8325148,-80.7621019,-4.8325148,-80.7621019,0.0,0.0,0.0,470,150,10,SUCCESS,OSRM,2026-05-16T04:33:39.093740,True
2035,2040,PUESTO DE SALUD MALLARES,PUESTO DE SALUD LA NORIA,-4.8325148,-80.7621019,-4.7923546,-80.7449379,4.853720408530256,6.1516,7.168333333333334,471,150,10,SUCCESS,OSRM,2026-05-16T04:33:40.680302,True
2035,2033,PUESTO DE SALUD MALLARES,PUESTO DE SALUD MALLARITOS,-4.8325148,-80.7621019,-4.8694928,-80.718029,6.383695080641377,9.49,9.743333333333334,472,150,10,SUCCESS,OSRM,2026-05-16T04:33:42.321254,True
2035,2020,PUESTO DE SALUD MALLARES,PUESTO DE SALUD JIBITO,-4.8325148,-80.7621019,-4.9051923,-80.7473456,8.245086000937858,20.1519,21.17,473,150,10,SUCCESS,OSRM,2026-05-16T04:33:43.963192,True
2035,2032,PUESTO DE SALUD MALLARES,CENTRO DE SALUD MARCAVELICA,-4.8325148,-80.7621019,-4.8824518,-80.7061949,8.318751765613495,11.446,11.511666666666667,474,150,10,SUCCESS,OSRM,2026-05-16T04:33:45.596091,True
2035,2043,PUESTO DE SALUD MALLARES,PUESTO DE SALUD SAN JUAN DE LA VIRGEN,-4.8325148,-80.7621019,-4.8439257,-80.8382833,8.535635320185794,13.6044,12.736666666666668,475,150,10,SUCCESS,OSRM,2026-05-16T04:33:47.108872,True
2035,DEPOT_DSRSLCC,PUESTO DE SALUD MALLARES,ALMACEN CENTRAL DSRSLCC,-4.8325148,-80.7621019,-4.906564049486188,-80.72843391449476,9.039440660632591,17.9788,18.93,476,150,10,SUCCESS,OSRM,2026-05-16T04:33:48.770311,True
2035,2037,PUESTO DE SALUD MALLARES,PUESTO DE SALUD TANGARARA,-4.8325148,-80.7621019,-4.8849926,-80.8254037,9.123602955970547,15.6461,20.95,477,150,10,SUCCESS,OSRM,2026-05-16T04:33:50.419783,True
2035,2045,PUESTO DE SALUD MALLARES,PUESTO DE SALUD SANTA SOFIA,-4.8325148,-80.7621019,-4.8849926,-80.8254037,9.123602955970547,15.6461,20.95,478,150,10,SUCCESS,OSRM,2026-05-16T04:33:52.056086,True
2035,2058,PUESTO DE SALUD MALLARES,CENTRO DE SALUD SALITRAL,-4.8325148,-80.7621019,-4.8598949,-80.6836031,9.214934998562281,16.208,15.306666666666667,479,150,10,SUCCESS,OSRM,2026-05-16T04:33:53.686588,True
2037,2045,PUESTO DE SALUD TANGARARA,PUESTO DE SALUD SANTA SOFIA,-4.8849926,-80.8254037,-4.8849926,-80.8254037,0.0,0.0,0.0,480,150,10,SUCCESS,OSRM,2026-05-16T04:33:55.222571,True
2037,2019,PUESTO DE SALUD TANGARARA,CENTRO DE SALUD MIGUEL CHECA,-4.8849926,-80.8254037,-4.9011588,-80.815167,2.1254631709709555,35.6285,39.46333333333334,481,150,10,SUCCESS,OSRM,2026-05-16T04:33:56.820332,True
2037,2043,PUESTO DE SALUD TANGARARA,PUESTO DE SALUD SAN JUAN DE LA VIRGEN,-4.8849926,-80.8254037,-4.8439257,-80.8382833,4.784201638032965,6.244,11.295,482,150,10,SUCCESS,OSRM,2026-05-16T04:33:58.468211,True
2037,2030,PUESTO DE SALUD TANGARARA,MACACARA,-4.8849926,-80.8254037,-4.9197309,-80.8586589,5.33802969285416,40.8464,44.068333333333335,483,150,10,SUCCESS,OSRM,2026-05-16T04:34:00.136662,True
2037,2042,PUESTO DE SALUD TANGARARA,CENTRO DE SALUD IGNACIO ESCUDERO,-4.8849926,-80.8254037,-4.8471958,-80.8742315,6.850542885664256,10.2579,14.173333333333334,484,150,10,SUCCESS,OSRM,2026-05-16T04:34:01.677402,True
2037,2029,PUESTO DE SALUD TANGARARA,PUESTO DE SALUD NOMARA,-4.8849926,-80.8254037,-4.9147723,-80.8867335,7.558583544282316,44.2097,46.78666666666666,485,150,10,SUCCESS,OSRM,2026-05-16T04:34:03.317951,True
2037,2046,PUESTO DE SALUD TANGARARA,PUESTO DE SALUD SAN MIGUEL,-4.8849926,-80.8254037,-4.8498601,-80.8925112,8.398924720445532,12.141399999999999,15.841666666666667,486,150,10,SUCCESS,OSRM,2026-05-16T04:34:04.892237,True
2037,2020,PUESTO DE SALUD TANGARARA,PUESTO DE SALUD JIBITO,-4.8849926,-80.8254037,-4.9051923,-80.7473456,8.934931486117323,27.5257,31.915000000000003,487,150,10,SUCCESS,OSRM,2026-05-16T04:34:06.588643,True
2037,2035,PUESTO DE SALUD TANGARARA,PUESTO DE SALUD MALLARES,-4.8849926,-80.8254037,-4.8325148,-80.7621019,9.123602955970547,15.6461,21.065,488,150,10,SUCCESS,OSRM,2026-05-16T04:34:08.228754,True
2037,2038,PUESTO DE SALUD TANGARARA,PUESTO DE SALUD SAMAN,-4.8849926,-80.8254037,-4.8325148,-80.7621019,9.123602955970547,15.6461,21.065,489,150,10,SUCCESS,OSRM,2026-05-16T04:34:09.804995,True
2038,2035,PUESTO DE SALUD SAMAN,PUESTO DE SALUD MALLARES,-4.8325148,-80.7621019,-4.8325148,-80.7621019,0.0,0.0,0.0,490,150,10,SUCCESS,OSRM,2026-05-16T04:34:11.325411,True
2038,2040,PUESTO DE SALUD SAMAN,PUESTO DE SALUD LA NORIA,-4.8325148,-80.7621019,-4.7923546,-80.7449379,4.853720408530256,6.1516,7.168333333333334,491,150,10,SUCCESS,OSRM,2026-05-16T04:34:12.892275,True
2038,2033,PUESTO DE SALUD SAMAN,PUESTO DE SALUD MALLARITOS,-4.8325148,-80.7621019,-4.8694928,-80.718029,6.383695080641377,9.49,9.743333333333334,492,150,10,SUCCESS,OSRM,2026-05-16T04:34:14.399602,True
2038,2020,PUESTO DE SALUD SAMAN,PUESTO DE SALUD JIBITO,-4.8325148,-80.7621019,-4.9051923,-80.7473456,8.245086000937858,20.1519,21.17,493,150,10,SUCCESS,OSRM,2026-05-16T04:34:16.023657,True
2038,2032,PUESTO DE SALUD SAMAN,CENTRO DE SALUD MARCAVELICA,-4.8325148,-80.7621019,-4.8824518,-80.7061949,8.318751765613495,11.446,11.511666666666667,494,150,10,SUCCESS,OSRM,2026-05-16T04:34:17.649363,True
2038,2043,PUESTO DE SALUD SAMAN,PUESTO DE SALUD SAN JUAN DE LA VIRGEN,-4.8325148,-80.7621019,-4.8439257,-80.8382833,8.535635320185794,13.6044,12.736666666666668,495,150,10,SUCCESS,OSRM,2026-05-16T04:34:19.285648,True
2038,DEPOT_DSRSLCC,PUESTO DE SALUD SAMAN,ALMACEN CENTRAL DSRSLCC,-4.8325148,-80.7621019,-4.906564049486188,-80.72843391449476,9.039440660632591,17.9788,18.93,496,150,10,SUCCESS,OSRM,2026-05-16T04:34:20.923724,True
2038,2037,PUESTO DE SALUD SAMAN,PUESTO DE SALUD TANGARARA,-4.8325148,-80.7621019,-4.8849926,-80.8254037,9.123602955970547,15.6461,20.95,497,150,10,SUCCESS,OSRM,2026-05-16T04:34:22.564525,True
2038,2045,PUESTO DE SALUD SAMAN,PUESTO DE SALUD SANTA SOFIA,-4.8325148,-80.7621019,-4.8849926,-80.8254037,9.123602955970547,15.6461,20.95,498,150,10,SUCCESS,OSRM,2026-05-16T04:34:24.099392,True
2038,2058,PUESTO DE SALUD SAMAN,CENTRO DE SALUD SALITRAL,-4.8325148,-80.7621019,-4.8598949,-80.6836031,9.214934998562281,16.208,15.306666666666667,499,150,10,SUCCESS,OSRM,2026-05-16T04:34:25.741781,True
2040,2035,PUESTO DE SALUD LA NORIA,PUESTO DE SALUD MALLARES,-4.7923546,-80.7449379,-4.8325148,-80.7621019,4.853720408530256,6.1516,7.216666666666667,500,150,10,SUCCESS,OSRM,2026-05-16T04:34:27.380693,True
2040,2038,PUESTO DE SALUD LA NORIA,PUESTO DE SALUD SAMAN,-4.7923546,-80.7449379,-4.8325148,-80.7621019,4.853720408530256,6.1516,7.216666666666667,501,150,10,SUCCESS,OSRM,2026-05-16T04:34:29.018449,True
2040,2033,PUESTO DE SALUD LA NORIA,PUESTO DE SALUD MALLARITOS,-4.7923546,-80.7449379,-4.8694928,-80.718029,9.080790206426768,14.0518,12.96,502,150,10,SUCCESS,OSRM,2026-05-16T04:34:30.550060,True
2040,2058,PUESTO DE SALUD LA NORIA,CENTRO DE SALUD SALITRAL,-4.7923546,-80.7449379,-4.8598949,-80.6836031,10.128522035915749,20.7698,18.523333333333333,503,150,10,SUCCESS,OSRM,2026-05-16T04:34:32.194784,True
2040,2032,PUESTO DE SALUD LA NORIA,CENTRO DE SALUD MARCAVELICA,-4.7923546,-80.7449379,-4.8824518,-80.7061949,10.89928735933429,16.0078,14.728333333333333,504,150,10,SUCCESS,OSRM,2026-05-16T04:34:33.820637,True
2040,2043,PUESTO DE SALUD LA NORIA,PUESTO DE SALUD SAN JUAN DE LA VIRGEN,-4.7923546,-80.7449379,-4.8439257,-80.8382833,11.826180169573696,18.1662,15.953333333333335,505,150,10,SUCCESS,OSRM,2026-05-16T04:34:35.308589,True
2040,2050,PUESTO DE SALUD LA NORIA,CENTRO DE SALUD QUERECOTILLO,-4.7923546,-80.7449379,-4.8378896,-80.6471156,11.963257908560733,25.904400000000003,22.528333333333332,506,150,10,SUCCESS,OSRM,2026-05-16T04:34:36.901260,True
2040,2020,PUESTO DE SALUD LA NORIA,PUESTO DE SALUD JIBITO,-4.7923546,-80.7449379,-4.9051923,-80.7473456,12.549815356551367,24.7137,24.386666666666667,507,150,10,SUCCESS,OSRM,2026-05-16T04:34:38.435862,True
2040,DEPOT_DSRSLCC,PUESTO DE SALUD LA NORIA,ALMACEN CENTRAL DSRSLCC,-4.7923546,-80.7449379,-4.906564049486188,-80.72843391449476,12.830484370497077,22.540599999999998,22.146666666666665,508,150,10,SUCCESS,OSRM,2026-05-16T04:34:39.941471,True
2040,2012,PUESTO DE SALUD LA NORIA,"CENTRO DE SALUD ""VILLA PRIMAVERA""",-4.7923546,-80.7449379,-4.904803,-80.7106523,13.068004521438326,20.6523,19.793333333333333,509,150,10,SUCCESS,OSRM,2026-05-16T04:34:41.465091,True
2042,2046,CENTRO DE SALUD IGNACIO ESCUDERO,PUESTO DE SALUD SAN MIGUEL,-4.8471958,-80.8742315,-4.8498601,-80.8925112,2.0468893001933903,2.3529,2.9016666666666664,510,150,10,SUCCESS,OSRM,2026-05-16T04:34:43.146853,True
2042,2043,CENTRO DE SALUD IGNACIO ESCUDERO,PUESTO DE SALUD SAN JUAN DE LA VIRGEN,-4.8471958,-80.8742315,-4.8439257,-80.8382833,3.99953480661749,4.4386,4.193333333333333,511,150,10,SUCCESS,OSRM,2026-05-16T04:34:44.798688,True
2042,2037,CENTRO DE SALUD IGNACIO ESCUDERO,PUESTO DE SALUD TANGARARA,-4.8471958,-80.8742315,-4.8849926,-80.8254037,6.850542885664256,10.2579,14.0,512,150,10,SUCCESS,OSRM,2026-05-16T04:34:46.428219,True
2042,2045,CENTRO DE SALUD IGNACIO ESCUDERO,PUESTO DE SALUD SANTA SOFIA,-4.8471958,-80.8742315,-4.8849926,-80.8254037,6.850542885664256,10.2579,14.0,513,150,10,SUCCESS,OSRM,2026-05-16T04:34:48.061591,True
2042,2044,CENTRO DE SALUD IGNACIO ESCUDERO,PUESTO DE SALUD MONTE LIMA,-4.8471958,-80.8742315,-4.8608725,-80.9399291,7.436207884672622,8.0871,9.033333333333333,514,150,10,SUCCESS,OSRM,2026-05-16T04:34:49.680439,True
2042,2029,CENTRO DE SALUD IGNACIO ESCUDERO,PUESTO DE SALUD NOMARA,-4.8471958,-80.8742315,-4.9147723,-80.8867335,7.640759831553973,46.1819,41.401666666666664,515,150,10,SUCCESS,OSRM,2026-05-16T04:34:51.219062,True
2042,2030,CENTRO DE SALUD IGNACIO ESCUDERO,MACACARA,-4.8471958,-80.8742315,-4.9197309,-80.8586589,8.248002488147314,42.8185,38.68333333333333,516,150,10,SUCCESS,OSRM,2026-05-16T04:34:52.708009,True
2042,2019,CENTRO DE SALUD IGNACIO ESCUDERO,CENTRO DE SALUD MIGUEL CHECA,-4.8471958,-80.8742315,-4.9011588,-80.815167,8.878505176233585,37.600699999999996,34.07833333333333,517,150,10,SUCCESS,OSRM,2026-05-16T04:34:54.417391,True
2042,2028,CENTRO DE SALUD IGNACIO ESCUDERO,CENTRO DE SALUD VIVIATE,-4.8471958,-80.8742315,-4.9200244,-80.9215755,9.648499949663627,41.0227,42.31333333333334,518,150,10,SUCCESS,OSRM,2026-05-16T04:34:56.062992,True
2042,2049,CENTRO DE SALUD IGNACIO ESCUDERO,CENTRO DE SALUD TAMARINDO,-4.8471958,-80.8742315,-4.8784025,-80.971709,11.343757924171474,12.4677,14.04,519,150,10,SUCCESS,OSRM,2026-05-16T04:34:57.574605,True
2043,2042,PUESTO DE SALUD SAN JUAN DE LA VIRGEN,CENTRO DE SALUD IGNACIO ESCUDERO,-4.8439257,-80.8382833,-4.8471958,-80.8742315,3.99953480661749,4.4386,4.17,520,150,10,SUCCESS,OSRM,2026-05-16T04:34:59.220826,True
2043,2037,PUESTO DE SALUD SAN JUAN DE LA VIRGEN,PUESTO DE SALUD TANGARARA,-4.8439257,-80.8382833,-4.8849926,-80.8254037,4.784201638032965,6.3266,11.191666666666666,521,150,10,SUCCESS,OSRM,2026-05-16T04:35:00.758132,True
2043,2045,PUESTO DE SALUD SAN JUAN DE LA VIRGEN,PUESTO DE SALUD SANTA SOFIA,-4.8439257,-80.8382833,-4.8849926,-80.8254037,4.784201638032965,6.3266,11.191666666666666,522,150,10,SUCCESS,OSRM,2026-05-16T04:35:02.295618,True
2043,2046,PUESTO DE SALUD SAN JUAN DE LA VIRGEN,PUESTO DE SALUD SAN MIGUEL,-4.8439257,-80.8382833,-4.8498601,-80.8925112,6.04443229602995,6.322100000000001,5.838333333333334,523,150,10,SUCCESS,OSRM,2026-05-16T04:35:03.931564,True
2043,2019,PUESTO DE SALUD SAN JUAN DE LA VIRGEN,CENTRO DE SALUD MIGUEL CHECA,-4.8439257,-80.8382833,-4.9011588,-80.815167,6.8600472823687175,33.6693,31.27,524,150,10,SUCCESS,OSRM,2026-05-16T04:35:05.500104,True
2043,2035,PUESTO DE SALUD SAN JUAN DE LA VIRGEN,PUESTO DE SALUD MALLARES,-4.8439257,-80.8382833,-4.8325148,-80.7621019,8.535635320185794,13.6869,12.871666666666666,525,150,10,SUCCESS,OSRM,2026-05-16T04:35:07.105344,True
2043,2038,PUESTO DE SALUD SAN JUAN DE LA VIRGEN,PUESTO DE SALUD SAMAN,-4.8439257,-80.8382833,-4.8325148,-80.7621019,8.535635320185794,13.6869,12.871666666666666,526,150,10,SUCCESS,OSRM,2026-05-16T04:35:08.846245,True
2043,2030,PUESTO DE SALUD SAN JUAN DE LA VIRGEN,MACACARA,-4.8439257,-80.8382833,-4.9197309,-80.8586589,8.72620680723113,38.8872,35.875,527,150,10,SUCCESS,OSRM,2026-05-16T04:35:10.484009,True
2043,2029,PUESTO DE SALUD SAN JUAN DE LA VIRGEN,PUESTO DE SALUD NOMARA,-4.8439257,-80.8382833,-4.9147723,-80.8867335,9.532771027739951,42.2505,38.593333333333334,528,150,10,SUCCESS,OSRM,2026-05-16T04:35:12.044491,True
2043,2044,PUESTO DE SALUD SAN JUAN DE LA VIRGEN,PUESTO DE SALUD MONTE LIMA,-4.8439257,-80.8382833,-4.8608725,-80.9399291,11.418552141242856,12.0562,11.97,529,150,10,SUCCESS,OSRM,2026-05-16T04:35:13.525536,True
2044,2049,PUESTO DE SALUD MONTE LIMA,CENTRO DE SALUD TAMARINDO,-4.8608725,-80.9399291,-4.8784025,-80.971709,4.02455750504541,4.4535,5.253333333333333,530,150,10,SUCCESS,OSRM,2026-05-16T04:35:15.095936,True
2044,2046,PUESTO DE SALUD MONTE LIMA,PUESTO DE SALUD SAN MIGUEL,-4.8608725,-80.9399291,-4.8498601,-80.8925112,5.394526623032716,5.8046999999999995,6.743333333333334,531,150,10,SUCCESS,OSRM,2026-05-16T04:35:16.642115,True
2044,2027,PUESTO DE SALUD MONTE LIMA,CENTRO DE SALUD LA HUACA,-4.8608725,-80.9399291,-4.9121604,-80.9602239,6.130198544623789,29.0751,30.461666666666666,532,150,10,SUCCESS,OSRM,2026-05-16T04:35:18.270819,True
2044,2028,PUESTO DE SALUD MONTE LIMA,CENTRO DE SALUD VIVIATE,-4.8608725,-80.9399291,-4.9200244,-80.9215755,6.884531956036235,33.0085,33.526666666666664,533,150,10,SUCCESS,OSRM,2026-05-16T04:35:19.838398,True
2044,2042,PUESTO DE SALUD MONTE LIMA,CENTRO DE SALUD IGNACIO ESCUDERO,-4.8608725,-80.9399291,-4.8471958,-80.8742315,7.436207884672622,8.0871,8.985000000000001,534,150,10,SUCCESS,OSRM,2026-05-16T04:35:21.363215,True
2044,2047,PUESTO DE SALUD MONTE LIMA,PUESTO DE SALUD AMOTAPE,-4.8608725,-80.9399291,-4.8868634,-81.0031178,7.573930426705302,8.1011,9.06,535,150,10,SUCCESS,OSRM,2026-05-16T04:35:23.082696,True
2044,2048,PUESTO DE SALUD MONTE LIMA,PUESTO DE SALUD EL TAMBO,-4.8608725,-80.9399291,-4.8868634,-81.0031178,7.573930426705302,8.1011,9.06,536,150,10,SUCCESS,OSRM,2026-05-16T04:35:24.718728,True
2044,2029,PUESTO DE SALUD MONTE LIMA,PUESTO DE SALUD NOMARA,-4.8608725,-80.9399291,-4.9147723,-80.8867335,8.405642318920648,36.9988,37.10666666666667,537,150,10,SUCCESS,OSRM,2026-05-16T04:35:26.357834,True
2044,2025,PUESTO DE SALUD MONTE LIMA,CENTRO DE SALUD EL ARENAL,-4.8608725,-80.9399291,-4.8849849,-81.0262273,9.930054266348401,12.3051,14.821666666666665,538,150,10,SUCCESS,OSRM,2026-05-16T04:35:27.894122,True
2044,2030,PUESTO DE SALUD MONTE LIMA,MACACARA,-4.8608725,-80.9399291,-4.9197309,-80.8586589,11.131249137540014,40.3695,40.401666666666664,539,150,10,SUCCESS,OSRM,2026-05-16T04:35:29.487995,True
2045,2037,PUESTO DE SALUD SANTA SOFIA,PUESTO DE SALUD TANGARARA,-4.8849926,-80.8254037,-4.8849926,-80.8254037,0.0,0.0,0.0,540,150,10,SUCCESS,OSRM,2026-05-16T04:35:31.171842,True
2045,2019,PUESTO DE SALUD SANTA SOFIA,CENTRO DE SALUD MIGUEL CHECA,-4.8849926,-80.8254037,-4.9011588,-80.815167,2.1254631709709555,35.6285,39.46333333333334,541,150,10,SUCCESS,OSRM,2026-05-16T04:35:32.810508,True
2045,2043,PUESTO DE SALUD SANTA SOFIA,PUESTO DE SALUD SAN JUAN DE LA VIRGEN,-4.8849926,-80.8254037,-4.8439257,-80.8382833,4.784201638032965,6.244,11.295,542,150,10,SUCCESS,OSRM,2026-05-16T04:35:34.340898,True
2045,2030,PUESTO DE SALUD SANTA SOFIA,MACACARA,-4.8849926,-80.8254037,-4.9197309,-80.8586589,5.33802969285416,40.8464,44.068333333333335,543,150,10,SUCCESS,OSRM,2026-05-16T04:35:36.016485,True
2045,2042,PUESTO DE SALUD SANTA SOFIA,CENTRO DE SALUD IGNACIO ESCUDERO,-4.8849926,-80.8254037,-4.8471958,-80.8742315,6.850542885664256,10.2579,14.173333333333334,544,150,10,SUCCESS,OSRM,2026-05-16T04:35:37.511935,True
2045,2029,PUESTO DE SALUD SANTA SOFIA,PUESTO DE SALUD NOMARA,-4.8849926,-80.8254037,-4.9147723,-80.8867335,7.558583544282316,44.2097,46.78666666666666,545,150,10,SUCCESS,OSRM,2026-05-16T04:35:39.053168,True
2045,2046,PUESTO DE SALUD SANTA SOFIA,PUESTO DE SALUD SAN MIGUEL,-4.8849926,-80.8254037,-4.8498601,-80.8925112,8.398924720445532,12.141399999999999,15.841666666666667,546,150,10,SUCCESS,OSRM,2026-05-16T04:35:40.693841,True
2045,2020,PUESTO DE SALUD SANTA SOFIA,PUESTO DE SALUD JIBITO,-4.8849926,-80.8254037,-4.9051923,-80.7473456,8.934931486117323,27.5257,31.915000000000003,547,150,10,SUCCESS,OSRM,2026-05-16T04:35:42.187761,True
2045,2035,PUESTO DE SALUD SANTA SOFIA,PUESTO DE SALUD MALLARES,-4.8849926,-80.8254037,-4.8325148,-80.7621019,9.123602955970547,15.6461,21.065,548,150,10,SUCCESS,OSRM,2026-05-16T04:35:43.765902,True
2045,2038,PUESTO DE SALUD SANTA SOFIA,PUESTO DE SALUD SAMAN,-4.8849926,-80.8254037,-4.8325148,-80.7621019,9.123602955970547,15.6461,21.065,549,150,10,SUCCESS,OSRM,2026-05-16T04:35:45.302080,True
2046,2042,PUESTO DE SALUD SAN MIGUEL,CENTRO DE SALUD IGNACIO ESCUDERO,-4.8498601,-80.8925112,-4.8471958,-80.8742315,2.0468893001933903,2.3529,2.8016666666666667,550,150,10,SUCCESS,OSRM,2026-05-16T04:35:46.938887,True
2046,2044,PUESTO DE SALUD SAN MIGUEL,PUESTO DE SALUD MONTE LIMA,-4.8498601,-80.8925112,-4.8608725,-80.9399291,5.394526623032716,5.8635,6.63,551,150,10,SUCCESS,OSRM,2026-05-16T04:35:48.578402,True
2046,2043,PUESTO DE SALUD SAN MIGUEL,PUESTO DE SALUD SAN JUAN DE LA VIRGEN,-4.8498601,-80.8925112,-4.8439257,-80.8382833,6.04443229602995,6.322100000000001,5.871666666666667,552,150,10,SUCCESS,OSRM,2026-05-16T04:35:50.080058,True
2046,2029,PUESTO DE SALUD SAN MIGUEL,PUESTO DE SALUD NOMARA,-4.8498601,-80.8925112,-4.9147723,-80.8867335,7.246236225805158,48.065400000000004,43.080000000000005,553,150,10,SUCCESS,OSRM,2026-05-16T04:35:51.656385,True
2046,2037,PUESTO DE SALUD SAN MIGUEL,PUESTO DE SALUD TANGARARA,-4.8498601,-80.8925112,-4.8849926,-80.8254037,8.398924720445532,12.141399999999999,15.678333333333335,554,150,10,SUCCESS,OSRM,2026-05-16T04:35:53.237254,True
2046,2045,PUESTO DE SALUD SAN MIGUEL,PUESTO DE SALUD SANTA SOFIA,-4.8498601,-80.8925112,-4.8849926,-80.8254037,8.398924720445532,12.141399999999999,15.678333333333335,555,150,10,SUCCESS,OSRM,2026-05-16T04:35:54.826570,True
2046,2028,PUESTO DE SALUD SAN MIGUEL,CENTRO DE SALUD VIVIATE,-4.8498601,-80.8925112,-4.9200244,-80.9215755,8.440300646331922,38.7992,39.91,556,150,10,SUCCESS,OSRM,2026-05-16T04:35:56.393720,True
2046,2030,PUESTO DE SALUD SAN MIGUEL,MACACARA,-4.8498601,-80.8925112,-4.9197309,-80.8586589,8.627176697760724,44.7021,40.361666666666665,557,150,10,SUCCESS,OSRM,2026-05-16T04:35:57.908358,True
2046,2049,PUESTO DE SALUD SAN MIGUEL,CENTRO DE SALUD TAMARINDO,-4.8498601,-80.8925112,-4.8784025,-80.971709,9.33101219463141,10.2441,11.636666666666667,558,150,10,SUCCESS,OSRM,2026-05-16T04:35:59.534925,True
2046,2027,PUESTO DE SALUD SAN MIGUEL,CENTRO DE SALUD LA HUACA,-4.8498601,-80.8925112,-4.9121604,-80.9602239,10.211268323392915,34.8657,36.845,559,150,10,SUCCESS,OSRM,2026-05-16T04:36:01.117289,True
2047,2048,PUESTO DE SALUD AMOTAPE,PUESTO DE SALUD EL TAMBO,-4.8868634,-81.0031178,-4.8868634,-81.0031178,0.0,0.0,0.0,560,150,10,SUCCESS,OSRM,2026-05-16T04:36:02.742586,True
2047,2025,PUESTO DE SALUD AMOTAPE,CENTRO DE SALUD EL ARENAL,-4.8868634,-81.0031178,-4.8849849,-81.0262273,2.56882808217617,4.2855,6.111666666666666,561,150,10,SUCCESS,OSRM,2026-05-16T04:36:04.451354,True
2047,2049,PUESTO DE SALUD AMOTAPE,CENTRO DE SALUD TAMARINDO,-4.8868634,-81.0031178,-4.8784025,-80.971709,3.6047616892491714,3.9017,4.666666666666667,562,150,10,SUCCESS,OSRM,2026-05-16T04:36:06.190870,True
2047,2027,PUESTO DE SALUD AMOTAPE,CENTRO DE SALUD LA HUACA,-4.8868634,-81.0031178,-4.9121604,-80.9602239,5.522262477821101,21.055400000000002,21.751666666666665,563,150,10,SUCCESS,OSRM,2026-05-16T04:36:07.829029,True
2047,2026,PUESTO DE SALUD AMOTAPE,"CENTRO DE SALUD ""PUEBLO NUEVO DE COLAN""",-4.8868634,-81.0031178,-4.9115827,-81.057902,6.662851166951098,9.752600000000001,13.933333333333334,564,150,10,SUCCESS,OSRM,2026-05-16T04:36:09.369209,True
2047,2044,PUESTO DE SALUD AMOTAPE,PUESTO DE SALUD MONTE LIMA,-4.8868634,-81.0031178,-4.8608725,-80.9399291,7.573930426705302,8.1018,9.065,565,150,10,SUCCESS,OSRM,2026-05-16T04:36:11.004685,True
2047,2078,PUESTO DE SALUD AMOTAPE,CENTRO DE SALUD VICHAYAL,-4.8868634,-81.0031178,-4.8651182,-81.0726136,8.070351303421267,14.674299999999999,14.483333333333333,566,150,10,SUCCESS,OSRM,2026-05-16T04:36:12.564470,True
2047,2028,PUESTO DE SALUD AMOTAPE,CENTRO DE SALUD VIVIATE,-4.8868634,-81.0031178,-4.9200244,-80.9215755,9.757453241930346,24.988799999999998,24.816666666666666,567,150,10,SUCCESS,OSRM,2026-05-16T04:36:14.171795,True
2047,2079,PUESTO DE SALUD AMOTAPE,PUESTO DE SALUD MIRAMAR,-4.8868634,-81.0031178,-4.8722839,-81.1008006,10.943213882643768,19.1755,18.503333333333334,568,150,10,SUCCESS,OSRM,2026-05-16T04:36:16.738073,True
2047,2046,PUESTO DE SALUD AMOTAPE,PUESTO DE SALUD SAN MIGUEL,-4.8868634,-81.0031178,-4.8498601,-80.8925112,12.926835292791434,13.8337,15.456666666666667,569,150,10,SUCCESS,OSRM,2026-05-16T04:36:18.410625,True
2048,2047,PUESTO DE SALUD EL TAMBO,PUESTO DE SALUD AMOTAPE,-4.8868634,-81.0031178,-4.8868634,-81.0031178,0.0,0.0,0.0,570,150,10,SUCCESS,OSRM,2026-05-16T04:36:20.018786,True
2048,2025,PUESTO DE SALUD EL TAMBO,CENTRO DE SALUD EL ARENAL,-4.8868634,-81.0031178,-4.8849849,-81.0262273,2.56882808217617,4.2855,6.111666666666666,571,150,10,SUCCESS,OSRM,2026-05-16T04:36:21.651876,True
2048,2049,PUESTO DE SALUD EL TAMBO,CENTRO DE SALUD TAMARINDO,-4.8868634,-81.0031178,-4.8784025,-80.971709,3.6047616892491714,3.9017,4.666666666666667,572,150,10,SUCCESS,OSRM,2026-05-16T04:36:23.291914,True
2048,2027,PUESTO DE SALUD EL TAMBO,CENTRO DE SALUD LA HUACA,-4.8868634,-81.0031178,-4.9121604,-80.9602239,5.522262477821101,21.055400000000002,21.751666666666665,573,150,10,SUCCESS,OSRM,2026-05-16T04:36:24.933747,True
2048,2026,PUESTO DE SALUD EL TAMBO,"CENTRO DE SALUD ""PUEBLO NUEVO DE COLAN""",-4.8868634,-81.0031178,-4.9115827,-81.057902,6.662851166951098,9.752600000000001,13.933333333333334,574,150,10,SUCCESS,OSRM,2026-05-16T04:36:26.570784,True
2048,2044,PUESTO DE SALUD EL TAMBO,PUESTO DE SALUD MONTE LIMA,-4.8868634,-81.0031178,-4.8608725,-80.9399291,7.573930426705302,8.1018,9.065,575,150,10,SUCCESS,OSRM,2026-05-16T04:36:28.321573,True
2048,2078,PUESTO DE SALUD EL TAMBO,CENTRO DE SALUD VICHAYAL,-4.8868634,-81.0031178,-4.8651182,-81.0726136,8.070351303421267,14.674299999999999,14.483333333333333,576,150,10,SUCCESS,OSRM,2026-05-16T04:36:29.949069,True
2048,2028,PUESTO DE SALUD EL TAMBO,CENTRO DE SALUD VIVIATE,-4.8868634,-81.0031178,-4.9200244,-80.9215755,9.757453241930346,24.988799999999998,24.816666666666666,577,150,10,SUCCESS,OSRM,2026-05-16T04:36:31.585401,True
2048,2079,PUESTO DE SALUD EL TAMBO,PUESTO DE SALUD MIRAMAR,-4.8868634,-81.0031178,-4.8722839,-81.1008006,10.943213882643768,19.1755,18.503333333333334,578,150,10,SUCCESS,OSRM,2026-05-16T04:36:33.225285,True
2048,2046,PUESTO DE SALUD EL TAMBO,PUESTO DE SALUD SAN MIGUEL,-4.8868634,-81.0031178,-4.8498601,-80.8925112,12.926835292791434,13.8337,15.456666666666667,579,150,10,SUCCESS,OSRM,2026-05-16T04:36:34.864137,True
2049,2047,CENTRO DE SALUD TAMARINDO,PUESTO DE SALUD AMOTAPE,-4.8784025,-80.971709,-4.8868634,-81.0031178,3.6047616892491714,3.9017,4.691666666666666,580,150,10,SUCCESS,OSRM,2026-05-16T04:36:36.447030,True
2049,2048,CENTRO DE SALUD TAMARINDO,PUESTO DE SALUD EL TAMBO,-4.8784025,-80.971709,-4.8868634,-81.0031178,3.6047616892491714,3.9017,4.691666666666666,581,150,10,SUCCESS,OSRM,2026-05-16T04:36:38.035126,True
2049,2027,CENTRO DE SALUD TAMARINDO,CENTRO DE SALUD LA HUACA,-4.8784025,-80.971709,-4.9121604,-80.9602239,3.9635068953069568,24.875700000000002,26.09333333333333,582,150,10,SUCCESS,OSRM,2026-05-16T04:36:39.683204,True
2049,2044,CENTRO DE SALUD TAMARINDO,PUESTO DE SALUD MONTE LIMA,-4.8784025,-80.971709,-4.8608725,-80.9399291,4.02455750504541,4.416600000000001,5.241666666666666,583,150,10,SUCCESS,OSRM,2026-05-16T04:36:41.249305,True
2049,2025,CENTRO DE SALUD TAMARINDO,CENTRO DE SALUD EL ARENAL,-4.8784025,-80.971709,-4.8849849,-81.0262273,6.084353007455653,8.1057,10.453333333333335,584,150,10,SUCCESS,OSRM,2026-05-16T04:36:42.852792,True
2049,2028,CENTRO DE SALUD TAMARINDO,CENTRO DE SALUD VIVIATE,-4.8784025,-80.971709,-4.9200244,-80.9215755,7.2297385735725825,28.809099999999997,29.158333333333335,585,150,10,SUCCESS,OSRM,2026-05-16T04:36:44.489198,True
2049,2046,CENTRO DE SALUD TAMARINDO,PUESTO DE SALUD SAN MIGUEL,-4.8784025,-80.971709,-4.8498601,-80.8925112,9.33101219463141,10.1485,11.633333333333333,586,150,10,SUCCESS,OSRM,2026-05-16T04:36:45.988620,True
2049,2026,CENTRO DE SALUD TAMARINDO,"CENTRO DE SALUD ""PUEBLO NUEVO DE COLAN""",-4.8784025,-80.971709,-4.9115827,-81.057902,10.23722183640107,13.572799999999999,18.275,587,150,10,SUCCESS,OSRM,2026-05-16T04:36:47.513147,True
2049,2029,CENTRO DE SALUD TAMARINDO,PUESTO DE SALUD NOMARA,-4.8784025,-80.971709,-4.9147723,-80.8867335,10.24622923909713,32.7994,32.73833333333333,588,150,10,SUCCESS,OSRM,2026-05-16T04:36:49.202311,True
2049,2078,CENTRO DE SALUD TAMARINDO,CENTRO DE SALUD VICHAYAL,-4.8784025,-80.971709,-4.8651182,-81.0726136,11.276709525834294,18.4945,18.825,589,150,10,SUCCESS,OSRM,2026-05-16T04:36:50.770562,True
2050,2058,CENTRO DE SALUD QUERECOTILLO,CENTRO DE SALUD SALITRAL,-4.8378896,-80.6471156,-4.8598949,-80.6836031,4.72553379321749,5.5495,5.193333333333333,590,150,10,SUCCESS,OSRM,2026-05-16T04:36:52.476088,True
2050,2001,CENTRO DE SALUD QUERECOTILLO,CENTRO DE SALUD BELLAVISTA,-4.8378896,-80.6471156,-4.8844701,-80.6714142,5.837389445985766,13.369399999999999,14.331666666666667,591,150,10,SUCCESS,OSRM,2026-05-16T04:36:54.113898,True
2050,2052,CENTRO DE SALUD QUERECOTILLO,PUESTO DE SALUD SAN FRANCISCO DE CHOCAN,-4.8378896,-80.6471156,-4.7852623,-80.6101357,7.143808196458579,7.7284,6.466666666666667,592,150,10,SUCCESS,OSRM,2026-05-16T04:36:55.749968,True
2050,2056,CENTRO DE SALUD QUERECOTILLO,PUESTO DE SALUD PUENTE DE LOS SERRANOS,-4.8378896,-80.6471156,-4.7852623,-80.6101357,7.143808196458579,7.7284,6.466666666666667,593,150,10,SUCCESS,OSRM,2026-05-16T04:36:57.323014,True
2050,2065,CENTRO DE SALUD QUERECOTILLO,PUESTO DE SALUD EL ALAMOR,-4.8378896,-80.6471156,-4.7852623,-80.6101357,7.143808196458579,7.7284,6.466666666666667,594,150,10,SUCCESS,OSRM,2026-05-16T04:36:58.877755,True
2050,2011,CENTRO DE SALUD QUERECOTILLO,CENTRO DE SALUD SANTA TERESITA,-4.8378896,-80.6471156,-4.9004509,-80.6777636,7.740994881504898,13.874,13.836666666666668,595,150,10,SUCCESS,OSRM,2026-05-16T04:37:00.514714,True
2050,2032,CENTRO DE SALUD QUERECOTILLO,CENTRO DE SALUD MARCAVELICA,-4.8378896,-80.6471156,-4.8824518,-80.7061949,8.209694429128424,9.9888,8.433333333333334,596,150,10,SUCCESS,OSRM,2026-05-16T04:37:02.096467,True
2050,2033,CENTRO DE SALUD QUERECOTILLO,PUESTO DE SALUD MALLARITOS,-4.8378896,-80.6471156,-4.8694928,-80.718029,8.606998210550124,11.9253,9.828333333333335,597,150,10,SUCCESS,OSRM,2026-05-16T04:37:03.737927,True
2050,2018,CENTRO DE SALUD QUERECOTILLO,CENTRO DE SALUD COMUNIDAD SALUDABLE,-4.8378896,-80.6471156,-4.9081922,-80.6946604,9.426451810943897,12.3071,11.063333333333333,598,150,10,SUCCESS,OSRM,2026-05-16T04:37:05.380776,True
2050,2012,CENTRO DE SALUD QUERECOTILLO,"CENTRO DE SALUD ""VILLA PRIMAVERA""",-4.8378896,-80.6471156,-4.904803,-80.7106523,10.242739240475602,13.014299999999999,11.991666666666667,599,150,10,SUCCESS,OSRM,2026-05-16T04:37:07.000469,True
2052,2056,PUESTO DE SALUD SAN FRANCISCO DE CHOCAN,PUESTO DE SALUD PUENTE DE LOS SERRANOS,-4.7852623,-80.6101357,-4.7852623,-80.6101357,0.0,0.0,0.0,600,150,10,SUCCESS,OSRM,2026-05-16T04:37:08.655677,True
2052,2065,PUESTO DE SALUD SAN FRANCISCO DE CHOCAN,PUESTO DE SALUD EL ALAMOR,-4.7852623,-80.6101357,-4.7852623,-80.6101357,0.0,0.0,0.0,601,150,10,SUCCESS,OSRM,2026-05-16T04:37:10.231056,True
2052,2050,PUESTO DE SALUD SAN FRANCISCO DE CHOCAN,CENTRO DE SALUD QUERECOTILLO,-4.7852623,-80.6101357,-4.8378896,-80.6471156,7.143808196458579,7.7284,6.568333333333333,602,150,10,SUCCESS,OSRM,2026-05-16T04:37:12.010513,True
2052,2058,PUESTO DE SALUD SAN FRANCISCO DE CHOCAN,CENTRO DE SALUD SALITRAL,-4.7852623,-80.6101357,-4.8598949,-80.6836031,11.624702147951668,12.468200000000001,9.535,603,150,10,SUCCESS,OSRM,2026-05-16T04:37:13.676871,True
2052,2001,PUESTO DE SALUD SAN FRANCISCO DE CHOCAN,CENTRO DE SALUD BELLAVISTA,-4.7852623,-80.6101357,-4.8844701,-80.6714142,12.953405232517895,20.2881,18.673333333333336,604,150,10,SUCCESS,OSRM,2026-05-16T04:37:15.321926,True
2052,2011,PUESTO DE SALUD SAN FRANCISCO DE CHOCAN,CENTRO DE SALUD SANTA TERESITA,-4.7852623,-80.6101357,-4.9004509,-80.6777636,14.839148578581442,20.7928,18.178333333333335,605,150,10,SUCCESS,OSRM,2026-05-16T04:37:16.903704,True
2052,2040,PUESTO DE SALUD SAN FRANCISCO DE CHOCAN,PUESTO DE SALUD LA NORIA,-4.7852623,-80.6101357,-4.7923546,-80.7449379,14.957799842610639,32.8232,26.68166666666667,606,150,10,SUCCESS,OSRM,2026-05-16T04:37:18.486226,True
2052,2032,PUESTO DE SALUD SAN FRANCISCO DE CHOCAN,CENTRO DE SALUD MARCAVELICA,-4.7852623,-80.6101357,-4.8824518,-80.7061949,15.168082043259568,16.9075,12.775,607,150,10,SUCCESS,OSRM,2026-05-16T04:37:20.076936,True
2052,2033,PUESTO DE SALUD SAN FRANCISCO DE CHOCAN,PUESTO DE SALUD MALLARITOS,-4.7852623,-80.6101357,-4.8694928,-80.718029,15.186678520471604,18.844,14.17,608,150,10,SUCCESS,OSRM,2026-05-16T04:37:21.667995,True
2052,2018,PUESTO DE SALUD SAN FRANCISCO DE CHOCAN,CENTRO DE SALUD COMUNIDAD SALUDABLE,-4.7852623,-80.6101357,-4.9081922,-80.6946604,16.569604055982797,19.2258,15.405,609,150,10,SUCCESS,OSRM,2026-05-16T04:37:23.300894,True
2056,2052,PUESTO DE SALUD PUENTE DE LOS SERRANOS,PUESTO DE SALUD SAN FRANCISCO DE CHOCAN,-4.7852623,-80.6101357,-4.7852623,-80.6101357,0.0,0.0,0.0,610,150,10,SUCCESS,OSRM,2026-05-16T04:37:24.878908,True
2056,2065,PUESTO DE SALUD PUENTE DE LOS SERRANOS,PUESTO DE SALUD EL ALAMOR,-4.7852623,-80.6101357,-4.7852623,-80.6101357,0.0,0.0,0.0,611,150,10,SUCCESS,OSRM,2026-05-16T04:37:26.475053,True
2056,2050,PUESTO DE SALUD PUENTE DE LOS SERRANOS,CENTRO DE SALUD QUERECOTILLO,-4.7852623,-80.6101357,-4.8378896,-80.6471156,7.143808196458579,7.7284,6.568333333333333,612,150,10,SUCCESS,OSRM,2026-05-16T04:37:28.157990,True
2056,2058,PUESTO DE SALUD PUENTE DE LOS SERRANOS,CENTRO DE SALUD SALITRAL,-4.7852623,-80.6101357,-4.8598949,-80.6836031,11.624702147951668,12.468200000000001,9.535,613,150,10,SUCCESS,OSRM,2026-05-16T04:37:29.847659,True
2056,2001,PUESTO DE SALUD PUENTE DE LOS SERRANOS,CENTRO DE SALUD BELLAVISTA,-4.7852623,-80.6101357,-4.8844701,-80.6714142,12.953405232517895,20.2881,18.673333333333336,614,150,10,SUCCESS,OSRM,2026-05-16T04:37:31.330030,True
2056,2011,PUESTO DE SALUD PUENTE DE LOS SERRANOS,CENTRO DE SALUD SANTA TERESITA,-4.7852623,-80.6101357,-4.9004509,-80.6777636,14.839148578581442,20.7928,18.178333333333335,615,150,10,SUCCESS,OSRM,2026-05-16T04:37:32.830001,True
2056,2040,PUESTO DE SALUD PUENTE DE LOS SERRANOS,PUESTO DE SALUD LA NORIA,-4.7852623,-80.6101357,-4.7923546,-80.7449379,14.957799842610639,32.8232,26.68166666666667,616,150,10,SUCCESS,OSRM,2026-05-16T04:37:34.460338,True
2056,2032,PUESTO DE SALUD PUENTE DE LOS SERRANOS,CENTRO DE SALUD MARCAVELICA,-4.7852623,-80.6101357,-4.8824518,-80.7061949,15.168082043259568,16.9075,12.775,617,150,10,SUCCESS,OSRM,2026-05-16T04:37:36.017856,True
2056,2033,PUESTO DE SALUD PUENTE DE LOS SERRANOS,PUESTO DE SALUD MALLARITOS,-4.7852623,-80.6101357,-4.8694928,-80.718029,15.186678520471604,18.844,14.17,618,150,10,SUCCESS,OSRM,2026-05-16T04:37:37.639674,True
2056,2018,PUESTO DE SALUD PUENTE DE LOS SERRANOS,CENTRO DE SALUD COMUNIDAD SALUDABLE,-4.7852623,-80.6101357,-4.9081922,-80.6946604,16.569604055982797,19.2258,15.405,619,150,10,SUCCESS,OSRM,2026-05-16T04:37:39.274940,True
2058,2001,CENTRO DE SALUD SALITRAL,CENTRO DE SALUD BELLAVISTA,-4.8598949,-80.6836031,-4.8844701,-80.6714142,3.048116432421518,8.122300000000001,10.358333333333333,620,150,10,SUCCESS,OSRM,2026-05-16T04:37:40.817571,True
2058,2032,CENTRO DE SALUD SALITRAL,CENTRO DE SALUD MARCAVELICA,-4.8598949,-80.6836031,-4.8824518,-80.7061949,3.5434787744070215,4.7417,4.46,621,150,10,SUCCESS,OSRM,2026-05-16T04:37:42.448010,True
2058,2033,CENTRO DE SALUD SALITRAL,PUESTO DE SALUD MALLARITOS,-4.8598949,-80.6836031,-4.8694928,-80.718029,3.960692847378172,6.6781999999999995,5.855,622,150,10,SUCCESS,OSRM,2026-05-16T04:37:44.087139,True
2058,2011,CENTRO DE SALUD SALITRAL,CENTRO DE SALUD SANTA TERESITA,-4.8598949,-80.6836031,-4.9004509,-80.6777636,4.555793481589557,8.6269,9.863333333333333,623,150,10,SUCCESS,OSRM,2026-05-16T04:37:45.726917,True
2058,2050,CENTRO DE SALUD SALITRAL,CENTRO DE SALUD QUERECOTILLO,-4.8598949,-80.6836031,-4.8378896,-80.6471156,4.72553379321749,5.5495,5.193333333333333,624,150,10,SUCCESS,OSRM,2026-05-16T04:37:47.364186,True
2058,2018,CENTRO DE SALUD SALITRAL,CENTRO DE SALUD COMUNIDAD SALUDABLE,-4.8598949,-80.6836031,-4.9081922,-80.6946604,5.508366826103284,7.06,7.09,625,150,10,SUCCESS,OSRM,2026-05-16T04:37:49.001320,True
2058,2012,CENTRO DE SALUD SALITRAL,"CENTRO DE SALUD ""VILLA PRIMAVERA""",-4.8598949,-80.6836031,-4.904803,-80.7106523,5.823787657792781,7.7672,8.018333333333334,626,150,10,SUCCESS,OSRM,2026-05-16T04:37:50.640136,True
2058,2017,CENTRO DE SALUD SALITRAL,CENTRO DE SALUD NUEVO SULLANA,-4.8598949,-80.6836031,-4.9088237,-80.7227337,6.956689577045245,9.3226,10.08,627,150,10,SUCCESS,OSRM,2026-05-16T04:37:52.382254,True
2058,DEPOT_DSRSLCC,CENTRO DE SALUD SALITRAL,ALMACEN CENTRAL DSRSLCC,-4.8598949,-80.6836031,-4.906564049486188,-80.72843391449476,7.183267714411404,9.6556,10.371666666666666,628,150,10,SUCCESS,OSRM,2026-05-16T04:37:53.973985,True
2058,2020,CENTRO DE SALUD SALITRAL,PUESTO DE SALUD JIBITO,-4.8598949,-80.6836031,-4.9051923,-80.7473456,8.674292094455694,11.828700000000001,12.611666666666668,629,150,10,SUCCESS,OSRM,2026-05-16T04:37:55.658195,True
2060,2052,CENTRO DE SALUD LANCONES,PUESTO DE SALUD SAN FRANCISCO DE CHOCAN,-4.6409943,-80.5492339,-4.7852623,-80.6101357,17.40377935014422,21.285700000000002,16.00166666666667,630,150,10,SUCCESS,OSRM,2026-05-16T04:37:57.295857,True
2060,2056,CENTRO DE SALUD LANCONES,PUESTO DE SALUD PUENTE DE LOS SERRANOS,-4.6409943,-80.5492339,-4.7852623,-80.6101357,17.40377935014422,21.285700000000002,16.00166666666667,631,150,10,SUCCESS,OSRM,2026-05-16T04:37:58.871454,True
2060,2065,CENTRO DE SALUD LANCONES,PUESTO DE SALUD EL ALAMOR,-4.6409943,-80.5492339,-4.7852623,-80.6101357,17.40377935014422,21.285700000000002,16.00166666666667,632,150,10,SUCCESS,OSRM,2026-05-16T04:38:00.539667,True
2060,2050,CENTRO DE SALUD LANCONES,CENTRO DE SALUD QUERECOTILLO,-4.6409943,-80.5492339,-4.8378896,-80.6471156,24.433341296478503,28.713099999999997,21.735,633,150,10,SUCCESS,OSRM,2026-05-16T04:38:02.061521,True
2060,2040,CENTRO DE SALUD LANCONES,PUESTO DE SALUD LA NORIA,-4.6409943,-80.5492339,-4.7923546,-80.7449379,27.45208986637323,53.807900000000004,41.848333333333336,634,150,10,SUCCESS,OSRM,2026-05-16T04:38:03.678484,True
2060,2058,CENTRO DE SALUD LANCONES,CENTRO DE SALUD SALITRAL,-4.6409943,-80.5492339,-4.8598949,-80.6836031,28.533732238961534,33.453,24.701666666666664,635,150,10,SUCCESS,OSRM,2026-05-16T04:38:05.284867,True
2060,2001,CENTRO DE SALUD LANCONES,CENTRO DE SALUD BELLAVISTA,-4.6409943,-80.5492339,-4.8844701,-80.6714142,30.269856069786325,41.272800000000004,33.84,636,150,10,SUCCESS,OSRM,2026-05-16T04:38:06.921237,True
2060,1986,CENTRO DE SALUD LANCONES,PUESTO DE SALUD CHICA ALTA,-4.6409943,-80.5492339,-4.8903579,-80.4146409,31.484546922566977,74.5885,55.388333333333335,637,150,10,SUCCESS,OSRM,2026-05-16T04:38:08.512674,True
2060,1987,CENTRO DE SALUD LANCONES,PUESTO DE SALUD SINCHI ROCA,-4.6409943,-80.5492339,-4.8903579,-80.4146409,31.484546922566977,74.5885,55.388333333333335,638,150,10,SUCCESS,OSRM,2026-05-16T04:38:10.198761,True
2060,1943,CENTRO DE SALUD LANCONES,CENTRO DE SALUD EL PARTIDOR,-4.6409943,-80.5492339,-4.7309471,-80.2796964,31.501168660772628,109.2206,81.40333333333334,639,150,10,SUCCESS,OSRM,2026-05-16T04:38:11.780331,True
2065,2052,PUESTO DE SALUD EL ALAMOR,PUESTO DE SALUD SAN FRANCISCO DE CHOCAN,-4.7852623,-80.6101357,-4.7852623,-80.6101357,0.0,0.0,0.0,640,150,10,SUCCESS,OSRM,2026-05-16T04:38:13.375622,True
2065,2056,PUESTO DE SALUD EL ALAMOR,PUESTO DE SALUD PUENTE DE LOS SERRANOS,-4.7852623,-80.6101357,-4.7852623,-80.6101357,0.0,0.0,0.0,641,150,10,SUCCESS,OSRM,2026-05-16T04:38:15.015739,True
2065,2050,PUESTO DE SALUD EL ALAMOR,CENTRO DE SALUD QUERECOTILLO,-4.7852623,-80.6101357,-4.8378896,-80.6471156,7.143808196458579,7.7284,6.568333333333333,642,150,10,SUCCESS,OSRM,2026-05-16T04:38:16.602079,True
2065,2058,PUESTO DE SALUD EL ALAMOR,CENTRO DE SALUD SALITRAL,-4.7852623,-80.6101357,-4.8598949,-80.6836031,11.624702147951668,12.468200000000001,9.535,643,150,10,SUCCESS,OSRM,2026-05-16T04:38:18.187633,True
2065,2001,PUESTO DE SALUD EL ALAMOR,CENTRO DE SALUD BELLAVISTA,-4.7852623,-80.6101357,-4.8844701,-80.6714142,12.953405232517895,20.2881,18.673333333333336,644,150,10,SUCCESS,OSRM,2026-05-16T04:38:19.723668,True
2065,2011,PUESTO DE SALUD EL ALAMOR,CENTRO DE SALUD SANTA TERESITA,-4.7852623,-80.6101357,-4.9004509,-80.6777636,14.839148578581442,20.7928,18.178333333333335,645,150,10,SUCCESS,OSRM,2026-05-16T04:38:21.364232,True
2065,2040,PUESTO DE SALUD EL ALAMOR,PUESTO DE SALUD LA NORIA,-4.7852623,-80.6101357,-4.7923546,-80.7449379,14.957799842610639,32.8232,26.68166666666667,646,150,10,SUCCESS,OSRM,2026-05-16T04:38:22.998571,True
2065,2032,PUESTO DE SALUD EL ALAMOR,CENTRO DE SALUD MARCAVELICA,-4.7852623,-80.6101357,-4.8824518,-80.7061949,15.168082043259568,16.9075,12.775,647,150,10,SUCCESS,OSRM,2026-05-16T04:38:24.569060,True
2065,2033,PUESTO DE SALUD EL ALAMOR,PUESTO DE SALUD MALLARITOS,-4.7852623,-80.6101357,-4.8694928,-80.718029,15.186678520471604,18.844,14.17,648,150,10,SUCCESS,OSRM,2026-05-16T04:38:26.174437,True
2065,2018,PUESTO DE SALUD EL ALAMOR,CENTRO DE SALUD COMUNIDAD SALUDABLE,-4.7852623,-80.6101357,-4.9081922,-80.6946604,16.569604055982797,19.2258,15.405,649,150,10,SUCCESS,OSRM,2026-05-16T04:38:27.811910,True
2073,2074,CENTRO DE SALUD JOSE ABELARDO QUINONES,CENTRO DE SALUD TALARA II,-4.5944779,-81.255439,-4.5786801,-81.2717819,2.523299216699832,4.2032,5.753333333333333,650,150,10,SUCCESS,OSRM,2026-05-16T04:38:29.452414,True
2073,2075,CENTRO DE SALUD JOSE ABELARDO QUINONES,CENTRO DE SALUD NEGRITOS,-4.5944779,-81.255439,-4.6583979,-81.304085,8.921134941629848,12.0095,14.693333333333333,651,150,10,SUCCESS,OSRM,2026-05-16T04:38:30.984418,True
2073,7718,CENTRO DE SALUD JOSE ABELARDO QUINONES,PUESTO DE SALUD FELIPE SANTIAGO SALAVERRY,-4.5944779,-81.255439,-4.5900299,-81.1750729,8.92133510109282,12.1504,13.288333333333332,652,150,10,SUCCESS,OSRM,2026-05-16T04:38:32.558898,True
2073,2076,CENTRO DE SALUD JOSE ABELARDO QUINONES,PUESTO DE SALUD SAN PABLO,-4.5944779,-81.255439,-4.6649291,-81.3106373,9.939590791335734,12.6199,15.006666666666666,653,150,10,SUCCESS,OSRM,2026-05-16T04:38:34.113799,True
2073,2077,CENTRO DE SALUD JOSE ABELARDO QUINONES,PUESTO DE SALUD LOBITOS,-4.5944779,-81.255439,-4.4565304,-81.2749705,15.491100403788996,19.352400000000003,20.773333333333333,654,150,10,SUCCESS,OSRM,2026-05-16T04:38:35.797967,True
2073,2079,CENTRO DE SALUD JOSE ABELARDO QUINONES,PUESTO DE SALUD MIRAMAR,-4.5944779,-81.255439,-4.8722839,-81.1008006,35.3254096806041,44.2551,45.358333333333334,655,150,10,SUCCESS,OSRM,2026-05-16T04:38:37.372083,True
2073,2078,CENTRO DE SALUD JOSE ABELARDO QUINONES,CENTRO DE SALUD VICHAYAL,-4.5944779,-81.255439,-4.8651182,-81.0726136,36.27818179157536,46.1863,49.71333333333334,656,150,10,SUCCESS,OSRM,2026-05-16T04:38:38.919047,True
2073,2083,CENTRO DE SALUD JOSE ABELARDO QUINONES,PUESTO DE SALUD CABO BLANCO,-4.5944779,-81.255439,-4.2512228,-81.2310862,38.263593468417284,56.401,46.39833333333333,657,150,10,SUCCESS,OSRM,2026-05-16T04:38:40.538723,True
2073,2025,CENTRO DE SALUD JOSE ABELARDO QUINONES,CENTRO DE SALUD EL ARENAL,-4.5944779,-81.255439,-4.8849849,-81.0262273,41.0930317771531,53.3188,57.58166666666667,658,150,10,SUCCESS,OSRM,2026-05-16T04:38:42.158385,True
2073,2026,CENTRO DE SALUD JOSE ABELARDO QUINONES,"CENTRO DE SALUD ""PUEBLO NUEVO DE COLAN""",-4.5944779,-81.255439,-4.9115827,-81.057902,41.502425275445184,58.7859,65.40333333333334,659,150,10,SUCCESS,OSRM,2026-05-16T04:38:43.684304,True
2074,2073,CENTRO DE SALUD TALARA II,CENTRO DE SALUD JOSE ABELARDO QUINONES,-4.5786801,-81.2717819,-4.5944779,-81.255439,2.523299216699832,4.6998999999999995,5.736666666666666,660,150,10,SUCCESS,OSRM,2026-05-16T04:38:45.221688,True
2074,2075,CENTRO DE SALUD TALARA II,CENTRO DE SALUD NEGRITOS,-4.5786801,-81.2717819,-4.6583979,-81.304085,9.559952409280962,11.741700000000002,11.936666666666667,661,150,10,SUCCESS,OSRM,2026-05-16T04:38:46.857428,True
2074,2076,CENTRO DE SALUD TALARA II,PUESTO DE SALUD SAN PABLO,-4.5786801,-81.2717819,-4.6649291,-81.3106373,10.512966831748672,12.3521,12.25,662,150,10,SUCCESS,OSRM,2026-05-16T04:38:48.353783,True
2074,7718,CENTRO DE SALUD TALARA II,PUESTO DE SALUD FELIPE SANTIAGO SALAVERRY,-4.5786801,-81.2717819,-4.5900299,-81.1750729,10.79318544774911,15.407200000000001,15.185,663,150,10,SUCCESS,OSRM,2026-05-16T04:38:49.975050,True
2074,2077,CENTRO DE SALUD TALARA II,PUESTO DE SALUD LOBITOS,-4.5786801,-81.2717819,-4.4565304,-81.2749705,13.587025113929675,16.4019,16.493333333333332,664,150,10,SUCCESS,OSRM,2026-05-16T04:38:51.476425,True
2074,2083,CENTRO DE SALUD TALARA II,PUESTO DE SALUD CABO BLANCO,-4.5786801,-81.2717819,-4.2512228,-81.2310862,36.69004703337622,59.6578,48.294999999999995,665,150,10,SUCCESS,OSRM,2026-05-16T04:38:53.103216,True
2074,2079,CENTRO DE SALUD TALARA II,PUESTO DE SALUD MIRAMAR,-4.5786801,-81.2717819,-4.8722839,-81.1008006,37.747250426179924,49.5373,45.87,666,150,10,SUCCESS,OSRM,2026-05-16T04:38:54.743144,True
2074,2078,CENTRO DE SALUD TALARA II,CENTRO DE SALUD VICHAYAL,-4.5786801,-81.2717819,-4.8651182,-81.0726136,38.75041936646064,51.468599999999995,50.225,667,150,10,SUCCESS,OSRM,2026-05-16T04:38:56.382714,True
2074,2081,CENTRO DE SALUD TALARA II,PUESTO DE SALUD EL ÑURO,-4.5786801,-81.2717819,-4.2160898,-81.1706028,41.84959867873564,61.7066,48.12833333333333,668,150,10,SUCCESS,OSRM,2026-05-16T04:38:57.947580,True
2074,2025,CENTRO DE SALUD TALARA II,CENTRO DE SALUD EL ARENAL,-4.5786801,-81.2717819,-4.8849849,-81.0262273,43.594825262748195,56.5755,59.47833333333333,669,150,10,SUCCESS,OSRM,2026-05-16T04:38:59.498314,True
2075,2076,CENTRO DE SALUD NEGRITOS,PUESTO DE SALUD SAN PABLO,-4.6583979,-81.304085,-4.6649291,-81.3106373,1.0270080157229267,1.3015999999999999,3.3616666666666664,670,150,10,SUCCESS,OSRM,2026-05-16T04:39:01.093987,True
2075,2073,CENTRO DE SALUD NEGRITOS,CENTRO DE SALUD JOSE ABELARDO QUINONES,-4.6583979,-81.304085,-4.5944779,-81.255439,8.921134941629848,12.0532,14.626666666666667,671,150,10,SUCCESS,OSRM,2026-05-16T04:39:02.732938,True
2075,2074,CENTRO DE SALUD NEGRITOS,CENTRO DE SALUD TALARA II,-4.6583979,-81.304085,-4.5786801,-81.2717819,9.559952409280962,11.7364,12.17,672,150,10,SUCCESS,OSRM,2026-05-16T04:39:04.374906,True
2075,7718,CENTRO DE SALUD NEGRITOS,PUESTO DE SALUD FELIPE SANTIAGO SALAVERRY,-4.6583979,-81.304085,-4.5900299,-81.1750729,16.194090656293554,24.7955,24.66,673,150,10,SUCCESS,OSRM,2026-05-16T04:39:06.006598,True
2075,2077,CENTRO DE SALUD NEGRITOS,PUESTO DE SALUD LOBITOS,-4.6583979,-81.304085,-4.4565304,-81.2749705,22.677438287460717,27.681,27.903333333333332,674,150,10,SUCCESS,OSRM,2026-05-16T04:39:07.852405,True
2075,2079,CENTRO DE SALUD NEGRITOS,PUESTO DE SALUD MIRAMAR,-4.6583979,-81.304085,-4.8722839,-81.1008006,32.757527078124866,38.4868,36.98166666666667,675,150,10,SUCCESS,OSRM,2026-05-16T04:39:09.489970,True
2075,2078,CENTRO DE SALUD NEGRITOS,CENTRO DE SALUD VICHAYAL,-4.6583979,-81.304085,-4.8651182,-81.0726136,34.442260679220894,40.418,41.336666666666666,676,150,10,SUCCESS,OSRM,2026-05-16T04:39:11.127208,True
2075,2026,CENTRO DE SALUD NEGRITOS,"CENTRO DE SALUD ""PUEBLO NUEVO DE COLAN""",-4.6583979,-81.304085,-4.9115827,-81.057902,39.20102867262117,48.354699999999994,57.99,677,150,10,SUCCESS,OSRM,2026-05-16T04:39:12.903959,True
2075,2025,CENTRO DE SALUD NEGRITOS,CENTRO DE SALUD EL ARENAL,-4.6583979,-81.304085,-4.8849849,-81.0262273,39.78420568822524,53.6855,54.14333333333333,678,150,10,SUCCESS,OSRM,2026-05-16T04:39:14.716850,True
2075,2047,CENTRO DE SALUD NEGRITOS,PUESTO DE SALUD AMOTAPE,-4.6583979,-81.304085,-4.8868634,-81.0031178,41.923667395174675,54.869699999999995,55.108333333333334,679,150,10,SUCCESS,OSRM,2026-05-16T04:39:16.348440,True
2076,2075,PUESTO DE SALUD SAN PABLO,CENTRO DE SALUD NEGRITOS,-4.6649291,-81.3106373,-4.6583979,-81.304085,1.0270080157229267,2.1321,4.2733333333333325,680,150,10,SUCCESS,OSRM,2026-05-16T04:39:17.890495,True
2076,2073,PUESTO DE SALUD SAN PABLO,CENTRO DE SALUD JOSE ABELARDO QUINONES,-4.6649291,-81.3106373,-4.5944779,-81.255439,9.939590791335734,13.0404,15.931666666666667,681,150,10,SUCCESS,OSRM,2026-05-16T04:39:19.526468,True
2076,2074,PUESTO DE SALUD SAN PABLO,CENTRO DE SALUD TALARA II,-4.6649291,-81.3106373,-4.5786801,-81.2717819,10.512966831748672,12.723600000000001,13.475,682,150,10,SUCCESS,OSRM,2026-05-16T04:39:21.088183,True
2076,7718,PUESTO DE SALUD SAN PABLO,PUESTO DE SALUD FELIPE SANTIAGO SALAVERRY,-4.6649291,-81.3106373,-4.5900299,-81.1750729,17.17879843209428,25.782700000000002,25.965,683,150,10,SUCCESS,OSRM,2026-05-16T04:39:22.655559,True
2076,2077,PUESTO DE SALUD SAN PABLO,PUESTO DE SALUD LOBITOS,-4.6649291,-81.3106373,-4.4565304,-81.2749705,23.507694711820406,28.668200000000002,29.208333333333332,684,150,10,SUCCESS,OSRM,2026-05-16T04:39:24.338237,True
2076,2079,PUESTO DE SALUD SAN PABLO,PUESTO DE SALUD MIRAMAR,-4.6649291,-81.3106373,-4.8722839,-81.1008006,32.74555751021052,38.235800000000005,36.71333333333334,685,150,10,SUCCESS,OSRM,2026-05-16T04:39:25.982942,True
2076,2078,PUESTO DE SALUD SAN PABLO,CENTRO DE SALUD VICHAYAL,-4.6649291,-81.3106373,-4.8651182,-81.0726136,34.51343398631824,40.167,41.068333333333335,686,150,10,SUCCESS,OSRM,2026-05-16T04:39:27.614812,True
2076,2026,PUESTO DE SALUD SAN PABLO,"CENTRO DE SALUD ""PUEBLO NUEVO DE COLAN""",-4.6649291,-81.3106373,-4.9115827,-81.057902,39.19805819750033,48.103699999999996,57.72166666666667,687,150,10,SUCCESS,OSRM,2026-05-16T04:39:29.254583,True
2076,2025,PUESTO DE SALUD SAN PABLO,CENTRO DE SALUD EL ARENAL,-4.6649291,-81.3106373,-4.8849849,-81.0262273,39.89915046562561,53.434400000000004,53.875,688,150,10,SUCCESS,OSRM,2026-05-16T04:39:31.002304,True
2076,2047,PUESTO DE SALUD SAN PABLO,PUESTO DE SALUD AMOTAPE,-4.6649291,-81.3106373,-4.8868634,-81.0031178,42.07334619912546,54.6186,54.84,689,150,10,SUCCESS,OSRM,2026-05-16T04:39:32.630425,True
2077,2074,PUESTO DE SALUD LOBITOS,CENTRO DE SALUD TALARA II,-4.4565304,-81.2749705,-4.5786801,-81.2717819,13.587025113929675,15.9584,16.723333333333333,690,150,10,SUCCESS,OSRM,2026-05-16T04:39:34.158611,True
2077,2073,PUESTO DE SALUD LOBITOS,CENTRO DE SALUD JOSE ABELARDO QUINONES,-4.4565304,-81.2749705,-4.5944779,-81.255439,15.491100403788996,19.314400000000003,20.783333333333335,691,150,10,SUCCESS,OSRM,2026-05-16T04:39:35.685075,True
2077,7718,PUESTO DE SALUD LOBITOS,PUESTO DE SALUD FELIPE SANTIAGO SALAVERRY,-4.4565304,-81.2749705,-4.5900299,-81.1750729,18.519739245788863,26.2912,23.901666666666664,692,150,10,SUCCESS,OSRM,2026-05-16T04:39:37.199918,True
2077,2075,PUESTO DE SALUD LOBITOS,CENTRO DE SALUD NEGRITOS,-4.4565304,-81.2749705,-4.6583979,-81.304085,22.677438287460717,27.8134,27.986666666666668,693,150,10,SUCCESS,OSRM,2026-05-16T04:39:38.698198,True
2077,2083,PUESTO DE SALUD LOBITOS,PUESTO DE SALUD CABO BLANCO,-4.4565304,-81.2749705,-4.2512228,-81.2310862,23.341915787565608,31.6572,41.67166666666667,694,150,10,SUCCESS,OSRM,2026-05-16T04:39:40.313857,True
2077,2076,PUESTO DE SALUD LOBITOS,PUESTO DE SALUD SAN PABLO,-4.4565304,-81.2749705,-4.6649291,-81.3106373,23.507694711820406,28.4238,28.3,695,150,10,SUCCESS,OSRM,2026-05-16T04:39:41.878260,True
2077,2081,PUESTO DE SALUD LOBITOS,PUESTO DE SALUD EL ÑURO,-4.4565304,-81.2749705,-4.2160898,-81.1706028,29.13264848418218,52.5391,42.663333333333334,696,150,10,SUCCESS,OSRM,2026-05-16T04:39:43.487836,True
2077,2080,PUESTO DE SALUD LOBITOS,"CENTRO DE SALUD ""LOS ORGANOS""",-4.4565304,-81.2749705,-4.1765953,-81.1273383,35.16914828809231,59.1761,47.858333333333334,697,150,10,SUCCESS,OSRM,2026-05-16T04:39:45.055188,True
2077,6627,PUESTO DE SALUD LOBITOS,CENTRO DE SALUD MANCORA,-4.4565304,-81.2749705,-4.1056284,-81.0459201,46.55653036378648,72.57239999999999,61.776666666666664,698,150,10,SUCCESS,OSRM,2026-05-16T04:39:46.604517,True
2077,2079,PUESTO DE SALUD LOBITOS,PUESTO DE SALUD MIRAMAR,-4.4565304,-81.2749705,-4.8722839,-81.1008006,50.09765102763795,65.609,61.919999999999995,699,150,10,SUCCESS,OSRM,2026-05-16T04:39:48.198029,True
2078,2079,CENTRO DE SALUD VICHAYAL,PUESTO DE SALUD MIRAMAR,-4.8651182,-81.0726136,-4.8722839,-81.1008006,3.222986629090436,4.7238999999999995,4.79,700,150,10,SUCCESS,OSRM,2026-05-16T04:39:49.835471,True
2078,2026,CENTRO DE SALUD VICHAYAL,"CENTRO DE SALUD ""PUEBLO NUEVO DE COLAN""",-4.8651182,-81.0726136,-4.9115827,-81.057902,5.417611860223981,18.9572,21.293333333333333,701,150,10,SUCCESS,OSRM,2026-05-16T04:39:51.373729,True
2078,2025,CENTRO DE SALUD VICHAYAL,CENTRO DE SALUD EL ARENAL,-4.8651182,-81.0726136,-4.8849849,-81.0262273,5.593928004209806,13.49,13.471666666666666,702,150,10,SUCCESS,OSRM,2026-05-16T04:39:52.924090,True
2078,2047,CENTRO DE SALUD VICHAYAL,PUESTO DE SALUD AMOTAPE,-4.8651182,-81.0726136,-4.8868634,-81.0031178,8.070351303421267,14.674299999999999,14.436666666666667,703,150,10,SUCCESS,OSRM,2026-05-16T04:39:54.546629,True
2078,2048,CENTRO DE SALUD VICHAYAL,PUESTO DE SALUD EL TAMBO,-4.8651182,-81.0726136,-4.8868634,-81.0031178,8.070351303421267,14.674299999999999,14.436666666666667,704,150,10,SUCCESS,OSRM,2026-05-16T04:39:56.223531,True
2078,2049,CENTRO DE SALUD VICHAYAL,CENTRO DE SALUD TAMARINDO,-4.8651182,-81.0726136,-4.8784025,-80.971709,11.276709525834294,18.4945,18.82,705,150,10,SUCCESS,OSRM,2026-05-16T04:39:57.745494,True
2078,2027,CENTRO DE SALUD VICHAYAL,CENTRO DE SALUD LA HUACA,-4.8651182,-81.0726136,-4.9121604,-80.9602239,13.505803101599694,30.26,29.111666666666668,706,150,10,SUCCESS,OSRM,2026-05-16T04:39:59.367070,True
2078,2044,CENTRO DE SALUD VICHAYAL,PUESTO DE SALUD MONTE LIMA,-4.8651182,-81.0726136,-4.8608725,-80.9399291,14.708311722644824,22.6947,23.21833333333333,707,150,10,SUCCESS,OSRM,2026-05-16T04:40:00.871352,True
2078,2024,CENTRO DE SALUD VICHAYAL,PUESTO DE SALUD SAN LUCAS DE COLAN,-4.8651182,-81.0726136,-5.0053016,-81.0583954,15.667063922740079,30.452,29.091666666666665,708,150,10,SUCCESS,OSRM,2026-05-16T04:40:02.485826,True
2078,2028,CENTRO DE SALUD VICHAYAL,CENTRO DE SALUD VIVIATE,-4.8651182,-81.0726136,-4.9200244,-80.9215755,17.812461877854897,34.193400000000004,32.17666666666666,709,150,10,SUCCESS,OSRM,2026-05-16T04:40:04.181259,True
2079,2078,PUESTO DE SALUD MIRAMAR,CENTRO DE SALUD VICHAYAL,-4.8722839,-81.1008006,-4.8651182,-81.0726136,3.222986629090436,4.7238999999999995,4.739999999999999,710,150,10,SUCCESS,OSRM,2026-05-16T04:40:05.918099,True
2079,2026,PUESTO DE SALUD MIRAMAR,"CENTRO DE SALUD ""PUEBLO NUEVO DE COLAN""",-4.8722839,-81.1008006,-4.9115827,-81.057902,6.45630215583182,10.818700000000002,22.148333333333333,711,150,10,SUCCESS,OSRM,2026-05-16T04:40:07.657206,True
2079,2025,PUESTO DE SALUD MIRAMAR,CENTRO DE SALUD EL ARENAL,-4.8722839,-81.1008006,-4.8849849,-81.0262273,8.381966227802025,17.9913,17.546666666666667,712,150,10,SUCCESS,OSRM,2026-05-16T04:40:09.184867,True
2079,2047,PUESTO DE SALUD MIRAMAR,PUESTO DE SALUD AMOTAPE,-4.8722839,-81.1008006,-4.8868634,-81.0031178,10.943213882643768,19.1755,18.511666666666667,713,150,10,SUCCESS,OSRM,2026-05-16T04:40:10.939270,True
2079,2048,PUESTO DE SALUD MIRAMAR,PUESTO DE SALUD EL TAMBO,-4.8722839,-81.1008006,-4.8868634,-81.0031178,10.943213882643768,19.1755,18.511666666666667,714,150,10,SUCCESS,OSRM,2026-05-16T04:40:12.574930,True
2079,2049,PUESTO DE SALUD MIRAMAR,CENTRO DE SALUD TAMARINDO,-4.8722839,-81.1008006,-4.8784025,-80.971709,14.318569425213072,22.9958,22.895,715,150,10,SUCCESS,OSRM,2026-05-16T04:40:14.110689,True
2079,2024,PUESTO DE SALUD MIRAMAR,PUESTO DE SALUD SAN LUCAS DE COLAN,-4.8722839,-81.1008006,-5.0053016,-81.0583954,15.51899628252198,20.637400000000003,31.191666666666666,716,150,10,SUCCESS,OSRM,2026-05-16T04:40:15.620074,True
2079,2027,PUESTO DE SALUD MIRAMAR,CENTRO DE SALUD LA HUACA,-4.8722839,-81.1008006,-4.9121604,-80.9602239,16.193362654946124,34.761300000000006,33.18666666666667,717,150,10,SUCCESS,OSRM,2026-05-16T04:40:17.147285,True
2079,2044,PUESTO DE SALUD MIRAMAR,PUESTO DE SALUD MONTE LIMA,-4.8722839,-81.1008006,-4.8608725,-80.9399291,17.868717146885714,27.196,27.293333333333333,718,150,10,SUCCESS,OSRM,2026-05-16T04:40:18.820317,True
2079,2028,PUESTO DE SALUD MIRAMAR,CENTRO DE SALUD VIVIATE,-4.8722839,-81.1008006,-4.9200244,-80.9215755,20.553561969190348,38.6947,36.251666666666665,719,150,10,SUCCESS,OSRM,2026-05-16T04:40:20.407634,True
2080,2081,"CENTRO DE SALUD ""LOS ORGANOS""",PUESTO DE SALUD EL ÑURO,-4.1765953,-81.1273383,-4.2160898,-81.1706028,6.504294694976761,7.7242,6.006666666666666,720,150,10,SUCCESS,OSRM,2026-05-16T04:40:21.918090,True
2080,6627,"CENTRO DE SALUD ""LOS ORGANOS""",CENTRO DE SALUD MANCORA,-4.1765953,-81.1273383,-4.1056284,-81.0459201,11.991874199702492,13.873299999999999,15.405,721,150,10,SUCCESS,OSRM,2026-05-16T04:40:23.426008,True
2080,2083,"CENTRO DE SALUD ""LOS ORGANOS""",PUESTO DE SALUD CABO BLANCO,-4.1765953,-81.1273383,-4.2512228,-81.2310862,14.185427662481844,16.6717,14.043333333333333,722,150,10,SUCCESS,OSRM,2026-05-16T04:40:25.176496,True
2080,2077,"CENTRO DE SALUD ""LOS ORGANOS""",PUESTO DE SALUD LOBITOS,-4.1765953,-81.1273383,-4.4565304,-81.2749705,35.16914828809231,58.9094,46.875,723,150,10,SUCCESS,OSRM,2026-05-16T04:40:26.957813,True
2080,7718,"CENTRO DE SALUD ""LOS ORGANOS""",PUESTO DE SALUD FELIPE SANTIAGO SALAVERRY,-4.1765953,-81.1273383,-4.5900299,-81.1750729,46.27545445048934,64.22630000000001,45.684999999999995,724,150,10,SUCCESS,OSRM,2026-05-16T04:40:28.653566,True
2080,2074,"CENTRO DE SALUD ""LOS ORGANOS""",CENTRO DE SALUD TALARA II,-4.1765953,-81.1273383,-4.5786801,-81.2717819,47.49136419209418,67.4858,52.343333333333334,725,150,10,SUCCESS,OSRM,2026-05-16T04:40:30.176450,True
2080,2073,"CENTRO DE SALUD ""LOS ORGANOS""",CENTRO DE SALUD JOSE ABELARDO QUINONES,-4.1765953,-81.1273383,-4.5944779,-81.255439,48.588446306162744,64.7937,50.43333333333333,726,150,10,SUCCESS,OSRM,2026-05-16T04:40:31.828508,True
2080,2075,"CENTRO DE SALUD ""LOS ORGANOS""",CENTRO DE SALUD NEGRITOS,-4.1765953,-81.1273383,-4.6583979,-81.304085,57.04501569135239,77.6098,62.015,727,150,10,SUCCESS,OSRM,2026-05-16T04:40:33.465020,True
2080,2076,"CENTRO DE SALUD ""LOS ORGANOS""",PUESTO DE SALUD SAN PABLO,-4.1765953,-81.1273383,-4.6649291,-81.3106373,57.978168888763356,78.22019999999999,62.32833333333333,728,150,10,SUCCESS,OSRM,2026-05-16T04:40:35.101207,True
2080,2078,"CENTRO DE SALUD ""LOS ORGANOS""",CENTRO DE SALUD VICHAYAL,-4.1765953,-81.1273383,-4.8651182,-81.0726136,76.80019817581773,103.8463,90.42833333333333,729,150,10,SUCCESS,OSRM,2026-05-16T04:40:36.659225,True
2081,2080,PUESTO DE SALUD EL ÑURO,"CENTRO DE SALUD ""LOS ORGANOS""",-4.2160898,-81.1706028,-4.1765953,-81.1273383,6.504294694976761,8.0173,6.930000000000001,730,150,10,SUCCESS,OSRM,2026-05-16T04:40:38.289221,True
2081,2083,PUESTO DE SALUD EL ÑURO,PUESTO DE SALUD CABO BLANCO,-4.2160898,-81.1706028,-4.2512228,-81.2310862,7.761877313707535,9.1031,8.606666666666666,731,150,10,SUCCESS,OSRM,2026-05-16T04:40:39.910676,True
2081,6627,PUESTO DE SALUD EL ÑURO,CENTRO DE SALUD MANCORA,-4.2160898,-81.1706028,-4.1056284,-81.0459201,18.495046141737564,21.4136,20.848333333333336,732,150,10,SUCCESS,OSRM,2026-05-16T04:40:41.480596,True
2081,2077,PUESTO DE SALUD EL ÑURO,PUESTO DE SALUD LOBITOS,-4.2160898,-81.1706028,-4.4565304,-81.2749705,29.13264848418218,52.5655,42.59,733,150,10,SUCCESS,OSRM,2026-05-16T04:40:43.085669,True
2081,7718,PUESTO DE SALUD EL ÑURO,PUESTO DE SALUD FELIPE SANTIAGO SALAVERRY,-4.2160898,-81.1706028,-4.5900299,-81.1750729,41.58319525876862,57.8825,41.4,734,150,10,SUCCESS,OSRM,2026-05-16T04:40:44.729714,True
2081,2074,PUESTO DE SALUD EL ÑURO,CENTRO DE SALUD TALARA II,-4.2160898,-81.1706028,-4.5786801,-81.2717819,41.84959867873564,61.142,48.05833333333333,735,150,10,SUCCESS,OSRM,2026-05-16T04:40:46.318674,True
2081,2073,PUESTO DE SALUD EL ÑURO,CENTRO DE SALUD JOSE ABELARDO QUINONES,-4.2160898,-81.1706028,-4.5944779,-81.255439,43.11327807814127,58.4499,46.14833333333333,736,150,10,SUCCESS,OSRM,2026-05-16T04:40:47.937887,True
2081,2075,PUESTO DE SALUD EL ÑURO,CENTRO DE SALUD NEGRITOS,-4.2160898,-81.1706028,-4.6583979,-81.304085,51.360407452131916,71.266,57.730000000000004,737,150,10,SUCCESS,OSRM,2026-05-16T04:40:49.638827,True
2081,2076,PUESTO DE SALUD EL ÑURO,PUESTO DE SALUD SAN PABLO,-4.2160898,-81.1706028,-4.6649291,-81.3106373,52.26737928860109,71.87639999999999,58.04333333333333,738,150,10,SUCCESS,OSRM,2026-05-16T04:40:51.138283,True
2081,2078,PUESTO DE SALUD EL ÑURO,CENTRO DE SALUD VICHAYAL,-4.2160898,-81.1706028,-4.8651182,-81.0726136,72.98144698053216,97.5024,86.14333333333335,739,150,10,SUCCESS,OSRM,2026-05-16T04:40:52.834045,True
2083,2081,PUESTO DE SALUD CABO BLANCO,PUESTO DE SALUD EL ÑURO,-4.2512228,-81.2310862,-4.2160898,-81.1706028,7.761877313707535,9.1031,8.610000000000001,740,150,10,SUCCESS,OSRM,2026-05-16T04:40:54.362518,True
2083,2080,PUESTO DE SALUD CABO BLANCO,"CENTRO DE SALUD ""LOS ORGANOS""",-4.2512228,-81.2310862,-4.1765953,-81.1273383,14.185427662481844,16.9648,14.966666666666667,741,150,10,SUCCESS,OSRM,2026-05-16T04:40:55.994248,True
2083,2077,PUESTO DE SALUD CABO BLANCO,PUESTO DE SALUD LOBITOS,-4.2512228,-81.2310862,-4.4565304,-81.2749705,23.341915787565608,31.6236,41.66,742,150,10,SUCCESS,OSRM,2026-05-16T04:40:57.627999,True
2083,6627,PUESTO DE SALUD CABO BLANCO,CENTRO DE SALUD MANCORA,-4.2512228,-81.2310862,-4.1056284,-81.0459201,26.149058478361468,30.361099999999997,28.884999999999998,743,150,10,SUCCESS,OSRM,2026-05-16T04:40:59.279720,True
2083,2074,PUESTO DE SALUD CABO BLANCO,CENTRO DE SALUD TALARA II,-4.2512228,-81.2310862,-4.5786801,-81.2717819,36.69004703337622,59.1235,48.376666666666665,744,150,10,SUCCESS,OSRM,2026-05-16T04:41:00.913912,True
2083,7718,PUESTO DE SALUD CABO BLANCO,PUESTO DE SALUD FELIPE SANTIAGO SALAVERRY,-4.2512228,-81.2310862,-4.5900299,-81.1750729,38.181995273097705,55.864,41.718333333333334,745,150,10,SUCCESS,OSRM,2026-05-16T04:41:02.643632,True
2083,2073,PUESTO DE SALUD CABO BLANCO,CENTRO DE SALUD JOSE ABELARDO QUINONES,-4.2512228,-81.2310862,-4.5944779,-81.255439,38.263593468417284,56.431400000000004,46.46666666666667,746,150,10,SUCCESS,OSRM,2026-05-16T04:41:04.286050,True
2083,2075,PUESTO DE SALUD CABO BLANCO,CENTRO DE SALUD NEGRITOS,-4.2512228,-81.2310862,-4.6583979,-81.304085,45.99334757024705,69.2475,58.04833333333333,747,150,10,SUCCESS,OSRM,2026-05-16T04:41:05.827494,True
2083,2076,PUESTO DE SALUD CABO BLANCO,PUESTO DE SALUD SAN PABLO,-4.2512228,-81.2310862,-4.6649291,-81.3106373,46.83973497639179,69.8579,58.361666666666665,748,150,10,SUCCESS,OSRM,2026-05-16T04:41:07.338469,True
2083,2078,PUESTO DE SALUD CABO BLANCO,CENTRO DE SALUD VICHAYAL,-4.2512228,-81.2310862,-4.8651182,-81.0726136,70.48585572338847,95.484,86.46166666666666,749,150,10,SUCCESS,OSRM,2026-05-16T04:41:08.999928,True
6627,2080,CENTRO DE SALUD MANCORA,"CENTRO DE SALUD ""LOS ORGANOS""",-4.1056284,-81.0459201,-4.1765953,-81.1273383,11.991874199702492,14.1045,16.091666666666665,750,150,10,SUCCESS,OSRM,2026-05-16T04:41:10.631575,True
6627,2081,CENTRO DE SALUD MANCORA,PUESTO DE SALUD EL ÑURO,-4.1056284,-81.0459201,-4.2160898,-81.1706028,18.495046141737564,21.3657,20.735,751,150,10,SUCCESS,OSRM,2026-05-16T04:41:12.167564,True
6627,2083,CENTRO DE SALUD MANCORA,PUESTO DE SALUD CABO BLANCO,-4.1056284,-81.0459201,-4.2512228,-81.2310862,26.149058478361468,30.313200000000002,28.771666666666665,752,150,10,SUCCESS,OSRM,2026-05-16T04:41:13.712918,True
6627,2077,CENTRO DE SALUD MANCORA,PUESTO DE SALUD LOBITOS,-4.1056284,-81.0459201,-4.4565304,-81.2749705,46.55653036378648,72.55080000000001,61.60333333333333,753,150,10,SUCCESS,OSRM,2026-05-16T04:41:15.284543,True
6627,7718,CENTRO DE SALUD MANCORA,PUESTO DE SALUD FELIPE SANTIAGO SALAVERRY,-4.1056284,-81.0459201,-4.5900299,-81.1750729,55.73398656125188,77.8678,60.413333333333334,754,150,10,SUCCESS,OSRM,2026-05-16T04:41:16.885297,True
6627,2074,CENTRO DE SALUD MANCORA,CENTRO DE SALUD TALARA II,-4.1056284,-81.0459201,-4.5786801,-81.2717819,58.257943745822566,81.1272,67.07166666666667,755,150,10,SUCCESS,OSRM,2026-05-16T04:41:18.525099,True
6627,2073,CENTRO DE SALUD MANCORA,CENTRO DE SALUD JOSE ABELARDO QUINONES,-4.1056284,-81.0459201,-4.5944779,-81.255439,59.113379369494254,78.4351,65.16166666666666,756,150,10,SUCCESS,OSRM,2026-05-16T04:41:20.155914,True
6627,2075,CENTRO DE SALUD MANCORA,CENTRO DE SALUD NEGRITOS,-4.1056284,-81.0459201,-4.6583979,-81.304085,67.80279881897906,91.2512,76.74333333333334,757,150,10,SUCCESS,OSRM,2026-05-16T04:41:21.799142,True
6627,2076,CENTRO DE SALUD MANCORA,PUESTO DE SALUD SAN PABLO,-4.1056284,-81.0459201,-4.6649291,-81.3106373,68.76866451141898,91.86160000000001,77.05666666666666,758,150,10,SUCCESS,OSRM,2026-05-16T04:41:23.438706,True
6627,2060,CENTRO DE SALUD MANCORA,CENTRO DE SALUD LANCONES,-4.1056284,-81.0459201,-4.6409943,-80.5492339,81.09438590326211,180.6855,135.50833333333333,759,150,10,SUCCESS,OSRM,2026-05-16T04:41:25.023779,True
7718,2073,PUESTO DE SALUD FELIPE SANTIAGO SALAVERRY,CENTRO DE SALUD JOSE ABELARDO QUINONES,-4.5900299,-81.1750729,-4.5944779,-81.255439,8.92133510109282,12.1489,13.264999999999999,760,150,10,SUCCESS,OSRM,2026-05-16T04:41:26.708990,True
7718,2074,PUESTO DE SALUD FELIPE SANTIAGO SALAVERRY,CENTRO DE SALUD TALARA II,-4.5900299,-81.1750729,-4.5786801,-81.2717819,10.79318544774911,14.841,15.175,761,150,10,SUCCESS,OSRM,2026-05-16T04:41:28.351958,True
7718,2075,PUESTO DE SALUD FELIPE SANTIAGO SALAVERRY,CENTRO DE SALUD NEGRITOS,-4.5900299,-81.1750729,-4.6583979,-81.304085,16.194090656293554,24.965,24.846666666666668,762,150,10,SUCCESS,OSRM,2026-05-16T04:41:29.921814,True
7718,2076,PUESTO DE SALUD FELIPE SANTIAGO SALAVERRY,PUESTO DE SALUD SAN PABLO,-4.5900299,-81.1750729,-4.6649291,-81.3106373,17.17879843209428,25.575400000000002,25.16,763,150,10,SUCCESS,OSRM,2026-05-16T04:41:31.516564,True
7718,2077,PUESTO DE SALUD FELIPE SANTIAGO SALAVERRY,PUESTO DE SALUD LOBITOS,-4.5900299,-81.1750729,-4.4565304,-81.2749705,18.519739245788863,26.3161,23.918333333333333,764,150,10,SUCCESS,OSRM,2026-05-16T04:41:33.089614,True
7718,2079,PUESTO DE SALUD FELIPE SANTIAGO SALAVERRY,PUESTO DE SALUD MIRAMAR,-4.5900299,-81.1750729,-4.8722839,-81.1008006,32.44647300157967,44.737300000000005,50.47,765,150,10,SUCCESS,OSRM,2026-05-16T04:41:34.807342,True
7718,2078,PUESTO DE SALUD FELIPE SANTIAGO SALAVERRY,CENTRO DE SALUD VICHAYAL,-4.5900299,-81.1750729,-4.8651182,-81.0726136,32.62773518505132,40.2361,46.45,766,150,10,SUCCESS,OSRM,2026-05-16T04:41:36.473308,True
7718,2025,PUESTO DE SALUD FELIPE SANTIAGO SALAVERRY,CENTRO DE SALUD EL ARENAL,-4.5900299,-81.1750729,-4.8849849,-81.0262273,36.71155525823827,41.7844,46.0,767,150,10,SUCCESS,OSRM,2026-05-16T04:41:38.005753,True
7718,2026,PUESTO DE SALUD FELIPE SANTIAGO SALAVERRY,"CENTRO DE SALUD ""PUEBLO NUEVO DE COLAN""",-4.5900299,-81.1750729,-4.9115827,-81.057902,38.03955719084237,47.251599999999996,53.82166666666667,768,150,10,SUCCESS,OSRM,2026-05-16T04:41:39.713063,True
7718,2047,PUESTO DE SALUD FELIPE SANTIAGO SALAVERRY,PUESTO DE SALUD AMOTAPE,-4.5900299,-81.1750729,-4.8868634,-81.0031178,38.11194412941968,42.968599999999995,46.965,769,150,10,SUCCESS,OSRM,2026-05-16T04:41:41.205548,True
10726,1916,PUESTO DE SALUD JORAS,PUESTO DE SALUD CHOCAN,-4.5649483,-79.6841993,-4.5649483,-79.6841993,0.0,0.0,0.0,770,150,10,SUCCESS,OSRM,2026-05-16T04:41:42.721353,True
10726,1923,PUESTO DE SALUD JORAS,PUESTO DE SALUD HUIRIQUINGUE,-4.5649483,-79.6841993,-4.5649483,-79.6841993,0.0,0.0,0.0,771,150,10,SUCCESS,OSRM,2026-05-16T04:41:44.426756,True
10726,10727,PUESTO DE SALUD JORAS,PUESTO DE SALUD SOCCHABAMBA,-4.5649483,-79.6841993,-4.6045211,-79.666442,4.820416769064436,9.1577,12.243333333333334,772,150,10,SUCCESS,OSRM,2026-05-16T04:41:45.992299,True
10726,1911,PUESTO DE SALUD JORAS,CENTRO DE SALUD AYABACA,-4.5649483,-79.6841993,-4.6359601,-79.7138753,8.553828402458102,14.6846,19.52,773,150,10,SUCCESS,OSRM,2026-05-16T04:41:47.702360,True
10726,1974,PUESTO DE SALUD JORAS,CENTRO DE SALUD SICCHEZ,-4.5649483,-79.6841993,-4.5689777,-79.763774,8.831581826875537,27.950400000000002,42.41833333333333,774,150,10,SUCCESS,OSRM,2026-05-16T04:41:49.450551,True
10726,1962,PUESTO DE SALUD JORAS,CENTRO DE SALUD JILILI,-4.5649483,-79.6841993,-4.5839372,-79.7979262,12.781186812648949,41.6089,63.0,775,150,10,SUCCESS,OSRM,2026-05-16T04:41:51.018684,True
10726,1921,PUESTO DE SALUD JORAS,PUESTO DE SALUD REMOLINOS,-4.5649483,-79.6841993,-4.4917343,-79.5851453,13.668757116109173,39.216699999999996,37.65,776,150,10,SUCCESS,OSRM,2026-05-16T04:41:52.615389,True
10726,19837,PUESTO DE SALUD JORAS,PUESTO DE SALUD RODEOPAMPA,-4.5649483,-79.6841993,-4.6732321,-79.6184916,14.07170887688847,32.3045,31.503333333333334,777,150,10,SUCCESS,OSRM,2026-05-16T04:41:54.253177,True
10726,1970,PUESTO DE SALUD JORAS,CENTRO DE SALUD MONTERO,-4.5649483,-79.6841993,-4.6297071,-79.8247958,17.166596033923163,39.0713,57.49166666666667,778,150,10,SUCCESS,OSRM,2026-05-16T04:41:55.943373,True
10726,1926,PUESTO DE SALUD JORAS,PUESTO DE SALUD EL TOLDO,-4.5649483,-79.6841993,-4.6151437,-79.4995409,21.21461895645414,53.6963,54.43833333333334,779,150,10,SUCCESS,OSRM,2026-05-16T04:41:57.565390,True
10727,1916,PUESTO DE SALUD SOCCHABAMBA,PUESTO DE SALUD CHOCAN,-4.6045211,-79.666442,-4.5649483,-79.6841993,4.820416769064436,9.1577,12.245000000000001,780,150,10,SUCCESS,OSRM,2026-05-16T04:41:59.116148,True
10727,1923,PUESTO DE SALUD SOCCHABAMBA,PUESTO DE SALUD HUIRIQUINGUE,-4.6045211,-79.666442,-4.5649483,-79.6841993,4.820416769064436,9.1577,12.245000000000001,781,150,10,SUCCESS,OSRM,2026-05-16T04:42:00.704147,True
10727,10726,PUESTO DE SALUD SOCCHABAMBA,PUESTO DE SALUD JORAS,-4.6045211,-79.666442,-4.5649483,-79.6841993,4.820416769064436,9.1577,12.245000000000001,782,150,10,SUCCESS,OSRM,2026-05-16T04:42:02.239138,True
10727,1911,PUESTO DE SALUD SOCCHABAMBA,CENTRO DE SALUD AYABACA,-4.6045211,-79.666442,-4.6359601,-79.7138753,6.3134145781792,15.6085,11.370000000000001,783,150,10,SUCCESS,OSRM,2026-05-16T04:42:03.879966,True
10727,19837,PUESTO DE SALUD SOCCHABAMBA,PUESTO DE SALUD RODEOPAMPA,-4.6045211,-79.666442,-4.6732321,-79.6184916,9.306824861812165,23.1468,19.259999999999998,784,150,10,SUCCESS,OSRM,2026-05-16T04:42:05.518452,True
10727,1974,PUESTO DE SALUD SOCCHABAMBA,CENTRO DE SALUD SICCHEZ,-4.6045211,-79.666442,-4.5689777,-79.763774,11.489330369930785,33.531800000000004,41.44666666666667,785,150,10,SUCCESS,OSRM,2026-05-16T04:42:07.084492,True
10727,1962,PUESTO DE SALUD SOCCHABAMBA,CENTRO DE SALUD JILILI,-4.6045211,-79.666442,-4.5839372,-79.7979262,14.752040719242974,43.3084,55.641666666666666,786,150,10,SUCCESS,OSRM,2026-05-16T04:42:08.798540,True
10727,1921,PUESTO DE SALUD SOCCHABAMBA,PUESTO DE SALUD REMOLINOS,-4.6045211,-79.666442,-4.4917343,-79.5851453,15.443072162093422,33.344199999999994,27.93,787,150,10,SUCCESS,OSRM,2026-05-16T04:42:10.433156,True
10727,19125,PUESTO DE SALUD SOCCHABAMBA,PUESTO DE SALUD HUALCUY,-4.6045211,-79.666442,-4.7479412,-79.6118811,17.055442319898614,31.6648,23.03166666666667,788,150,10,SUCCESS,OSRM,2026-05-16T04:42:12.001474,True
10727,1970,PUESTO DE SALUD SOCCHABAMBA,CENTRO DE SALUD MONTERO,-4.6045211,-79.666442,-4.6297071,-79.8247958,17.77303173955623,39.9952,49.34166666666667,789,150,10,SUCCESS,OSRM,2026-05-16T04:42:13.606286,True
19125,19837,PUESTO DE SALUD HUALCUY,PUESTO DE SALUD RODEOPAMPA,-4.7479412,-79.6118811,-4.6732321,-79.6184916,8.339510983960965,14.069,12.343333333333334,790,150,10,SUCCESS,OSRM,2026-05-16T04:42:15.141719,True
19125,1911,PUESTO DE SALUD HUALCUY,CENTRO DE SALUD AYABACA,-4.7479412,-79.6118811,-4.6359601,-79.7138753,16.816913900646334,47.273300000000006,34.401666666666664,791,150,10,SUCCESS,OSRM,2026-05-16T04:42:16.681717,True
19125,10727,PUESTO DE SALUD HUALCUY,PUESTO DE SALUD SOCCHABAMBA,-4.7479412,-79.6118811,-4.6045211,-79.666442,17.055442319898614,31.6648,23.03166666666667,792,150,10,SUCCESS,OSRM,2026-05-16T04:42:18.225073,True
19125,1920,PUESTO DE SALUD HUALCUY,PUESTO DE SALUD ESPINDOLA,-4.7479412,-79.6118811,-4.648091,-79.4791847,18.426267966199983,44.7464,38.20333333333333,793,150,10,SUCCESS,OSRM,2026-05-16T04:42:19.852715,True
19125,1926,PUESTO DE SALUD HUALCUY,PUESTO DE SALUD EL TOLDO,-4.7479412,-79.6118811,-4.6151437,-79.4995409,19.314472881109488,45.995599999999996,42.690000000000005,794,150,10,SUCCESS,OSRM,2026-05-16T04:42:21.460130,True
19125,19844,PUESTO DE SALUD HUALCUY,PUESTO DE SALUD HUILCO,-4.7479412,-79.6118811,-4.6151437,-79.4995409,19.314472881109488,45.995599999999996,42.690000000000005,795,150,10,SUCCESS,OSRM,2026-05-16T04:42:22.983798,True
19125,1916,PUESTO DE SALUD HUALCUY,PUESTO DE SALUD CHOCAN,-4.7479412,-79.6118811,-4.5649483,-79.6841993,21.8694873416149,40.8225,35.276666666666664,796,150,10,SUCCESS,OSRM,2026-05-16T04:42:24.665840,True
19125,1923,PUESTO DE SALUD HUALCUY,PUESTO DE SALUD HUIRIQUINGUE,-4.7479412,-79.6118811,-4.5649483,-79.6841993,21.8694873416149,40.8225,35.276666666666664,797,150,10,SUCCESS,OSRM,2026-05-16T04:42:26.308639,True
19125,10726,PUESTO DE SALUD HUALCUY,PUESTO DE SALUD JORAS,-4.7479412,-79.6118811,-4.5649483,-79.6841993,21.8694873416149,40.8225,35.276666666666664,798,150,10,SUCCESS,OSRM,2026-05-16T04:42:27.839082,True
19125,1974,PUESTO DE SALUD HUALCUY,CENTRO DE SALUD SICCHEZ,-4.7479412,-79.6118811,-4.5689777,-79.763774,26.064998865590468,65.1966,64.47833333333332,799,150,10,SUCCESS,OSRM,2026-05-16T04:42:29.476224,True
19837,19125,PUESTO DE SALUD RODEOPAMPA,PUESTO DE SALUD HUALCUY,-4.6732321,-79.6184916,-4.7479412,-79.6118811,8.339510983960965,14.069,12.33,800,150,10,SUCCESS,OSRM,2026-05-16T04:42:31.117808,True
19837,10727,PUESTO DE SALUD RODEOPAMPA,PUESTO DE SALUD SOCCHABAMBA,-4.6732321,-79.6184916,-4.6045211,-79.666442,9.306824861812165,23.1468,19.265,801,150,10,SUCCESS,OSRM,2026-05-16T04:42:32.775858,True
19837,1911,PUESTO DE SALUD RODEOPAMPA,CENTRO DE SALUD AYABACA,-4.6732321,-79.6184916,-4.6359601,-79.7138753,11.35459750487899,38.755300000000005,30.634999999999998,802,150,10,SUCCESS,OSRM,2026-05-16T04:42:34.598267,True
19837,1916,PUESTO DE SALUD RODEOPAMPA,PUESTO DE SALUD CHOCAN,-4.6732321,-79.6184916,-4.5649483,-79.6841993,14.07170887688847,32.3045,31.509999999999998,803,150,10,SUCCESS,OSRM,2026-05-16T04:42:36.133420,True
19837,1923,PUESTO DE SALUD RODEOPAMPA,PUESTO DE SALUD HUIRIQUINGUE,-4.6732321,-79.6184916,-4.5649483,-79.6841993,14.07170887688847,32.3045,31.509999999999998,804,150,10,SUCCESS,OSRM,2026-05-16T04:42:37.775560,True
19837,10726,PUESTO DE SALUD RODEOPAMPA,PUESTO DE SALUD JORAS,-4.6732321,-79.6184916,-4.5649483,-79.6841993,14.07170887688847,32.3045,31.509999999999998,805,150,10,SUCCESS,OSRM,2026-05-16T04:42:39.344552,True
19837,1926,PUESTO DE SALUD RODEOPAMPA,PUESTO DE SALUD EL TOLDO,-4.6732321,-79.6184916,-4.6151437,-79.4995409,14.680581848345712,37.4777,38.92333333333333,806,150,10,SUCCESS,OSRM,2026-05-16T04:42:41.055845,True
19837,19844,PUESTO DE SALUD RODEOPAMPA,PUESTO DE SALUD HUILCO,-4.6732321,-79.6184916,-4.6151437,-79.4995409,14.680581848345712,37.4777,38.92333333333333,807,150,10,SUCCESS,OSRM,2026-05-16T04:42:42.688472,True
19837,1920,PUESTO DE SALUD RODEOPAMPA,PUESTO DE SALUD ESPINDOLA,-4.6732321,-79.6184916,-4.648091,-79.4791847,15.690057665937747,36.2284,34.43666666666666,808,150,10,SUCCESS,OSRM,2026-05-16T04:42:44.326244,True
19837,1974,PUESTO DE SALUD RODEOPAMPA,CENTRO DE SALUD SICCHEZ,-4.6732321,-79.6184916,-4.5689777,-79.763774,19.841034747855105,56.678599999999996,60.711666666666666,809,150,10,SUCCESS,OSRM,2026-05-16T04:42:45.965941,True
19844,1926,PUESTO DE SALUD HUILCO,PUESTO DE SALUD EL TOLDO,-4.6151437,-79.4995409,-4.6151437,-79.4995409,0.0,0.0,0.0,810,150,10,SUCCESS,OSRM,2026-05-16T04:42:47.607150,True
19844,1920,PUESTO DE SALUD HUILCO,PUESTO DE SALUD ESPINDOLA,-4.6151437,-79.4995409,-4.648091,-79.4791847,4.302536145146246,10.591700000000001,13.865,811,150,10,SUCCESS,OSRM,2026-05-16T04:42:49.242232,True
19844,19837,PUESTO DE SALUD HUILCO,PUESTO DE SALUD RODEOPAMPA,-4.6151437,-79.4995409,-4.6732321,-79.6184916,14.680581848345712,37.4777,38.89833333333333,812,150,10,SUCCESS,OSRM,2026-05-16T04:42:50.836609,True
19844,1921,PUESTO DE SALUD HUILCO,PUESTO DE SALUD REMOLINOS,-4.6151437,-79.4995409,-4.4917343,-79.5851453,16.683613689026842,77.88289999999999,70.095,813,150,10,SUCCESS,OSRM,2026-05-16T04:42:52.415931,True
19844,10727,PUESTO DE SALUD HUILCO,PUESTO DE SALUD SOCCHABAMBA,-4.6151437,-79.4995409,-4.6045211,-79.666442,18.53619279128408,44.538599999999995,42.165,814,150,10,SUCCESS,OSRM,2026-05-16T04:42:54.058088,True
19844,19125,PUESTO DE SALUD HUILCO,PUESTO DE SALUD HUALCUY,-4.6151437,-79.4995409,-4.7479412,-79.6118811,19.314472881109488,45.995599999999996,42.669999999999995,815,150,10,SUCCESS,OSRM,2026-05-16T04:42:55.699549,True
19844,1916,PUESTO DE SALUD HUILCO,PUESTO DE SALUD CHOCAN,-4.6151437,-79.4995409,-4.5649483,-79.6841993,21.21461895645414,53.6963,54.41,816,150,10,SUCCESS,OSRM,2026-05-16T04:42:57.337389,True
19844,1923,PUESTO DE SALUD HUILCO,PUESTO DE SALUD HUIRIQUINGUE,-4.6151437,-79.4995409,-4.5649483,-79.6841993,21.21461895645414,53.6963,54.41,817,150,10,SUCCESS,OSRM,2026-05-16T04:42:58.896193,True
19844,10726,PUESTO DE SALUD HUILCO,PUESTO DE SALUD JORAS,-4.6151437,-79.4995409,-4.5649483,-79.6841993,21.21461895645414,53.6963,54.41,818,150,10,SUCCESS,OSRM,2026-05-16T04:43:00.507480,True
19844,1911,PUESTO DE SALUD HUILCO,CENTRO DE SALUD AYABACA,-4.6151437,-79.4995409,-4.6359601,-79.7138753,23.867777200752144,60.1472,53.535,819,150,10,SUCCESS,OSRM,2026-05-16T04:43:02.061828,True
