origin_id,destination_id,origin_name,destination_name,origin_lat,origin_lon,destination_lat,destination_lon,distance_km,duration_min,travel_time_mean,travel_time_std,travel_time_cv,road_risk,accessibility_score
DEPOT_DSRSLCC,2017,ALMACEN CENTRAL DSRSLCC,CENTRO DE SALUD NUEVO SULLANA,-4.906564049486188,-80.72843391449476,-4.9088237,-80.7227337,0.8883,1.75,1.75,0.35,0.2,1,1.0
DEPOT_DSRSLCC,2012,ALMACEN CENTRAL DSRSLCC,"CENTRO DE SALUD ""VILLA PRIMAVERA""",-4.906564049486188,-80.72843391449476,-4.904803,-80.7106523,2.5224,3.9483333333333333,3.9483,0.7897,0.2,1,1.0
DEPOT_DSRSLCC,2020,ALMACEN CENTRAL DSRSLCC,PUESTO DE SALUD JIBITO,-4.906564049486188,-80.72843391449476,-4.9051923,-80.7473456,2.7177,3.89,3.89,0.778,0.2,1,1.0
DEPOT_DSRSLCC,2032,ALMACEN CENTRAL DSRSLCC,CENTRO DE SALUD MARCAVELICA,-4.906564049486188,-80.72843391449476,-4.8824518,-80.7061949,6.7535,8.346666666666668,8.3467,1.6693,0.2,2,1.0
DEPOT_DSRSLCC,2018,ALMACEN CENTRAL DSRSLCC,CENTRO DE SALUD COMUNIDAD SALUDABLE,-4.906564049486188,-80.72843391449476,-4.9081922,-80.6946604,5.006600000000001,6.966666666666667,6.9667,1.3933,0.2,2,1.0
DEPOT_DSRSLCC,2033,ALMACEN CENTRAL DSRSLCC,PUESTO DE SALUD MALLARITOS,-4.906564049486188,-80.72843391449476,-4.8694928,-80.718029,8.6899,9.741666666666667,9.7417,1.9483,0.2,2,1.0
DEPOT_DSRSLCC,2011,ALMACEN CENTRAL DSRSLCC,CENTRO DE SALUD SANTA TERESITA,-4.906564049486188,-80.72843391449476,-4.9004509,-80.6777636,6.573600000000001,9.74,9.74,1.948,0.2,2,1.0
DEPOT_DSRSLCC,2001,ALMACEN CENTRAL DSRSLCC,CENTRO DE SALUD BELLAVISTA,-4.906564049486188,-80.72843391449476,-4.8844701,-80.6714142,7.7835,11.05,11.05,2.21,0.2,2,1.0
DEPOT_DSRSLCC,2058,ALMACEN CENTRAL DSRSLCC,CENTRO DE SALUD SALITRAL,-4.906564049486188,-80.72843391449476,-4.8598949,-80.6836031,9.8965,10.593333333333334,10.5933,2.1187,0.2,2,1.0
DEPOT_DSRSLCC,2035,ALMACEN CENTRAL DSRSLCC,PUESTO DE SALUD MALLARES,-4.906564049486188,-80.72843391449476,-4.8325148,-80.7621019,18.1073,19.15666666666667,19.1567,3.8313,0.2,3,1.0
1911,10727,CENTRO DE SALUD AYABACA,PUESTO DE SALUD SOCCHABAMBA,-4.6359601,-79.7138753,-4.6045211,-79.666442,15.6085,11.318333333333333,11.3183,2.2637,0.2,3,1.0
1911,1916,CENTRO DE SALUD AYABACA,PUESTO DE SALUD CHOCAN,-4.6359601,-79.7138753,-4.5649483,-79.6841993,14.6846,19.488333333333333,19.4883,3.8977,0.2,2,1.0
1911,1923,CENTRO DE SALUD AYABACA,PUESTO DE SALUD HUIRIQUINGUE,-4.6359601,-79.7138753,-4.5649483,-79.6841993,14.6846,19.488333333333333,19.4883,3.8977,0.2,2,1.0
1911,10726,CENTRO DE SALUD AYABACA,PUESTO DE SALUD JORAS,-4.6359601,-79.7138753,-4.5649483,-79.6841993,14.6846,19.488333333333333,19.4883,3.8977,0.2,2,1.0
1911,1974,CENTRO DE SALUD AYABACA,CENTRO DE SALUD SICCHEZ,-4.6359601,-79.7138753,-4.5689777,-79.763774,24.989900000000002,35.336666666666666,35.3367,7.0673,0.2,3,1.0
1911,1962,CENTRO DE SALUD AYABACA,CENTRO DE SALUD JILILI,-4.6359601,-79.7138753,-4.5839372,-79.7979262,27.8141,44.776666666666664,44.7767,8.9553,0.2,3,1.0
1911,19837,CENTRO DE SALUD AYABACA,PUESTO DE SALUD RODEOPAMPA,-4.6359601,-79.7138753,-4.6732321,-79.6184916,38.755300000000005,30.578333333333333,30.5783,6.1157,0.2,4,1.0
1911,1970,CENTRO DE SALUD AYABACA,CENTRO DE SALUD MONTERO,-4.6359601,-79.7138753,-4.6297071,-79.8247958,24.501,38.47666666666667,38.4767,7.6953,0.2,3,1.0
1911,19125,CENTRO DE SALUD AYABACA,PUESTO DE SALUD HUALCUY,-4.6359601,-79.7138753,-4.7479412,-79.6118811,47.273300000000006,34.35,34.35,6.87,0.2,4,1.0
1911,1921,CENTRO DE SALUD AYABACA,PUESTO DE SALUD REMOLINOS,-4.6359601,-79.7138753,-4.4917343,-79.5851453,45.6675,36.725,36.725,7.345,0.2,4,1.0
1916,1923,PUESTO DE SALUD CHOCAN,PUESTO DE SALUD HUIRIQUINGUE,-4.5649483,-79.6841993,-4.5649483,-79.6841993,0.0,0.0,0.0,0.0,0.2,1,1.0
1916,10726,PUESTO DE SALUD CHOCAN,PUESTO DE SALUD JORAS,-4.5649483,-79.6841993,-4.5649483,-79.6841993,0.0,0.0,0.0,0.0,0.2,1,1.0
1916,10727,PUESTO DE SALUD CHOCAN,PUESTO DE SALUD SOCCHABAMBA,-4.5649483,-79.6841993,-4.6045211,-79.666442,9.1577,12.243333333333334,12.2433,2.4487,0.2,2,1.0
1916,1911,PUESTO DE SALUD CHOCAN,CENTRO DE SALUD AYABACA,-4.5649483,-79.6841993,-4.6359601,-79.7138753,14.6846,19.52,19.52,3.904,0.2,2,1.0
1916,1974,PUESTO DE SALUD CHOCAN,CENTRO DE SALUD SICCHEZ,-4.5649483,-79.6841993,-4.5689777,-79.763774,27.950400000000002,42.41833333333333,42.4183,8.4837,0.2,3,1.0
1916,1962,PUESTO DE SALUD CHOCAN,CENTRO DE SALUD JILILI,-4.5649483,-79.6841993,-4.5839372,-79.7979262,41.6089,63.0,63.0,12.6,0.2,4,1.0
1916,1921,PUESTO DE SALUD CHOCAN,PUESTO DE SALUD REMOLINOS,-4.5649483,-79.6841993,-4.4917343,-79.5851453,39.216699999999996,37.65,37.65,7.53,0.2,4,1.0
1916,19837,PUESTO DE SALUD CHOCAN,PUESTO DE SALUD RODEOPAMPA,-4.5649483,-79.6841993,-4.6732321,-79.6184916,32.3045,31.503333333333334,31.5033,6.3007,0.2,4,1.0
1916,1970,PUESTO DE SALUD CHOCAN,CENTRO DE SALUD MONTERO,-4.5649483,-79.6841993,-4.6297071,-79.8247958,39.0713,57.49166666666667,57.4917,11.4983,0.2,4,1.0
1916,1926,PUESTO DE SALUD CHOCAN,PUESTO DE SALUD EL TOLDO,-4.5649483,-79.6841993,-4.6151437,-79.4995409,53.6963,54.43833333333334,54.4383,10.8877,0.2,5,1.0
1920,1926,PUESTO DE SALUD ESPINDOLA,PUESTO DE SALUD EL TOLDO,-4.648091,-79.4791847,-4.6151437,-79.4995409,10.591700000000001,13.873333333333333,13.8733,2.7747,0.2,2,1.0
1920,19844,PUESTO DE SALUD ESPINDOLA,PUESTO DE SALUD HUILCO,-4.648091,-79.4791847,-4.6151437,-79.4995409,10.591700000000001,13.873333333333333,13.8733,2.7747,0.2,2,1.0
1920,19837,PUESTO DE SALUD ESPINDOLA,PUESTO DE SALUD RODEOPAMPA,-4.648091,-79.4791847,-4.6732321,-79.6184916,36.2284,34.43666666666666,34.4367,6.8873,0.2,4,1.0
1920,19125,PUESTO DE SALUD ESPINDOLA,PUESTO DE SALUD HUALCUY,-4.648091,-79.4791847,-4.7479412,-79.6118811,44.7464,38.208333333333336,38.2083,7.6417,0.2,4,1.0
1920,1921,PUESTO DE SALUD ESPINDOLA,PUESTO DE SALUD REMOLINOS,-4.648091,-79.4791847,-4.4917343,-79.5851453,76.6336,65.63333333333334,65.6333,13.1267,0.2,5,1.0
1920,10727,PUESTO DE SALUD ESPINDOLA,PUESTO DE SALUD SOCCHABAMBA,-4.648091,-79.4791847,-4.6045211,-79.666442,43.2894,37.70333333333333,37.7033,7.5407,0.2,4,1.0
1920,1916,PUESTO DE SALUD ESPINDOLA,PUESTO DE SALUD CHOCAN,-4.648091,-79.4791847,-4.5649483,-79.6841993,52.4471,49.94833333333334,49.9483,9.9897,0.2,5,1.0
1920,1923,PUESTO DE SALUD ESPINDOLA,PUESTO DE SALUD HUIRIQUINGUE,-4.648091,-79.4791847,-4.5649483,-79.6841993,52.4471,49.94833333333334,49.9483,9.9897,0.2,5,1.0
1920,10726,PUESTO DE SALUD ESPINDOLA,PUESTO DE SALUD JORAS,-4.648091,-79.4791847,-4.5649483,-79.6841993,52.4471,49.94833333333334,49.9483,9.9897,0.2,5,1.0
1920,1911,PUESTO DE SALUD ESPINDOLA,CENTRO DE SALUD AYABACA,-4.648091,-79.4791847,-4.6359601,-79.7138753,58.8979,49.07333333333334,49.0733,9.8147,0.2,5,1.0
1921,1916,PUESTO DE SALUD REMOLINOS,PUESTO DE SALUD CHOCAN,-4.4917343,-79.5851453,-4.5649483,-79.6841993,39.216699999999996,37.58833333333334,37.5883,7.5177,0.2,4,1.0
1921,1923,PUESTO DE SALUD REMOLINOS,PUESTO DE SALUD HUIRIQUINGUE,-4.4917343,-79.5851453,-4.5649483,-79.6841993,39.216699999999996,37.58833333333334,37.5883,7.5177,0.2,4,1.0
1921,10726,PUESTO DE SALUD REMOLINOS,PUESTO DE SALUD JORAS,-4.4917343,-79.5851453,-4.5649483,-79.6841993,39.216699999999996,37.58833333333334,37.5883,7.5177,0.2,4,1.0
1921,10727,PUESTO DE SALUD REMOLINOS,PUESTO DE SALUD SOCCHABAMBA,-4.4917343,-79.5851453,-4.6045211,-79.666442,33.344199999999994,27.973333333333336,27.9733,5.5947,0.2,4,1.0
1921,1926,PUESTO DE SALUD REMOLINOS,PUESTO DE SALUD EL TOLDO,-4.4917343,-79.5851453,-4.6151437,-79.4995409,77.88289999999999,70.16833333333334,70.1683,14.0337,0.2,5,1.0
1921,19844,PUESTO DE SALUD REMOLINOS,PUESTO DE SALUD HUILCO,-4.4917343,-79.5851453,-4.6151437,-79.4995409,77.88289999999999,70.16833333333334,70.1683,14.0337,0.2,5,1.0
1921,19837,PUESTO DE SALUD REMOLINOS,PUESTO DE SALUD RODEOPAMPA,-4.4917343,-79.5851453,-4.6732321,-79.6184916,56.491,47.233333333333334,47.2333,9.4467,0.2,5,1.0
1921,1920,PUESTO DE SALUD REMOLINOS,PUESTO DE SALUD ESPINDOLA,-4.4917343,-79.5851453,-4.648091,-79.4791847,76.6336,65.68166666666667,65.6817,13.1363,0.2,5,1.0
1921,1911,PUESTO DE SALUD REMOLINOS,CENTRO DE SALUD AYABACA,-4.4917343,-79.5851453,-4.6359601,-79.7138753,45.6675,36.71333333333334,36.7133,7.3427,0.2,4,1.0
1921,1974,PUESTO DE SALUD REMOLINOS,CENTRO DE SALUD SICCHEZ,-4.4917343,-79.5851453,-4.5689777,-79.763774,63.5908,66.79,66.79,13.358,0.2,5,1.0
1923,1916,PUESTO DE SALUD HUIRIQUINGUE,PUESTO DE SALUD CHOCAN,-4.5649483,-79.6841993,-4.5649483,-79.6841993,0.0,0.0,0.0,0.0,0.2,1,1.0
1923,10726,PUESTO DE SALUD HUIRIQUINGUE,PUESTO DE SALUD JORAS,-4.5649483,-79.6841993,-4.5649483,-79.6841993,0.0,0.0,0.0,0.0,0.2,1,1.0
1923,10727,PUESTO DE SALUD HUIRIQUINGUE,PUESTO DE SALUD SOCCHABAMBA,-4.5649483,-79.6841993,-4.6045211,-79.666442,9.1577,12.243333333333334,12.2433,2.4487,0.2,2,1.0
1923,1911,PUESTO DE SALUD HUIRIQUINGUE,CENTRO DE SALUD AYABACA,-4.5649483,-79.6841993,-4.6359601,-79.7138753,14.6846,19.52,19.52,3.904,0.2,2,1.0
1923,1974,PUESTO DE SALUD HUIRIQUINGUE,CENTRO DE SALUD SICCHEZ,-4.5649483,-79.6841993,-4.5689777,-79.763774,27.950400000000002,42.41833333333333,42.4183,8.4837,0.2,3,1.0
1923,1962,PUESTO DE SALUD HUIRIQUINGUE,CENTRO DE SALUD JILILI,-4.5649483,-79.6841993,-4.5839372,-79.7979262,41.6089,63.0,63.0,12.6,0.2,4,1.0
1923,1921,PUESTO DE SALUD HUIRIQUINGUE,PUESTO DE SALUD REMOLINOS,-4.5649483,-79.6841993,-4.4917343,-79.5851453,39.216699999999996,37.65,37.65,7.53,0.2,4,1.0
1923,19837,PUESTO DE SALUD HUIRIQUINGUE,PUESTO DE SALUD RODEOPAMPA,-4.5649483,-79.6841993,-4.6732321,-79.6184916,32.3045,31.503333333333334,31.5033,6.3007,0.2,4,1.0
1923,1970,PUESTO DE SALUD HUIRIQUINGUE,CENTRO DE SALUD MONTERO,-4.5649483,-79.6841993,-4.6297071,-79.8247958,39.0713,57.49166666666667,57.4917,11.4983,0.2,4,1.0
1923,1926,PUESTO DE SALUD HUIRIQUINGUE,PUESTO DE SALUD EL TOLDO,-4.5649483,-79.6841993,-4.6151437,-79.4995409,53.6963,54.43833333333334,54.4383,10.8877,0.2,5,1.0
1926,19844,PUESTO DE SALUD EL TOLDO,PUESTO DE SALUD HUILCO,-4.6151437,-79.4995409,-4.6151437,-79.4995409,0.0,0.0,0.0,0.0,0.2,1,1.0
1926,1920,PUESTO DE SALUD EL TOLDO,PUESTO DE SALUD ESPINDOLA,-4.6151437,-79.4995409,-4.648091,-79.4791847,10.591700000000001,13.865,13.865,2.773,0.2,2,1.0
1926,19837,PUESTO DE SALUD EL TOLDO,PUESTO DE SALUD RODEOPAMPA,-4.6151437,-79.4995409,-4.6732321,-79.6184916,37.4777,38.89833333333333,38.8983,7.7797,0.2,4,1.0
1926,1921,PUESTO DE SALUD EL TOLDO,PUESTO DE SALUD REMOLINOS,-4.6151437,-79.4995409,-4.4917343,-79.5851453,77.88289999999999,70.095,70.095,14.019,0.2,5,1.0
1926,10727,PUESTO DE SALUD EL TOLDO,PUESTO DE SALUD SOCCHABAMBA,-4.6151437,-79.4995409,-4.6045211,-79.666442,44.538599999999995,42.165,42.165,8.433,0.2,4,1.0
1926,19125,PUESTO DE SALUD EL TOLDO,PUESTO DE SALUD HUALCUY,-4.6151437,-79.4995409,-4.7479412,-79.6118811,45.995599999999996,42.669999999999995,42.67,8.534,0.2,4,1.0
1926,1916,PUESTO DE SALUD EL TOLDO,PUESTO DE SALUD CHOCAN,-4.6151437,-79.4995409,-4.5649483,-79.6841993,53.6963,54.41,54.41,10.882,0.2,5,1.0
1926,1923,PUESTO DE SALUD EL TOLDO,PUESTO DE SALUD HUIRIQUINGUE,-4.6151437,-79.4995409,-4.5649483,-79.6841993,53.6963,54.41,54.41,10.882,0.2,5,1.0
1926,10726,PUESTO DE SALUD EL TOLDO,PUESTO DE SALUD JORAS,-4.6151437,-79.4995409,-4.5649483,-79.6841993,53.6963,54.41,54.41,10.882,0.2,5,1.0
1926,1911,PUESTO DE SALUD EL TOLDO,CENTRO DE SALUD AYABACA,-4.6151437,-79.4995409,-4.6359601,-79.7138753,60.1472,53.535,53.535,10.707,0.2,5,1.0
1932,1943,CENTRO DE SALUD LAS LOMAS,CENTRO DE SALUD EL PARTIDOR,-4.660114,-80.2439085,-4.7309471,-80.2796964,9.582,8.648333333333333,8.6483,1.7297,0.2,2,1.0
1932,1936,CENTRO DE SALUD LAS LOMAS,PUESTO DE SALUD PAMPA ELERA BAJA,-4.660114,-80.2439085,-4.6975701,-80.1474193,16.7948,18.55,18.55,3.71,0.2,3,1.0
1932,1934,CENTRO DE SALUD LAS LOMAS,PUESTO DE SALUD CHIPILLICO,-4.660114,-80.2439085,-4.7197242,-80.131394,23.4823,26.831666666666667,26.8317,5.3663,0.2,3,1.0
1932,1978,CENTRO DE SALUD LAS LOMAS,CENTRO DE SALUD SAN ISIDRO,-4.660114,-80.2439085,-4.7939134,-80.2736569,18.4013,15.555,15.555,3.111,0.2,3,1.0
1932,1944,CENTRO DE SALUD LAS LOMAS,PUESTO SALUD LA MENTA,-4.660114,-80.2439085,-4.7190508,-80.0971652,24.740599999999997,28.521666666666665,28.5217,5.7043,0.2,3,1.0
1932,1942,CENTRO DE SALUD LAS LOMAS,PUESTO DE SALUD GARABATOS,-4.660114,-80.2439085,-4.7089581,-80.0824258,27.246599999999997,33.465,33.465,6.693,0.2,3,1.0
1932,1939,CENTRO DE SALUD LAS LOMAS,PUESTO DE SALUD SAN FRANCISCO DE PAMPA ELERA,-4.660114,-80.2439085,-4.6879089,-80.0697998,28.2271,35.445,35.445,7.089,0.2,3,1.0
1932,1953,CENTRO DE SALUD LAS LOMAS,PUESTO DE SALUD SANTA ANA DE QUIROZ,-4.660114,-80.2439085,-4.5459096,-80.0738269,25.112299999999998,18.276666666666664,18.2767,3.6553,0.2,3,1.0
1932,1996,CENTRO DE SALUD LAS LOMAS,CP3 - SAN MARTIN,-4.660114,-80.2439085,-4.8426429,-80.342111,32.9775,28.711666666666666,28.7117,5.7423,0.2,4,1.0
1932,1988,CENTRO DE SALUD LAS LOMAS,PUESTO DE SALUD LAS MONICAS,-4.660114,-80.2439085,-4.9297532,-80.2832763,42.929300000000005,33.055,33.055,6.611,0.2,4,1.0
1934,1936,PUESTO DE SALUD CHIPILLICO,PUESTO DE SALUD PAMPA ELERA BAJA,-4.7197242,-80.131394,-4.6975701,-80.1474193,6.6875,8.355,8.355,1.671,0.2,2,1.0
1934,1944,PUESTO DE SALUD CHIPILLICO,PUESTO SALUD LA MENTA,-4.7197242,-80.131394,-4.7190508,-80.0971652,4.456600000000001,6.941666666666666,6.9417,1.3883,0.2,1,1.0
1934,1942,PUESTO DE SALUD CHIPILLICO,PUESTO DE SALUD GARABATOS,-4.7197242,-80.131394,-4.7089581,-80.0824258,6.9627,11.885,11.885,2.377,0.2,2,1.0
1934,1939,PUESTO DE SALUD CHIPILLICO,PUESTO DE SALUD SAN FRANCISCO DE PAMPA ELERA,-4.7197242,-80.131394,-4.6879089,-80.0697998,10.0064,16.35,16.35,3.27,0.2,2,1.0
1934,1932,PUESTO DE SALUD CHIPILLICO,CENTRO DE SALUD LAS LOMAS,-4.7197242,-80.131394,-4.660114,-80.2439085,23.4823,26.95,26.95,5.39,0.2,3,1.0
1934,1943,PUESTO DE SALUD CHIPILLICO,CENTRO DE SALUD EL PARTIDOR,-4.7197242,-80.131394,-4.7309471,-80.2796964,32.567299999999996,34.24666666666667,34.2467,6.8493,0.2,4,1.0
1934,1955,PUESTO DE SALUD CHIPILLICO,CENTRO DE SALUD SAPILLICA,-4.7197242,-80.131394,-4.7755217,-79.9819419,28.0731,42.54,42.54,8.508,0.2,3,1.0
1934,1978,PUESTO DE SALUD CHIPILLICO,CENTRO DE SALUD SAN ISIDRO,-4.7197242,-80.131394,-4.7939134,-80.2736569,41.3866,41.15333333333333,41.1533,8.2307,0.2,4,1.0
1934,1953,PUESTO DE SALUD CHIPILLICO,PUESTO DE SALUD SANTA ANA DE QUIROZ,-4.7197242,-80.131394,-4.5459096,-80.0738269,46.7663,42.791666666666664,42.7917,8.5583,0.2,4,1.0
1934,1959,PUESTO DE SALUD CHIPILLICO,CENTRO DE SALUD PAIMAS,-4.7197242,-80.131394,-4.6248621,-79.9474502,67.26289999999999,57.445,57.445,11.489,0.2,5,1.0
1936,1934,PUESTO DE SALUD PAMPA ELERA BAJA,PUESTO DE SALUD CHIPILLICO,-4.6975701,-80.1474193,-4.7197242,-80.131394,6.6875,8.281666666666666,8.2817,1.6563,0.2,2,1.0
1936,1944,PUESTO DE SALUD PAMPA ELERA BAJA,PUESTO SALUD LA MENTA,-4.6975701,-80.1474193,-4.7190508,-80.0971652,7.9456999999999995,9.971666666666666,9.9717,1.9943,0.2,2,1.0
1936,1942,PUESTO DE SALUD PAMPA ELERA BAJA,PUESTO DE SALUD GARABATOS,-4.6975701,-80.1474193,-4.7089581,-80.0824258,10.451799999999999,14.915,14.915,2.983,0.2,2,1.0
1936,1939,PUESTO DE SALUD PAMPA ELERA BAJA,PUESTO DE SALUD SAN FRANCISCO DE PAMPA ELERA,-4.6975701,-80.1474193,-4.6879089,-80.0697998,11.4323,16.895,16.895,3.379,0.2,2,1.0
1936,1932,PUESTO DE SALUD PAMPA ELERA BAJA,CENTRO DE SALUD LAS LOMAS,-4.6975701,-80.1474193,-4.660114,-80.2439085,16.7948,18.595000000000002,18.595,3.719,0.2,3,1.0
1936,1943,PUESTO DE SALUD PAMPA ELERA BAJA,CENTRO DE SALUD EL PARTIDOR,-4.6975701,-80.1474193,-4.7309471,-80.2796964,25.8798,25.891666666666666,25.8917,5.1783,0.2,3,1.0
1936,1978,PUESTO DE SALUD PAMPA ELERA BAJA,CENTRO DE SALUD SAN ISIDRO,-4.6975701,-80.1474193,-4.7939134,-80.2736569,34.6992,32.79833333333333,32.7983,6.5597,0.2,4,1.0
1936,1953,PUESTO DE SALUD PAMPA ELERA BAJA,PUESTO DE SALUD SANTA ANA DE QUIROZ,-4.6975701,-80.1474193,-4.5459096,-80.0738269,40.078900000000004,34.43666666666666,34.4367,6.8873,0.2,4,1.0
1936,1955,PUESTO DE SALUD PAMPA ELERA BAJA,CENTRO DE SALUD SAPILLICA,-4.6975701,-80.1474193,-4.7755217,-79.9819419,31.5622,45.57,45.57,9.114,0.2,4,1.0
1936,1959,PUESTO DE SALUD PAMPA ELERA BAJA,CENTRO DE SALUD PAIMAS,-4.6975701,-80.1474193,-4.6248621,-79.9474502,60.5754,49.09,49.09,9.818,0.2,5,1.0
1939,1942,PUESTO DE SALUD SAN FRANCISCO DE PAMPA ELERA,PUESTO DE SALUD GARABATOS,-4.6879089,-80.0697998,-4.7089581,-80.0824258,3.7769,9.303333333333335,9.3033,1.8607,0.2,1,1.0
1939,1944,PUESTO DE SALUD SAN FRANCISCO DE PAMPA ELERA,PUESTO SALUD LA MENTA,-4.6879089,-80.0697998,-4.7190508,-80.0971652,6.2829,14.201666666666666,14.2017,2.8403,0.2,2,1.0
1939,1934,PUESTO DE SALUD SAN FRANCISCO DE PAMPA ELERA,PUESTO DE SALUD CHIPILLICO,-4.6879089,-80.0697998,-4.7197242,-80.131394,10.0064,16.366666666666667,16.3667,3.2733,0.2,2,1.0
1939,1936,PUESTO DE SALUD SAN FRANCISCO DE PAMPA ELERA,PUESTO DE SALUD PAMPA ELERA BAJA,-4.6879089,-80.0697998,-4.6975701,-80.1474193,11.4323,16.886666666666667,16.8867,3.3773,0.2,2,1.0
1939,1955,PUESTO DE SALUD SAN FRANCISCO DE PAMPA ELERA,CENTRO DE SALUD SAPILLICA,-4.6879089,-80.0697998,-4.7755217,-79.9819419,27.3934,46.126666666666665,46.1267,9.2253,0.2,3,1.0
1939,1959,PUESTO DE SALUD SAN FRANCISCO DE PAMPA ELERA,CENTRO DE SALUD PAIMAS,-4.6879089,-80.0697998,-4.6248621,-79.9474502,72.0077,65.97666666666666,65.9767,13.1953,0.2,5,1.0
1939,1953,PUESTO DE SALUD SAN FRANCISCO DE PAMPA ELERA,PUESTO DE SALUD SANTA ANA DE QUIROZ,-4.6879089,-80.0697998,-4.5459096,-80.0738269,51.511199999999995,51.32333333333334,51.3233,10.2647,0.2,5,1.0
1939,1932,PUESTO DE SALUD SAN FRANCISCO DE PAMPA ELERA,CENTRO DE SALUD LAS LOMAS,-4.6879089,-80.0697998,-4.660114,-80.2439085,28.2271,35.48166666666667,35.4817,7.0963,0.2,3,1.0
1939,1945,PUESTO DE SALUD SAN FRANCISCO DE PAMPA ELERA,CENTRO DE SALUD SUYO,-4.6879089,-80.0697998,-4.5144784,-80.0023272,63.2247,60.18833333333334,60.1883,12.0377,0.2,5,1.0
1939,1943,PUESTO DE SALUD SAN FRANCISCO DE PAMPA ELERA,CENTRO DE SALUD EL PARTIDOR,-4.6879089,-80.0697998,-4.7309471,-80.2796964,37.3121,42.77833333333333,42.7783,8.5557,0.2,4,1.0
1942,1944,PUESTO DE SALUD GARABATOS,PUESTO SALUD LA MENTA,-4.7089581,-80.0824258,-4.7190508,-80.0971652,2.5061,4.8983333333333325,4.8983,0.9797,0.2,1,1.0
1942,1939,PUESTO DE SALUD GARABATOS,PUESTO DE SALUD SAN FRANCISCO DE PAMPA ELERA,-4.7089581,-80.0824258,-4.6879089,-80.0697998,3.7769,9.253333333333334,9.2533,1.8507,0.2,1,1.0
1942,1934,PUESTO DE SALUD GARABATOS,PUESTO DE SALUD CHIPILLICO,-4.7089581,-80.0824258,-4.7197242,-80.131394,6.9627,11.848333333333333,11.8483,2.3697,0.2,2,1.0
1942,1936,PUESTO DE SALUD GARABATOS,PUESTO DE SALUD PAMPA ELERA BAJA,-4.7089581,-80.0824258,-4.6975701,-80.1474193,10.451799999999999,14.878333333333334,14.8783,2.9757,0.2,2,1.0
1942,1955,PUESTO DE SALUD GARABATOS,CENTRO DE SALUD SAPILLICA,-4.7089581,-80.0824258,-4.7755217,-79.9819419,23.6165,36.82333333333334,36.8233,7.3647,0.2,3,1.0
1942,1959,PUESTO DE SALUD GARABATOS,CENTRO DE SALUD PAIMAS,-4.7089581,-80.0824258,-4.6248621,-79.9474502,71.0272,63.968333333333334,63.9683,12.7937,0.2,5,1.0
1942,1953,PUESTO DE SALUD GARABATOS,PUESTO DE SALUD SANTA ANA DE QUIROZ,-4.7089581,-80.0824258,-4.5459096,-80.0738269,50.5306,49.315000000000005,49.315,9.863,0.2,5,1.0
1942,1932,PUESTO DE SALUD GARABATOS,CENTRO DE SALUD LAS LOMAS,-4.7089581,-80.0824258,-4.660114,-80.2439085,27.246599999999997,33.473333333333336,33.4733,6.6947,0.2,3,1.0
1942,1943,PUESTO DE SALUD GARABATOS,CENTRO DE SALUD EL PARTIDOR,-4.7089581,-80.0824258,-4.7309471,-80.2796964,36.3316,40.769999999999996,40.77,8.154,0.2,4,1.0
1942,1978,PUESTO DE SALUD GARABATOS,CENTRO DE SALUD SAN ISIDRO,-4.7089581,-80.0824258,-4.7939134,-80.2736569,45.1509,47.67666666666666,47.6767,9.5353,0.2,4,1.0
1943,1978,CENTRO DE SALUD EL PARTIDOR,CENTRO DE SALUD SAN ISIDRO,-4.7309471,-80.2796964,-4.7939134,-80.2736569,9.665,10.479999999999999,10.48,2.096,0.2,2,1.0
1943,1932,CENTRO DE SALUD EL PARTIDOR,CENTRO DE SALUD LAS LOMAS,-4.7309471,-80.2796964,-4.660114,-80.2439085,9.582,8.7,8.7,1.74,0.2,2,1.0
1943,1996,CENTRO DE SALUD EL PARTIDOR,CP3 - SAN MARTIN,-4.7309471,-80.2796964,-4.8426429,-80.342111,24.2412,23.636666666666667,23.6367,4.7273,0.2,3,1.0
1943,1936,CENTRO DE SALUD EL PARTIDOR,PUESTO DE SALUD PAMPA ELERA BAJA,-4.7309471,-80.2796964,-4.6975701,-80.1474193,25.8798,25.853333333333335,25.8533,5.1707,0.2,3,1.0
1943,1934,CENTRO DE SALUD EL PARTIDOR,PUESTO DE SALUD CHIPILLICO,-4.7309471,-80.2796964,-4.7197242,-80.131394,32.567299999999996,34.135,34.135,6.827,0.2,4,1.0
1943,1944,CENTRO DE SALUD EL PARTIDOR,PUESTO SALUD LA MENTA,-4.7309471,-80.2796964,-4.7190508,-80.0971652,33.8256,35.825,35.825,7.165,0.2,4,1.0
1943,1942,CENTRO DE SALUD EL PARTIDOR,PUESTO DE SALUD GARABATOS,-4.7309471,-80.2796964,-4.7089581,-80.0824258,36.3316,40.76833333333333,40.7683,8.1537,0.2,4,1.0
1943,1988,CENTRO DE SALUD EL PARTIDOR,PUESTO DE SALUD LAS MONICAS,-4.7309471,-80.2796964,-4.9297532,-80.2832763,34.193,27.98,27.98,5.596,0.2,4,1.0
1943,1986,CENTRO DE SALUD EL PARTIDOR,PUESTO DE SALUD CHICA ALTA,-4.7309471,-80.2796964,-4.8903579,-80.4146409,34.6511,26.158333333333335,26.1583,5.2317,0.2,4,1.0
1943,1987,CENTRO DE SALUD EL PARTIDOR,PUESTO DE SALUD SINCHI ROCA,-4.7309471,-80.2796964,-4.8903579,-80.4146409,34.6511,26.158333333333335,26.1583,5.2317,0.2,4,1.0
1944,1942,PUESTO SALUD LA MENTA,PUESTO DE SALUD GARABATOS,-4.7190508,-80.0971652,-4.7089581,-80.0824258,2.5061,4.943333333333333,4.9433,0.9887,0.2,1,1.0
1944,1934,PUESTO SALUD LA MENTA,PUESTO DE SALUD CHIPILLICO,-4.7190508,-80.0971652,-4.7197242,-80.131394,4.456600000000001,6.95,6.95,1.39,0.2,1,1.0
1944,1939,PUESTO SALUD LA MENTA,PUESTO DE SALUD SAN FRANCISCO DE PAMPA ELERA,-4.7190508,-80.0971652,-4.6879089,-80.0697998,6.2829,14.196666666666665,14.1967,2.8393,0.2,2,1.0
1944,1936,PUESTO SALUD LA MENTA,PUESTO DE SALUD PAMPA ELERA BAJA,-4.7190508,-80.0971652,-4.6975701,-80.1474193,7.9456999999999995,9.979999999999999,9.98,1.996,0.2,2,1.0
1944,1955,PUESTO SALUD LA MENTA,CENTRO DE SALUD SAPILLICA,-4.7190508,-80.0971652,-4.7755217,-79.9819419,23.6165,35.598333333333336,35.5983,7.1197,0.2,3,1.0
1944,1932,PUESTO SALUD LA MENTA,CENTRO DE SALUD LAS LOMAS,-4.7190508,-80.0971652,-4.660114,-80.2439085,24.740599999999997,28.575,28.575,5.715,0.2,3,1.0
1944,1953,PUESTO SALUD LA MENTA,PUESTO DE SALUD SANTA ANA DE QUIROZ,-4.7190508,-80.0971652,-4.5459096,-80.0738269,48.0246,44.416666666666664,44.4167,8.8833,0.2,4,1.0
1944,1959,PUESTO SALUD LA MENTA,CENTRO DE SALUD PAIMAS,-4.7190508,-80.0971652,-4.6248621,-79.9474502,68.5211,59.07,59.07,11.814,0.2,5,1.0
1944,1943,PUESTO SALUD LA MENTA,CENTRO DE SALUD EL PARTIDOR,-4.7190508,-80.0971652,-4.7309471,-80.2796964,33.8256,35.87166666666667,35.8717,7.1743,0.2,4,1.0
1944,1978,PUESTO SALUD LA MENTA,CENTRO DE SALUD SAN ISIDRO,-4.7190508,-80.0971652,-4.7939134,-80.2736569,42.6449,42.77833333333333,42.7783,8.5557,0.2,4,1.0
1945,1953,CENTRO DE SALUD SUYO,PUESTO DE SALUD SANTA ANA DE QUIROZ,-4.5144784,-80.0023272,-4.5459096,-80.0738269,11.7135,8.946666666666665,8.9467,1.7893,0.2,2,1.0
1945,1959,CENTRO DE SALUD SUYO,CENTRO DE SALUD PAIMAS,-4.5144784,-80.0023272,-4.6248621,-79.9474502,36.656699999999994,26.77,26.77,5.354,0.2,4,1.0
1945,1939,CENTRO DE SALUD SUYO,PUESTO DE SALUD SAN FRANCISCO DE PAMPA ELERA,-4.5144784,-80.0023272,-4.6879089,-80.0697998,63.2247,60.32666666666667,60.3267,12.0653,0.2,5,1.0
1945,1942,CENTRO DE SALUD SUYO,PUESTO DE SALUD GARABATOS,-4.5144784,-80.0023272,-4.7089581,-80.0824258,62.2442,58.34666666666667,58.3467,11.6693,0.2,5,1.0
1945,1970,CENTRO DE SALUD SUYO,CENTRO DE SALUD MONTERO,-4.5144784,-80.0023272,-4.6297071,-79.8247958,55.6683,57.41,57.41,11.482,0.2,5,1.0
1945,1962,CENTRO DE SALUD SUYO,CENTRO DE SALUD JILILI,-4.5144784,-80.0023272,-4.5839372,-79.7979262,66.81989999999999,76.25,76.25,15.25,0.2,5,1.0
1945,1944,CENTRO DE SALUD SUYO,PUESTO SALUD LA MENTA,-4.5144784,-80.0023272,-4.7190508,-80.0971652,59.738099999999996,53.40333333333333,53.4033,10.6807,0.2,5,1.0
1945,1936,CENTRO DE SALUD SUYO,PUESTO DE SALUD PAMPA ELERA BAJA,-4.5144784,-80.0023272,-4.6975701,-80.1474193,51.7924,43.431666666666665,43.4317,8.6863,0.2,5,1.0
1945,1934,CENTRO DE SALUD SUYO,PUESTO DE SALUD CHIPILLICO,-4.5144784,-80.0023272,-4.7197242,-80.131394,58.4799,51.71333333333334,51.7133,10.3427,0.2,5,1.0
1945,1974,CENTRO DE SALUD SUYO,CENTRO DE SALUD SICCHEZ,-4.5144784,-80.0023272,-4.5689777,-79.763774,59.3696,85.53833333333334,85.5383,17.1077,0.2,5,1.0
1953,1945,PUESTO DE SALUD SANTA ANA DE QUIROZ,CENTRO DE SALUD SUYO,-4.5459096,-80.0738269,-4.5144784,-80.0023272,11.7135,8.865,8.865,1.773,0.2,2,1.0
1953,1939,PUESTO DE SALUD SANTA ANA DE QUIROZ,PUESTO DE SALUD SAN FRANCISCO DE PAMPA ELERA,-4.5459096,-80.0738269,-4.6879089,-80.0697998,51.511199999999995,51.38,51.38,10.276,0.2,5,1.0
1953,1959,PUESTO DE SALUD SANTA ANA DE QUIROZ,CENTRO DE SALUD PAIMAS,-4.5459096,-80.0738269,-4.6248621,-79.9474502,24.9432,17.823333333333334,17.8233,3.5647,0.2,3,1.0
1953,1942,PUESTO DE SALUD SANTA ANA DE QUIROZ,PUESTO DE SALUD GARABATOS,-4.5459096,-80.0738269,-4.7089581,-80.0824258,50.5306,49.4,49.4,9.88,0.2,5,1.0
1953,1936,PUESTO DE SALUD SANTA ANA DE QUIROZ,PUESTO DE SALUD PAMPA ELERA BAJA,-4.5459096,-80.0738269,-4.6975701,-80.1474193,40.078900000000004,34.485,34.485,6.897,0.2,4,1.0
1953,1944,PUESTO DE SALUD SANTA ANA DE QUIROZ,PUESTO SALUD LA MENTA,-4.5459096,-80.0738269,-4.7190508,-80.0971652,48.0246,44.45666666666667,44.4567,8.8913,0.2,4,1.0
1953,1934,PUESTO DE SALUD SANTA ANA DE QUIROZ,PUESTO DE SALUD CHIPILLICO,-4.5459096,-80.0738269,-4.7197242,-80.131394,46.7663,42.766666666666666,42.7667,8.5533,0.2,4,1.0
1953,1932,PUESTO DE SALUD SANTA ANA DE QUIROZ,CENTRO DE SALUD LAS LOMAS,-4.5459096,-80.0738269,-4.660114,-80.2439085,25.112299999999998,18.259999999999998,18.26,3.652,0.2,3,1.0
1953,1955,PUESTO DE SALUD SANTA ANA DE QUIROZ,CENTRO DE SALUD SAPILLICA,-4.5459096,-80.0738269,-4.7755217,-79.9819419,68.07889999999999,76.26333333333334,76.2633,15.2527,0.2,5,1.0
1953,1970,PUESTO DE SALUD SANTA ANA DE QUIROZ,CENTRO DE SALUD MONTERO,-4.5459096,-80.0738269,-4.6297071,-79.8247958,43.954800000000006,48.46333333333334,48.4633,9.6927,0.2,4,1.0
1955,1942,CENTRO DE SALUD SAPILLICA,PUESTO DE SALUD GARABATOS,-4.7755217,-79.9819419,-4.7089581,-80.0824258,23.6165,36.88666666666666,36.8867,7.3773,0.2,3,1.0
1955,1939,CENTRO DE SALUD SAPILLICA,PUESTO DE SALUD SAN FRANCISCO DE PAMPA ELERA,-4.7755217,-79.9819419,-4.6879089,-80.0697998,27.3934,46.14,46.14,9.228,0.2,3,1.0
1955,1944,CENTRO DE SALUD SAPILLICA,PUESTO SALUD LA MENTA,-4.7755217,-79.9819419,-4.7190508,-80.0971652,23.6165,35.71666666666667,35.7167,7.1433,0.2,3,1.0
1955,1965,CENTRO DE SALUD SAPILLICA,CENTRO DE SALUD LAGUNAS,-4.7755217,-79.9819419,-4.7893312,-79.8447552,50.4109,55.806666666666665,55.8067,11.1613,0.2,5,1.0
1955,1959,CENTRO DE SALUD SAPILLICA,CENTRO DE SALUD PAIMAS,-4.7755217,-79.9819419,-4.6248621,-79.9474502,43.386199999999995,58.72666666666667,58.7267,11.7453,0.2,4,1.0
1955,1934,CENTRO DE SALUD SAPILLICA,PUESTO DE SALUD CHIPILLICO,-4.7755217,-79.9819419,-4.7197242,-80.131394,28.0731,42.666666666666664,42.6667,8.5333,0.2,3,1.0
1955,1936,CENTRO DE SALUD SAPILLICA,PUESTO DE SALUD PAMPA ELERA BAJA,-4.7755217,-79.9819419,-4.6975701,-80.1474193,31.5622,45.69666666666667,45.6967,9.1393,0.2,4,1.0
1955,1970,CENTRO DE SALUD SAPILLICA,CENTRO DE SALUD MONTERO,-4.7755217,-79.9819419,-4.6297071,-79.8247958,62.3977,89.56833333333334,89.5683,17.9137,0.2,5,1.0
1955,1953,CENTRO DE SALUD SAPILLICA,PUESTO DE SALUD SANTA ANA DE QUIROZ,-4.7755217,-79.9819419,-4.5459096,-80.0738269,68.0806,76.18166666666666,76.1817,15.2363,0.2,5,1.0
1955,1945,CENTRO DE SALUD SAPILLICA,CENTRO DE SALUD SUYO,-4.7755217,-79.9819419,-4.5144784,-80.0023272,79.7941,85.04666666666667,85.0467,17.0093,0.2,5,1.0
1959,1970,CENTRO DE SALUD PAIMAS,CENTRO DE SALUD MONTERO,-4.6248621,-79.9474502,-4.6297071,-79.8247958,19.4522,31.581666666666667,31.5817,6.3163,0.2,3,1.0
1959,1945,CENTRO DE SALUD PAIMAS,CENTRO DE SALUD SUYO,-4.6248621,-79.9474502,-4.5144784,-80.0023272,36.408,26.32,26.32,5.264,0.2,4,1.0
1959,1939,CENTRO DE SALUD PAIMAS,PUESTO DE SALUD SAN FRANCISCO DE PAMPA ELERA,-4.6248621,-79.9474502,-4.6879089,-80.0697998,71.7589,65.71833333333333,65.7183,13.1437,0.2,5,1.0
1959,1953,CENTRO DE SALUD PAIMAS,PUESTO DE SALUD SANTA ANA DE QUIROZ,-4.6248621,-79.9474502,-4.5459096,-80.0738269,24.6944,17.455,17.455,3.491,0.2,3,1.0
1959,1955,CENTRO DE SALUD PAIMAS,CENTRO DE SALUD SAPILLICA,-4.6248621,-79.9474502,-4.7755217,-79.9819419,43.5763,59.38166666666667,59.3817,11.8763,0.2,4,1.0
1959,1962,CENTRO DE SALUD PAIMAS,CENTRO DE SALUD JILILI,-4.6248621,-79.9474502,-4.5839372,-79.7979262,30.6038,50.42166666666667,50.4217,10.0843,0.2,4,1.0
1959,1942,CENTRO DE SALUD PAIMAS,PUESTO DE SALUD GARABATOS,-4.6248621,-79.9474502,-4.7089581,-80.0824258,70.77839999999999,63.73833333333334,63.7383,12.7477,0.2,5,1.0
1959,1944,CENTRO DE SALUD PAIMAS,PUESTO SALUD LA MENTA,-4.6248621,-79.9474502,-4.7190508,-80.0971652,68.27239999999999,58.794999999999995,58.795,11.759,0.2,5,1.0
1959,1974,CENTRO DE SALUD PAIMAS,CENTRO DE SALUD SICCHEZ,-4.6248621,-79.9474502,-4.5689777,-79.763774,44.3901,71.41833333333334,71.4183,14.2837,0.2,4,1.0
1959,1965,CENTRO DE SALUD PAIMAS,CENTRO DE SALUD LAGUNAS,-4.6248621,-79.9474502,-4.7893312,-79.8447552,41.6699,40.098333333333336,40.0983,8.0197,0.2,4,1.0
1962,1974,CENTRO DE SALUD JILILI,CENTRO DE SALUD SICCHEZ,-4.5839372,-79.7979262,-4.5689777,-79.763774,13.9599,21.53166666666667,21.5317,4.3063,0.2,2,1.0
1962,1970,CENTRO DE SALUD JILILI,CENTRO DE SALUD MONTERO,-4.5839372,-79.7979262,-4.6297071,-79.8247958,11.1516,18.816666666666666,18.8167,3.7633,0.2,2,1.0
1962,1911,CENTRO DE SALUD JILILI,CENTRO DE SALUD AYABACA,-4.5839372,-79.7979262,-4.6359601,-79.7138753,27.8108,44.7,44.7,8.94,0.2,3,1.0
1962,1916,CENTRO DE SALUD JILILI,PUESTO DE SALUD CHOCAN,-4.5839372,-79.7979262,-4.5649483,-79.6841993,41.6089,62.97833333333333,62.9783,12.5957,0.2,4,1.0
1962,1923,CENTRO DE SALUD JILILI,PUESTO DE SALUD HUIRIQUINGUE,-4.5839372,-79.7979262,-4.5649483,-79.6841993,41.6089,62.97833333333333,62.9783,12.5957,0.2,4,1.0
1962,10726,CENTRO DE SALUD JILILI,PUESTO DE SALUD JORAS,-4.5839372,-79.7979262,-4.5649483,-79.6841993,41.6089,62.97833333333333,62.9783,12.5957,0.2,4,1.0
1962,10727,CENTRO DE SALUD JILILI,PUESTO DE SALUD SOCCHABAMBA,-4.5839372,-79.7979262,-4.6045211,-79.666442,43.305,55.62166666666667,55.6217,11.1243,0.2,4,1.0
1962,1959,CENTRO DE SALUD JILILI,CENTRO DE SALUD PAIMAS,-4.5839372,-79.7979262,-4.6248621,-79.9474502,30.403299999999998,49.71333333333334,49.7133,9.9427,0.2,4,1.0
1962,19837,CENTRO DE SALUD JILILI,PUESTO DE SALUD RODEOPAMPA,-4.5839372,-79.7979262,-4.6732321,-79.6184916,66.4518,74.88166666666666,74.8817,14.9763,0.2,5,1.0
1962,1965,CENTRO DE SALUD JILILI,CENTRO DE SALUD LAGUNAS,-4.5839372,-79.7979262,-4.7893312,-79.8447552,62.8019,82.7,82.7,16.54,0.2,5,1.0
1965,1955,CENTRO DE SALUD LAGUNAS,CENTRO DE SALUD SAPILLICA,-4.7893312,-79.8447552,-4.7755217,-79.9819419,50.4109,55.905,55.905,11.181,0.2,5,1.0
1965,1970,CENTRO DE SALUD LAGUNAS,CENTRO DE SALUD MONTERO,-4.7893312,-79.8447552,-4.6297071,-79.8247958,51.6503,63.848333333333336,63.8483,12.7697,0.2,5,1.0
1965,1959,CENTRO DE SALUD LAGUNAS,CENTRO DE SALUD PAIMAS,-4.7893312,-79.8447552,-4.6248621,-79.9474502,41.4694,39.475,39.475,7.895,0.2,4,1.0
1965,1911,CENTRO DE SALUD LAGUNAS,CENTRO DE SALUD AYABACA,-4.7893312,-79.8447552,-4.6359601,-79.7138753,67.61930000000001,58.27166666666667,58.2717,11.6543,0.2,5,1.0
1965,1962,CENTRO DE SALUD LAGUNAS,CENTRO DE SALUD JILILI,-4.7893312,-79.8447552,-4.5839372,-79.7979262,62.8019,82.68833333333333,82.6883,16.5377,0.2,5,1.0
1965,1974,CENTRO DE SALUD LAGUNAS,CENTRO DE SALUD SICCHEZ,-4.7893312,-79.8447552,-4.5689777,-79.763774,92.495,93.21166666666666,93.2117,18.6423,0.2,5,1.0
1965,19125,CENTRO DE SALUD LAGUNAS,PUESTO DE SALUD HUALCUY,-4.7893312,-79.8447552,-4.7479412,-79.6118811,114.7783,92.225,92.225,18.445,0.2,5,1.0
1965,1939,CENTRO DE SALUD LAGUNAS,PUESTO DE SALUD SAN FRANCISCO DE PAMPA ELERA,-4.7893312,-79.8447552,-4.6879089,-80.0697998,77.648,101.35166666666667,101.3517,20.2703,0.2,5,1.0
1965,1942,CENTRO DE SALUD LAGUNAS,PUESTO DE SALUD GARABATOS,-4.7893312,-79.8447552,-4.7089581,-80.0824258,73.8712,92.09833333333333,92.0983,18.4197,0.2,5,1.0
1965,19837,CENTRO DE SALUD LAGUNAS,PUESTO DE SALUD RODEOPAMPA,-4.7893312,-79.8447552,-4.6732321,-79.6184916,106.2603,88.45333333333333,88.4533,17.6907,0.2,5,1.0
1970,1962,CENTRO DE SALUD MONTERO,CENTRO DE SALUD JILILI,-4.6297071,-79.8247958,-4.5839372,-79.7979262,11.1516,18.84,18.84,3.768,0.2,2,1.0
1970,1974,CENTRO DE SALUD MONTERO,CENTRO DE SALUD SICCHEZ,-4.6297071,-79.8247958,-4.5689777,-79.763774,24.938,39.836666666666666,39.8367,7.9673,0.2,3,1.0
1970,1911,CENTRO DE SALUD MONTERO,CENTRO DE SALUD AYABACA,-4.6297071,-79.8247958,-4.6359601,-79.7138753,24.4976,38.38666666666666,38.3867,7.6773,0.2,3,1.0
1970,1959,CENTRO DE SALUD MONTERO,CENTRO DE SALUD PAIMAS,-4.6297071,-79.8247958,-4.6248621,-79.9474502,19.2517,30.896666666666665,30.8967,6.1793,0.2,3,1.0
1970,1916,CENTRO DE SALUD MONTERO,PUESTO DE SALUD CHOCAN,-4.6297071,-79.8247958,-4.5649483,-79.6841993,39.068,57.47833333333333,57.4783,11.4957,0.2,4,1.0
1970,1923,CENTRO DE SALUD MONTERO,PUESTO DE SALUD HUIRIQUINGUE,-4.6297071,-79.8247958,-4.5649483,-79.6841993,39.068,57.47833333333333,57.4783,11.4957,0.2,4,1.0
1970,10726,CENTRO DE SALUD MONTERO,PUESTO DE SALUD JORAS,-4.6297071,-79.8247958,-4.5649483,-79.6841993,39.068,57.47833333333333,57.4783,11.4957,0.2,4,1.0
1970,10727,CENTRO DE SALUD MONTERO,PUESTO DE SALUD SOCCHABAMBA,-4.6297071,-79.8247958,-4.6045211,-79.666442,39.9919,49.30833333333333,49.3083,9.8617,0.2,4,1.0
1970,1965,CENTRO DE SALUD MONTERO,CENTRO DE SALUD LAGUNAS,-4.6297071,-79.8247958,-4.7893312,-79.8447552,51.6503,63.88333333333333,63.8833,12.7767,0.2,5,1.0
1970,19837,CENTRO DE SALUD MONTERO,PUESTO DE SALUD RODEOPAMPA,-4.6297071,-79.8247958,-4.6732321,-79.6184916,63.1387,68.56833333333334,68.5683,13.7137,0.2,5,1.0
1974,1962,CENTRO DE SALUD SICCHEZ,CENTRO DE SALUD JILILI,-4.5689777,-79.763774,-4.5839372,-79.7979262,13.9599,21.470000000000002,21.47,4.294,0.2,2,1.0
1974,1916,CENTRO DE SALUD SICCHEZ,PUESTO DE SALUD CHOCAN,-4.5689777,-79.763774,-4.5649483,-79.6841993,27.950400000000002,42.445,42.445,8.489,0.2,3,1.0
1974,1923,CENTRO DE SALUD SICCHEZ,PUESTO DE SALUD HUIRIQUINGUE,-4.5689777,-79.763774,-4.5649483,-79.6841993,27.950400000000002,42.445,42.445,8.489,0.2,3,1.0
1974,10726,CENTRO DE SALUD SICCHEZ,PUESTO DE SALUD JORAS,-4.5689777,-79.763774,-4.5649483,-79.6841993,27.950400000000002,42.445,42.445,8.489,0.2,3,1.0
1974,1911,CENTRO DE SALUD SICCHEZ,CENTRO DE SALUD AYABACA,-4.5689777,-79.763774,-4.6359601,-79.7138753,24.989900000000002,35.30333333333333,35.3033,7.0607,0.2,3,1.0
1974,1970,CENTRO DE SALUD SICCHEZ,CENTRO DE SALUD MONTERO,-4.5689777,-79.763774,-4.6297071,-79.8247958,24.938,39.8,39.8,7.96,0.2,3,1.0
1974,10727,CENTRO DE SALUD SICCHEZ,PUESTO DE SALUD SOCCHABAMBA,-4.5689777,-79.763774,-4.6045211,-79.666442,33.531800000000004,41.36333333333334,41.3633,8.2727,0.2,4,1.0
1974,19837,CENTRO DE SALUD SICCHEZ,PUESTO DE SALUD RODEOPAMPA,-4.5689777,-79.763774,-4.6732321,-79.6184916,56.678599999999996,60.623333333333335,60.6233,12.1247,0.2,5,1.0
1974,1959,CENTRO DE SALUD SICCHEZ,CENTRO DE SALUD PAIMAS,-4.5689777,-79.763774,-4.6248621,-79.9474502,44.1896,70.69666666666667,70.6967,14.1393,0.2,4,1.0
1974,1921,CENTRO DE SALUD SICCHEZ,PUESTO DE SALUD REMOLINOS,-4.5689777,-79.763774,-4.4917343,-79.5851453,63.5908,66.77,66.77,13.354,0.2,5,1.0
1977,1988,CENTRO DE SALUD TAMBOGRANDE,PUESTO DE SALUD LAS MONICAS,-4.9348207,-80.3415011,-4.9297532,-80.2832763,8.1154,8.853333333333333,8.8533,1.7707,0.2,2,1.0
1977,1986,CENTRO DE SALUD TAMBOGRANDE,PUESTO DE SALUD CHICA ALTA,-4.9348207,-80.3415011,-4.8903579,-80.4146409,12.7741,10.663333333333332,10.6633,2.1327,0.2,2,1.0
1977,1987,CENTRO DE SALUD TAMBOGRANDE,PUESTO DE SALUD SINCHI ROCA,-4.9348207,-80.3415011,-4.8903579,-80.4146409,12.7741,10.663333333333332,10.6633,2.1327,0.2,2,1.0
1977,1996,CENTRO DE SALUD TAMBOGRANDE,CP3 - SAN MARTIN,-4.9348207,-80.3415011,-4.8426429,-80.342111,15.662700000000001,17.581666666666667,17.5817,3.5163,0.2,3,1.0
1977,1978,CENTRO DE SALUD TAMBOGRANDE,CENTRO DE SALUD SAN ISIDRO,-4.9348207,-80.3415011,-4.7939134,-80.2736569,21.8352,19.521666666666665,19.5217,3.9043,0.2,3,1.0
1977,1943,CENTRO DE SALUD TAMBOGRANDE,CENTRO DE SALUD EL PARTIDOR,-4.9348207,-80.3415011,-4.7309471,-80.2796964,27.6109,22.613333333333333,22.6133,4.5227,0.2,3,1.0
1977,1932,CENTRO DE SALUD TAMBOGRANDE,CENTRO DE SALUD LAS LOMAS,-4.9348207,-80.3415011,-4.660114,-80.2439085,36.347300000000004,27.636666666666667,27.6367,5.5273,0.2,4,1.0
1977,1934,CENTRO DE SALUD TAMBOGRANDE,PUESTO DE SALUD CHIPILLICO,-4.9348207,-80.3415011,-4.7197242,-80.131394,59.3326,53.07166666666667,53.0717,10.6143,0.2,5,1.0
1977,1936,CENTRO DE SALUD TAMBOGRANDE,PUESTO DE SALUD PAMPA ELERA BAJA,-4.9348207,-80.3415011,-4.6975701,-80.1474193,52.6451,44.79,44.79,8.958,0.2,5,1.0
1977,2052,CENTRO DE SALUD TAMBOGRANDE,PUESTO DE SALUD SAN FRANCISCO DE CHOCAN,-4.9348207,-80.3415011,-4.7852623,-80.6101357,66.1961,50.43333333333333,50.4333,10.0867,0.2,5,1.0
1978,1943,CENTRO DE SALUD SAN ISIDRO,CENTRO DE SALUD EL PARTIDOR,-4.7939134,-80.2736569,-4.7309471,-80.2796964,9.665,10.551666666666668,10.5517,2.1103,0.2,2,1.0
1978,1996,CENTRO DE SALUD SAN ISIDRO,CP3 - SAN MARTIN,-4.7939134,-80.2736569,-4.8426429,-80.342111,18.465400000000002,20.695,20.695,4.139,0.2,3,1.0
1978,1988,CENTRO DE SALUD SAN ISIDRO,PUESTO DE SALUD LAS MONICAS,-4.7939134,-80.2736569,-4.9297532,-80.2832763,28.4172,25.038333333333334,25.0383,5.0077,0.2,3,1.0
1978,1932,CENTRO DE SALUD SAN ISIDRO,CENTRO DE SALUD LAS LOMAS,-4.7939134,-80.2736569,-4.660114,-80.2439085,18.4013,15.575,15.575,3.115,0.2,3,1.0
1978,1977,CENTRO DE SALUD SAN ISIDRO,CENTRO DE SALUD TAMBOGRANDE,-4.7939134,-80.2736569,-4.9348207,-80.3415011,22.0535,19.773333333333333,19.7733,3.9547,0.2,3,1.0
1978,1936,CENTRO DE SALUD SAN ISIDRO,PUESTO DE SALUD PAMPA ELERA BAJA,-4.7939134,-80.2736569,-4.6975701,-80.1474193,34.6992,32.72833333333333,32.7283,6.5457,0.2,4,1.0
1978,1934,CENTRO DE SALUD SAN ISIDRO,PUESTO DE SALUD CHIPILLICO,-4.7939134,-80.2736569,-4.7197242,-80.131394,41.3866,41.01,41.01,8.202,0.2,4,1.0
1978,1986,CENTRO DE SALUD SAN ISIDRO,PUESTO DE SALUD CHICA ALTA,-4.7939134,-80.2736569,-4.8903579,-80.4146409,28.8753,23.216666666666665,23.2167,4.6433,0.2,3,1.0
1978,1987,CENTRO DE SALUD SAN ISIDRO,PUESTO DE SALUD SINCHI ROCA,-4.7939134,-80.2736569,-4.8903579,-80.4146409,28.8753,23.216666666666665,23.2167,4.6433,0.2,3,1.0
1978,1944,CENTRO DE SALUD SAN ISIDRO,PUESTO SALUD LA MENTA,-4.7939134,-80.2736569,-4.7190508,-80.0971652,42.6449,42.7,42.7,8.54,0.2,4,1.0
1986,1987,PUESTO DE SALUD CHICA ALTA,PUESTO DE SALUD SINCHI ROCA,-4.8903579,-80.4146409,-4.8903579,-80.4146409,0.0,0.0,0.0,0.0,0.2,1,1.0
1986,1977,PUESTO DE SALUD CHICA ALTA,CENTRO DE SALUD TAMBOGRANDE,-4.8903579,-80.4146409,-4.9348207,-80.3415011,12.9775,10.828333333333335,10.8283,2.1657,0.2,2,1.0
1986,1996,PUESTO DE SALUD CHICA ALTA,CP3 - SAN MARTIN,-4.8903579,-80.4146409,-4.8426429,-80.342111,22.755200000000002,21.328333333333333,21.3283,4.2657,0.2,3,1.0
1986,1988,PUESTO DE SALUD CHICA ALTA,PUESTO DE SALUD LAS MONICAS,-4.8903579,-80.4146409,-4.9297532,-80.2832763,19.341099999999997,16.093333333333334,16.0933,3.2187,0.2,3,1.0
1986,1978,PUESTO DE SALUD CHICA ALTA,CENTRO DE SALUD SAN ISIDRO,-4.8903579,-80.4146409,-4.7939134,-80.2736569,28.9277,23.26833333333333,23.2683,4.6537,0.2,3,1.0
1986,1943,PUESTO DE SALUD CHICA ALTA,CENTRO DE SALUD EL PARTIDOR,-4.8903579,-80.4146409,-4.7309471,-80.2796964,34.7034,26.36,26.36,5.272,0.2,4,1.0
1986,2052,PUESTO DE SALUD CHICA ALTA,PUESTO DE SALUD SAN FRANCISCO DE CHOCAN,-4.8903579,-80.4146409,-4.7852623,-80.6101357,53.493300000000005,40.013333333333335,40.0133,8.0027,0.2,5,1.0
1986,2056,PUESTO DE SALUD CHICA ALTA,PUESTO DE SALUD PUENTE DE LOS SERRANOS,-4.8903579,-80.4146409,-4.7852623,-80.6101357,53.493300000000005,40.013333333333335,40.0133,8.0027,0.2,5,1.0
1986,2065,PUESTO DE SALUD CHICA ALTA,PUESTO DE SALUD EL ALAMOR,-4.8903579,-80.4146409,-4.7852623,-80.6101357,53.493300000000005,40.013333333333335,40.0133,8.0027,0.2,5,1.0
1986,2050,PUESTO DE SALUD CHICA ALTA,CENTRO DE SALUD QUERECOTILLO,-4.8903579,-80.4146409,-4.8378896,-80.6471156,46.5746,35.663333333333334,35.6633,7.1327,0.2,4,1.0
1987,1986,PUESTO DE SALUD SINCHI ROCA,PUESTO DE SALUD CHICA ALTA,-4.8903579,-80.4146409,-4.8903579,-80.4146409,0.0,0.0,0.0,0.0,0.2,1,1.0
1987,1977,PUESTO DE SALUD SINCHI ROCA,CENTRO DE SALUD TAMBOGRANDE,-4.8903579,-80.4146409,-4.9348207,-80.3415011,12.9775,10.828333333333335,10.8283,2.1657,0.2,2,1.0
1987,1996,PUESTO DE SALUD SINCHI ROCA,CP3 - SAN MARTIN,-4.8903579,-80.4146409,-4.8426429,-80.342111,22.755200000000002,21.328333333333333,21.3283,4.2657,0.2,3,1.0
1987,1988,PUESTO DE SALUD SINCHI ROCA,PUESTO DE SALUD LAS MONICAS,-4.8903579,-80.4146409,-4.9297532,-80.2832763,19.341099999999997,16.093333333333334,16.0933,3.2187,0.2,3,1.0
1987,1978,PUESTO DE SALUD SINCHI ROCA,CENTRO DE SALUD SAN ISIDRO,-4.8903579,-80.4146409,-4.7939134,-80.2736569,28.9277,23.26833333333333,23.2683,4.6537,0.2,3,1.0
1987,1943,PUESTO DE SALUD SINCHI ROCA,CENTRO DE SALUD EL PARTIDOR,-4.8903579,-80.4146409,-4.7309471,-80.2796964,34.7034,26.36,26.36,5.272,0.2,4,1.0
1987,2052,PUESTO DE SALUD SINCHI ROCA,PUESTO DE SALUD SAN FRANCISCO DE CHOCAN,-4.8903579,-80.4146409,-4.7852623,-80.6101357,53.493300000000005,40.013333333333335,40.0133,8.0027,0.2,5,1.0
1987,2056,PUESTO DE SALUD SINCHI ROCA,PUESTO DE SALUD PUENTE DE LOS SERRANOS,-4.8903579,-80.4146409,-4.7852623,-80.6101357,53.493300000000005,40.013333333333335,40.0133,8.0027,0.2,5,1.0
1987,2065,PUESTO DE SALUD SINCHI ROCA,PUESTO DE SALUD EL ALAMOR,-4.8903579,-80.4146409,-4.7852623,-80.6101357,53.493300000000005,40.013333333333335,40.0133,8.0027,0.2,5,1.0
1987,2050,PUESTO DE SALUD SINCHI ROCA,CENTRO DE SALUD QUERECOTILLO,-4.8903579,-80.4146409,-4.8378896,-80.6471156,46.5746,35.663333333333334,35.6633,7.1327,0.2,4,1.0
1988,1977,PUESTO DE SALUD LAS MONICAS,CENTRO DE SALUD TAMBOGRANDE,-4.9297532,-80.2832763,-4.9348207,-80.3415011,8.047699999999999,9.101666666666667,9.1017,1.8203,0.2,2,1.0
1988,1996,PUESTO DE SALUD LAS MONICAS,CP3 - SAN MARTIN,-4.9297532,-80.2832763,-4.8426429,-80.342111,22.1973,23.02,23.02,4.604,0.2,3,1.0
1988,1978,PUESTO DE SALUD LAS MONICAS,CENTRO DE SALUD SAN ISIDRO,-4.9297532,-80.2832763,-4.7939134,-80.2736569,28.369799999999998,24.959999999999997,24.96,4.992,0.2,3,1.0
1988,1986,PUESTO DE SALUD LAS MONICAS,PUESTO DE SALUD CHICA ALTA,-4.9297532,-80.2832763,-4.8903579,-80.4146409,19.3087,16.101666666666667,16.1017,3.2203,0.2,3,1.0
1988,1987,PUESTO DE SALUD LAS MONICAS,PUESTO DE SALUD SINCHI ROCA,-4.9297532,-80.2832763,-4.8903579,-80.4146409,19.3087,16.101666666666667,16.1017,3.2203,0.2,3,1.0
1988,1943,PUESTO DE SALUD LAS MONICAS,CENTRO DE SALUD EL PARTIDOR,-4.9297532,-80.2832763,-4.7309471,-80.2796964,34.1456,28.051666666666666,28.0517,5.6103,0.2,4,1.0
1988,1934,PUESTO DE SALUD LAS MONICAS,PUESTO DE SALUD CHIPILLICO,-4.9297532,-80.2832763,-4.7197242,-80.131394,65.8673,58.51,58.51,11.702,0.2,5,1.0
1988,1936,PUESTO DE SALUD LAS MONICAS,PUESTO DE SALUD PAMPA ELERA BAJA,-4.9297532,-80.2832763,-4.6975701,-80.1474193,59.1798,50.22833333333333,50.2283,10.0457,0.2,5,1.0
1988,1932,PUESTO DE SALUD LAS MONICAS,CENTRO DE SALUD LAS LOMAS,-4.9297532,-80.2832763,-4.660114,-80.2439085,42.8819,33.075,33.075,6.615,0.2,4,1.0
1988,1944,PUESTO DE SALUD LAS MONICAS,PUESTO SALUD LA MENTA,-4.9297532,-80.2832763,-4.7190508,-80.0971652,67.1255,60.2,60.2,12.04,0.2,5,1.0
1996,1978,CP3 - SAN MARTIN,CENTRO DE SALUD SAN ISIDRO,-4.8426429,-80.342111,-4.7939134,-80.2736569,18.4674,20.721666666666668,20.7217,4.1443,0.2,3,1.0
1996,1986,CP3 - SAN MARTIN,PUESTO DE SALUD CHICA ALTA,-4.8426429,-80.342111,-4.8903579,-80.4146409,22.7048,21.198333333333334,21.1983,4.2397,0.2,3,1.0
1996,1987,CP3 - SAN MARTIN,PUESTO DE SALUD SINCHI ROCA,-4.8426429,-80.342111,-4.8903579,-80.4146409,22.7048,21.198333333333334,21.1983,4.2397,0.2,3,1.0
1996,1977,CP3 - SAN MARTIN,CENTRO DE SALUD TAMBOGRANDE,-4.8426429,-80.342111,-4.9348207,-80.3415011,15.8831,17.755,17.755,3.551,0.2,3,1.0
1996,1988,CP3 - SAN MARTIN,PUESTO DE SALUD LAS MONICAS,-4.8426429,-80.342111,-4.9297532,-80.2832763,22.2467,23.02,23.02,4.604,0.2,3,1.0
1996,1943,CP3 - SAN MARTIN,CENTRO DE SALUD EL PARTIDOR,-4.8426429,-80.342111,-4.7309471,-80.2796964,24.2432,23.813333333333333,23.8133,4.7627,0.2,3,1.0
1996,1932,CP3 - SAN MARTIN,CENTRO DE SALUD LAS LOMAS,-4.8426429,-80.342111,-4.660114,-80.2439085,32.9795,28.836666666666666,28.8367,5.7673,0.2,4,1.0
1996,1936,CP3 - SAN MARTIN,PUESTO DE SALUD PAMPA ELERA BAJA,-4.8426429,-80.342111,-4.6975701,-80.1474193,49.2774,45.99,45.99,9.198,0.2,4,1.0
1996,1934,CP3 - SAN MARTIN,PUESTO DE SALUD CHIPILLICO,-4.8426429,-80.342111,-4.7197242,-80.131394,55.9649,54.27166666666667,54.2717,10.8543,0.2,5,1.0
1996,2052,CP3 - SAN MARTIN,PUESTO DE SALUD SAN FRANCISCO DE CHOCAN,-4.8426429,-80.342111,-4.7852623,-80.6101357,76.1268,60.968333333333334,60.9683,12.1937,0.2,5,1.0
2001,2011,CENTRO DE SALUD BELLAVISTA,CENTRO DE SALUD SANTA TERESITA,-4.8844701,-80.6714142,-4.9004509,-80.6777636,2.6222,5.61,5.61,1.122,0.2,1,1.0
2001,2058,CENTRO DE SALUD BELLAVISTA,CENTRO DE SALUD SALITRAL,-4.8844701,-80.6714142,-4.8598949,-80.6836031,8.3154,10.538333333333332,10.5383,2.1077,0.2,2,1.0
2001,2018,CENTRO DE SALUD BELLAVISTA,CENTRO DE SALUD COMUNIDAD SALUDABLE,-4.8844701,-80.6714142,-4.9081922,-80.6946604,4.6131,6.845,6.845,1.369,0.2,1,1.0
2001,2032,CENTRO DE SALUD BELLAVISTA,CENTRO DE SALUD MARCAVELICA,-4.8844701,-80.6714142,-4.8824518,-80.7061949,5.2028,8.46,8.46,1.692,0.2,2,1.0
2001,2012,CENTRO DE SALUD BELLAVISTA,"CENTRO DE SALUD ""VILLA PRIMAVERA""",-4.8844701,-80.6714142,-4.904803,-80.7106523,5.838,8.535,8.535,1.707,0.2,2,1.0
2001,2033,CENTRO DE SALUD BELLAVISTA,PUESTO DE SALUD MALLARITOS,-4.8844701,-80.6714142,-4.8694928,-80.718029,7.1393,9.854999999999999,9.855,1.971,0.2,2,1.0
2001,2050,CENTRO DE SALUD BELLAVISTA,CENTRO DE SALUD QUERECOTILLO,-4.8844701,-80.6714142,-4.8378896,-80.6471156,13.4501,14.543333333333333,14.5433,2.9087,0.2,2,1.0
2001,2017,CENTRO DE SALUD BELLAVISTA,CENTRO DE SALUD NUEVO SULLANA,-4.8844701,-80.6714142,-4.9088237,-80.7227337,7.3934,10.596666666666666,10.5967,2.1193,0.2,2,1.0
2001,DEPOT_DSRSLCC,CENTRO DE SALUD BELLAVISTA,ALMACEN CENTRAL DSRSLCC,-4.8844701,-80.6714142,-4.906564049486188,-80.72843391449476,7.7263,10.888333333333332,10.8883,2.1777,0.2,2,1.0
2001,2020,CENTRO DE SALUD BELLAVISTA,PUESTO DE SALUD JIBITO,-4.8844701,-80.6714142,-4.9051923,-80.7473456,9.8994,13.128333333333334,13.1283,2.6257,0.2,2,1.0
2011,2001,CENTRO DE SALUD SANTA TERESITA,CENTRO DE SALUD BELLAVISTA,-4.9004509,-80.6777636,-4.8844701,-80.6714142,2.6354,5.628333333333333,5.6283,1.1257,0.2,1,1.0
2011,2018,CENTRO DE SALUD SANTA TERESITA,CENTRO DE SALUD COMUNIDAD SALUDABLE,-4.9004509,-80.6777636,-4.9081922,-80.6946604,2.3766,4.194999999999999,4.195,0.839,0.2,1,1.0
2011,2012,CENTRO DE SALUD SANTA TERESITA,"CENTRO DE SALUD ""VILLA PRIMAVERA""",-4.9004509,-80.6777636,-4.904803,-80.7106523,4.6453999999999995,7.345,7.345,1.469,0.2,1,1.0
2011,2032,CENTRO DE SALUD SANTA TERESITA,CENTRO DE SALUD MARCAVELICA,-4.9004509,-80.6777636,-4.8824518,-80.7061949,5.5847,7.608333333333333,7.6083,1.5217,0.2,2,1.0
2011,2058,CENTRO DE SALUD SANTA TERESITA,CENTRO DE SALUD SALITRAL,-4.9004509,-80.6777636,-4.8598949,-80.6836031,8.727799999999998,9.854999999999999,9.855,1.971,0.2,2,1.0
2011,2017,CENTRO DE SALUD SANTA TERESITA,CENTRO DE SALUD NUEVO SULLANA,-4.9004509,-80.6777636,-4.9088237,-80.7227337,6.2008,9.406666666666666,9.4067,1.8813,0.2,2,1.0
2011,2033,CENTRO DE SALUD SANTA TERESITA,PUESTO DE SALUD MALLARITOS,-4.9004509,-80.6777636,-4.8694928,-80.718029,7.521199999999999,9.003333333333334,9.0033,1.8007,0.2,2,1.0
2011,DEPOT_DSRSLCC,CENTRO DE SALUD SANTA TERESITA,ALMACEN CENTRAL DSRSLCC,-4.9004509,-80.6777636,-4.906564049486188,-80.72843391449476,6.5338,9.698333333333332,9.6983,1.9397,0.2,2,1.0
2011,2020,CENTRO DE SALUD SANTA TERESITA,PUESTO DE SALUD JIBITO,-4.9004509,-80.6777636,-4.9051923,-80.7473456,8.7068,11.938333333333333,11.9383,2.3877,0.2,2,1.0
2011,2050,CENTRO DE SALUD SANTA TERESITA,CENTRO DE SALUD QUERECOTILLO,-4.9004509,-80.6777636,-4.8378896,-80.6471156,13.8624,13.860000000000001,13.86,2.772,0.2,2,1.0
2012,2017,"CENTRO DE SALUD ""VILLA PRIMAVERA""",CENTRO DE SALUD NUEVO SULLANA,-4.904803,-80.7106523,-4.9088237,-80.7227337,2.1054,3.4566666666666666,3.4567,0.6913,0.2,1,1.0
2012,2018,"CENTRO DE SALUD ""VILLA PRIMAVERA""",CENTRO DE SALUD COMUNIDAD SALUDABLE,-4.904803,-80.7106523,-4.9081922,-80.6946604,3.0342,4.5233333333333325,4.5233,0.9047,0.2,1,1.0
2012,DEPOT_DSRSLCC,"CENTRO DE SALUD ""VILLA PRIMAVERA""",ALMACEN CENTRAL DSRSLCC,-4.904803,-80.7106523,-4.906564049486188,-80.72843391449476,2.4383000000000004,3.7483333333333335,3.7483,0.7497,0.2,1,1.0
2012,2032,"CENTRO DE SALUD ""VILLA PRIMAVERA""",CENTRO DE SALUD MARCAVELICA,-4.904803,-80.7106523,-4.8824518,-80.7061949,4.781,5.903333333333333,5.9033,1.1807,0.2,1,1.0
2012,2011,"CENTRO DE SALUD ""VILLA PRIMAVERA""",CENTRO DE SALUD SANTA TERESITA,-4.904803,-80.7106523,-4.9004509,-80.6777636,4.6011999999999995,7.296666666666667,7.2967,1.4593,0.2,1,1.0
2012,2033,"CENTRO DE SALUD ""VILLA PRIMAVERA""",PUESTO DE SALUD MALLARITOS,-4.904803,-80.7106523,-4.8694928,-80.718029,6.7175,7.298333333333333,7.2983,1.4597,0.2,2,1.0
2012,2020,"CENTRO DE SALUD ""VILLA PRIMAVERA""",PUESTO DE SALUD JIBITO,-4.904803,-80.7106523,-4.9051923,-80.7473456,4.6114,5.988333333333333,5.9883,1.1977,0.2,1,1.0
2012,2001,"CENTRO DE SALUD ""VILLA PRIMAVERA""",CENTRO DE SALUD BELLAVISTA,-4.904803,-80.7106523,-4.8844701,-80.6714142,5.811100000000001,8.606666666666666,8.6067,1.7213,0.2,2,1.0
2012,2058,"CENTRO DE SALUD ""VILLA PRIMAVERA""",CENTRO DE SALUD SALITRAL,-4.904803,-80.7106523,-4.8598949,-80.6836031,7.9241,8.15,8.15,1.63,0.2,2,1.0
2012,2035,"CENTRO DE SALUD ""VILLA PRIMAVERA""",PUESTO DE SALUD MALLARES,-4.904803,-80.7106523,-4.8325148,-80.7621019,16.1349,16.71333333333333,16.7133,3.3427,0.2,3,1.0
2016,2018,CANAL MOCHO-CIENEGUILLO SUR,CENTRO DE SALUD COMUNIDAD SALUDABLE,-4.9988145,-80.6868365,-4.9081922,-80.6946604,11.6547,12.886666666666667,12.8867,2.5773,0.2,2,1.0
2016,2017,CANAL MOCHO-CIENEGUILLO SUR,CENTRO DE SALUD NUEVO SULLANA,-4.9988145,-80.6868365,-4.9088237,-80.7227337,15.7077,18.353333333333335,18.3533,3.6707,0.2,3,1.0
2016,2012,CANAL MOCHO-CIENEGUILLO SUR,"CENTRO DE SALUD ""VILLA PRIMAVERA""",-4.9988145,-80.6868365,-4.904803,-80.7106523,14.1522,16.291666666666668,16.2917,3.2583,0.2,2,1.0
2016,2011,CANAL MOCHO-CIENEGUILLO SUR,CENTRO DE SALUD SANTA TERESITA,-4.9988145,-80.6868365,-4.9004509,-80.6777636,14.0922,16.636666666666667,16.6367,3.3273,0.2,2,1.0
2016,DEPOT_DSRSLCC,CANAL MOCHO-CIENEGUILLO SUR,ALMACEN CENTRAL DSRSLCC,-4.9988145,-80.6868365,-4.906564049486188,-80.72843391449476,16.0406,18.645,18.645,3.729,0.2,3,1.0
2016,2020,CANAL MOCHO-CIENEGUILLO SUR,PUESTO DE SALUD JIBITO,-4.9988145,-80.6868365,-4.9051923,-80.7473456,18.2137,20.884999999999998,20.885,4.177,0.2,3,1.0
2016,2001,CANAL MOCHO-CIENEGUILLO SUR,CENTRO DE SALUD BELLAVISTA,-4.9988145,-80.6868365,-4.8844701,-80.6714142,16.0147,19.081666666666667,19.0817,3.8163,0.2,3,1.0
2016,2032,CANAL MOCHO-CIENEGUILLO SUR,CENTRO DE SALUD MARCAVELICA,-4.9988145,-80.6868365,-4.8824518,-80.7061949,15.0915,16.555,16.555,3.311,0.2,3,1.0
2016,2033,CANAL MOCHO-CIENEGUILLO SUR,PUESTO DE SALUD MALLARITOS,-4.9988145,-80.6868365,-4.8694928,-80.718029,17.028,17.95,17.95,3.59,0.2,3,1.0
2016,2058,CANAL MOCHO-CIENEGUILLO SUR,CENTRO DE SALUD SALITRAL,-4.9988145,-80.6868365,-4.8598949,-80.6836031,18.234599999999997,18.801666666666666,18.8017,3.7603,0.2,3,1.0
2017,DEPOT_DSRSLCC,CENTRO DE SALUD NUEVO SULLANA,ALMACEN CENTRAL DSRSLCC,-4.9088237,-80.7227337,-4.906564049486188,-80.72843391449476,1.2775999999999998,2.3666666666666667,2.3667,0.4733,0.2,1,1.0
2017,2012,CENTRO DE SALUD NUEVO SULLANA,"CENTRO DE SALUD ""VILLA PRIMAVERA""",-4.9088237,-80.7227337,-4.904803,-80.7106523,2.0105999999999997,3.2483333333333335,3.2483,0.6497,0.2,1,1.0
2017,2020,CENTRO DE SALUD NUEVO SULLANA,PUESTO DE SALUD JIBITO,-4.9088237,-80.7227337,-4.9051923,-80.7473456,3.4507,4.6066666666666665,4.6067,0.9213,0.2,1,1.0
2017,2018,CENTRO DE SALUD NUEVO SULLANA,CENTRO DE SALUD COMUNIDAD SALUDABLE,-4.9088237,-80.7227337,-4.9081922,-80.6946604,4.494800000000001,6.266666666666667,6.2667,1.2533,0.2,1,1.0
2017,2032,CENTRO DE SALUD NUEVO SULLANA,CENTRO DE SALUD MARCAVELICA,-4.9088237,-80.7227337,-4.8824518,-80.7061949,6.2416,7.6466666666666665,7.6467,1.5293,0.2,2,1.0
2017,2033,CENTRO DE SALUD NUEVO SULLANA,PUESTO DE SALUD MALLARITOS,-4.9088237,-80.7227337,-4.8694928,-80.718029,8.178,9.041666666666666,9.0417,1.8083,0.2,2,1.0
2017,2011,CENTRO DE SALUD NUEVO SULLANA,CENTRO DE SALUD SANTA TERESITA,-4.9088237,-80.7227337,-4.9004509,-80.6777636,6.0617,9.04,9.04,1.808,0.2,2,1.0
2017,2001,CENTRO DE SALUD NUEVO SULLANA,CENTRO DE SALUD BELLAVISTA,-4.9088237,-80.7227337,-4.8844701,-80.6714142,7.2717,10.35,10.35,2.07,0.2,2,1.0
2017,2058,CENTRO DE SALUD NUEVO SULLANA,CENTRO DE SALUD SALITRAL,-4.9088237,-80.7227337,-4.8598949,-80.6836031,9.3846,9.893333333333334,9.8933,1.9787,0.2,2,1.0
2017,2035,CENTRO DE SALUD NUEVO SULLANA,PUESTO DE SALUD MALLARES,-4.9088237,-80.7227337,-4.8325148,-80.7621019,17.5954,18.456666666666667,18.4567,3.6913,0.2,3,1.0
2018,2012,CENTRO DE SALUD COMUNIDAD SALUDABLE,"CENTRO DE SALUD ""VILLA PRIMAVERA""",-4.9081922,-80.6946604,-4.904803,-80.7106523,3.0596,4.455,4.455,0.891,0.2,1,1.0
2018,2011,CENTRO DE SALUD COMUNIDAD SALUDABLE,CENTRO DE SALUD SANTA TERESITA,-4.9081922,-80.6946604,-4.9004509,-80.6777636,2.4935,4.433333333333334,4.4333,0.8867,0.2,1,1.0
2018,2017,CENTRO DE SALUD COMUNIDAD SALUDABLE,CENTRO DE SALUD NUEVO SULLANA,-4.9081922,-80.6946604,-4.9088237,-80.7227337,4.615,6.516666666666667,6.5167,1.3033,0.2,1,1.0
2018,2032,CENTRO DE SALUD COMUNIDAD SALUDABLE,CENTRO DE SALUD MARCAVELICA,-4.9081922,-80.6946604,-4.8824518,-80.7061949,3.9989,4.718333333333334,4.7183,0.9437,0.2,1,1.0
2018,2001,CENTRO DE SALUD COMUNIDAD SALUDABLE,CENTRO DE SALUD BELLAVISTA,-4.9081922,-80.6946604,-4.8844701,-80.6714142,4.5483,6.715,6.715,1.343,0.2,1,1.0
2018,DEPOT_DSRSLCC,CENTRO DE SALUD COMUNIDAD SALUDABLE,ALMACEN CENTRAL DSRSLCC,-4.9081922,-80.6946604,-4.906564049486188,-80.72843391449476,4.948,6.808333333333334,6.8083,1.3617,0.2,1,1.0
2018,2033,CENTRO DE SALUD COMUNIDAD SALUDABLE,PUESTO DE SALUD MALLARITOS,-4.9081922,-80.6946604,-4.8694928,-80.718029,5.9354,6.113333333333333,6.1133,1.2227,0.2,2,1.0
2018,2058,CENTRO DE SALUD COMUNIDAD SALUDABLE,CENTRO DE SALUD SALITRAL,-4.9081922,-80.6946604,-4.8598949,-80.6836031,7.142,6.965,6.965,1.393,0.2,2,1.0
2018,2020,CENTRO DE SALUD COMUNIDAD SALUDABLE,PUESTO DE SALUD JIBITO,-4.9081922,-80.6946604,-4.9051923,-80.7473456,7.121,9.048333333333334,9.0483,1.8097,0.2,2,1.0
2018,2050,CENTRO DE SALUD COMUNIDAD SALUDABLE,CENTRO DE SALUD QUERECOTILLO,-4.9081922,-80.6946604,-4.8378896,-80.6471156,12.2766,10.97,10.97,2.194,0.2,2,1.0
2019,2037,CENTRO DE SALUD MIGUEL CHECA,PUESTO DE SALUD TANGARARA,-4.9011588,-80.815167,-4.8849926,-80.8254037,35.6729,39.53333333333333,39.5333,7.9067,0.2,4,1.0
2019,2045,CENTRO DE SALUD MIGUEL CHECA,PUESTO DE SALUD SANTA SOFIA,-4.9011588,-80.815167,-4.8849926,-80.8254037,35.6729,39.53333333333333,39.5333,7.9067,0.2,4,1.0
2019,2030,CENTRO DE SALUD MIGUEL CHECA,MACACARA,-4.9011588,-80.815167,-4.9197309,-80.8586589,6.0556,6.808333333333334,6.8083,1.3617,0.2,2,1.0
2019,2043,CENTRO DE SALUD MIGUEL CHECA,PUESTO DE SALUD SAN JUAN DE LA VIRGEN,-4.9011588,-80.815167,-4.8439257,-80.8382833,33.6312,31.32,31.32,6.264,0.2,4,1.0
2019,2020,CENTRO DE SALUD MIGUEL CHECA,PUESTO DE SALUD JIBITO,-4.9011588,-80.815167,-4.9051923,-80.7473456,8.57,9.273333333333333,9.2733,1.8547,0.2,2,1.0
2019,2029,CENTRO DE SALUD MIGUEL CHECA,PUESTO DE SALUD NOMARA,-4.9011588,-80.815167,-4.9147723,-80.8867335,9.418899999999999,9.526666666666667,9.5267,1.9053,0.2,2,1.0
2019,2042,CENTRO DE SALUD MIGUEL CHECA,CENTRO DE SALUD IGNACIO ESCUDERO,-4.9011588,-80.815167,-4.8471958,-80.8742315,37.6451,34.19833333333334,34.1983,6.8397,0.2,4,1.0
2019,DEPOT_DSRSLCC,CENTRO DE SALUD MIGUEL CHECA,ALMACEN CENTRAL DSRSLCC,-4.9011588,-80.815167,-4.906564049486188,-80.72843391449476,10.7304,10.996666666666666,10.9967,2.1993,0.2,2,1.0
2019,2035,CENTRO DE SALUD MIGUEL CHECA,PUESTO DE SALUD MALLARES,-4.9011588,-80.815167,-4.8325148,-80.7621019,28.2991,28.795,28.795,5.759,0.2,3,1.0
2019,2038,CENTRO DE SALUD MIGUEL CHECA,PUESTO DE SALUD SAMAN,-4.9011588,-80.815167,-4.8325148,-80.7621019,28.2991,28.795,28.795,5.759,0.2,3,1.0
2020,DEPOT_DSRSLCC,PUESTO DE SALUD JIBITO,ALMACEN CENTRAL DSRSLCC,-4.9051923,-80.7473456,-4.906564049486188,-80.72843391449476,2.6275999999999997,3.5616666666666665,3.5617,0.7123,0.2,1,1.0
2020,2017,PUESTO DE SALUD JIBITO,CENTRO DE SALUD NUEVO SULLANA,-4.9051923,-80.7473456,-4.9088237,-80.7227337,3.5061,4.781666666666666,4.7817,0.9563,0.2,1,1.0
2020,2012,PUESTO DE SALUD JIBITO,"CENTRO DE SALUD ""VILLA PRIMAVERA""",-4.9051923,-80.7473456,-4.904803,-80.7106523,4.6114,6.151666666666667,6.1517,1.2303,0.2,1,1.0
2020,2033,PUESTO DE SALUD JIBITO,PUESTO DE SALUD MALLARITOS,-4.9051923,-80.7473456,-4.8694928,-80.718029,10.7789,11.945,11.945,2.389,0.2,2,1.0
2020,2032,PUESTO DE SALUD JIBITO,CENTRO DE SALUD MARCAVELICA,-4.9051923,-80.7473456,-4.8824518,-80.7061949,8.8424,10.55,10.55,2.11,0.2,2,1.0
2020,2018,PUESTO DE SALUD JIBITO,CENTRO DE SALUD COMUNIDAD SALUDABLE,-4.9051923,-80.7473456,-4.9081922,-80.6946604,7.0956,9.17,9.17,1.834,0.2,2,1.0
2020,2019,PUESTO DE SALUD JIBITO,CENTRO DE SALUD MIGUEL CHECA,-4.9051923,-80.7473456,-4.9011588,-80.815167,8.57,9.263333333333332,9.2633,1.8527,0.2,2,1.0
2020,2011,PUESTO DE SALUD JIBITO,CENTRO DE SALUD SANTA TERESITA,-4.9051923,-80.7473456,-4.9004509,-80.6777636,8.662600000000001,11.943333333333333,11.9433,2.3887,0.2,2,1.0
2020,2035,PUESTO DE SALUD JIBITO,PUESTO DE SALUD MALLARES,-4.9051923,-80.7473456,-4.8325148,-80.7621019,20.1963,21.36,21.36,4.272,0.2,3,1.0
2020,2038,PUESTO DE SALUD JIBITO,PUESTO DE SALUD SAMAN,-4.9051923,-80.7473456,-4.8325148,-80.7621019,20.1963,21.36,21.36,4.272,0.2,3,1.0
2022,2023,PUESTO DE SALUD LA ISLILLA,PUESTO DE SALUD YACILA,-5.2063497,-81.1923801,-5.1327293,-81.1707792,19.105,23.956666666666667,23.9567,4.7913,0.2,3,1.0
2022,2024,PUESTO DE SALUD LA ISLILLA,PUESTO DE SALUD SAN LUCAS DE COLAN,-5.2063497,-81.1923801,-5.0053016,-81.0583954,34.548199999999994,38.95,38.95,7.79,0.2,4,1.0
2022,2026,PUESTO DE SALUD LA ISLILLA,"CENTRO DE SALUD ""PUEBLO NUEVO DE COLAN""",-5.2063497,-81.1923801,-4.9115827,-81.057902,46.5793,52.45333333333333,52.4533,10.4907,0.2,4,1.0
2022,2079,PUESTO DE SALUD LA ISLILLA,PUESTO DE SALUD MIRAMAR,-5.2063497,-81.1923801,-4.8722839,-81.1008006,64.72540000000001,66.095,66.095,13.219,0.2,5,1.0
2022,2025,PUESTO DE SALUD LA ISLILLA,CENTRO DE SALUD EL ARENAL,-5.2063497,-81.1923801,-4.8849849,-81.0262273,46.639199999999995,49.815000000000005,49.815,9.963,0.2,4,1.0
2022,2078,PUESTO DE SALUD LA ISLILLA,CENTRO DE SALUD VICHAYAL,-5.2063497,-81.1923801,-4.8651182,-81.0726136,60.2241,62.075,62.075,12.415,0.2,5,1.0
2022,2047,PUESTO DE SALUD LA ISLILLA,PUESTO DE SALUD AMOTAPE,-5.2063497,-81.1923801,-4.8868634,-81.0031178,51.0195,54.64666666666667,54.6467,10.9293,0.2,5,1.0
2022,2048,PUESTO DE SALUD LA ISLILLA,PUESTO DE SALUD EL TAMBO,-5.2063497,-81.1923801,-4.8868634,-81.0031178,51.0195,54.64666666666667,54.6467,10.9293,0.2,5,1.0
2022,2027,PUESTO DE SALUD LA ISLILLA,CENTRO DE SALUD LA HUACA,-5.2063497,-81.1923801,-4.9121604,-80.9602239,48.0747,51.531666666666666,51.5317,10.3063,0.2,4,1.0
2022,2028,PUESTO DE SALUD LA ISLILLA,CENTRO DE SALUD VIVIATE,-5.2063497,-81.1923801,-4.9200244,-80.9215755,52.0081,54.59666666666667,54.5967,10.9193,0.2,5,1.0
2023,2022,PUESTO DE SALUD YACILA,PUESTO DE SALUD LA ISLILLA,-5.1327293,-81.1707792,-5.2063497,-81.1923801,19.0946,23.973333333333336,23.9733,4.7947,0.2,3,1.0
2023,2024,PUESTO DE SALUD YACILA,PUESTO DE SALUD SAN LUCAS DE COLAN,-5.1327293,-81.1707792,-5.0053016,-81.0583954,25.781200000000002,28.5,28.5,5.7,0.2,3,1.0
2023,2026,PUESTO DE SALUD YACILA,"CENTRO DE SALUD ""PUEBLO NUEVO DE COLAN""",-5.1327293,-81.1707792,-4.9115827,-81.057902,37.812400000000004,42.00333333333333,42.0033,8.4007,0.2,4,1.0
2023,2079,PUESTO DE SALUD YACILA,PUESTO DE SALUD MIRAMAR,-5.1327293,-81.1707792,-4.8722839,-81.1008006,55.958400000000005,55.644999999999996,55.645,11.129,0.2,5,1.0
2023,2078,PUESTO DE SALUD YACILA,CENTRO DE SALUD VICHAYAL,-5.1327293,-81.1707792,-4.8651182,-81.0726136,51.4571,51.625,51.625,10.325,0.2,5,1.0
2023,2025,PUESTO DE SALUD YACILA,CENTRO DE SALUD EL ARENAL,-5.1327293,-81.1707792,-4.8849849,-81.0262273,37.8722,39.365,39.365,7.873,0.2,4,1.0
2023,2047,PUESTO DE SALUD YACILA,PUESTO DE SALUD AMOTAPE,-5.1327293,-81.1707792,-4.8868634,-81.0031178,42.2525,44.19666666666667,44.1967,8.8393,0.2,4,1.0
2023,2048,PUESTO DE SALUD YACILA,PUESTO DE SALUD EL TAMBO,-5.1327293,-81.1707792,-4.8868634,-81.0031178,42.2525,44.19666666666667,44.1967,8.8393,0.2,4,1.0
2023,2027,PUESTO DE SALUD YACILA,CENTRO DE SALUD LA HUACA,-5.1327293,-81.1707792,-4.9121604,-80.9602239,39.3077,41.08166666666667,41.0817,8.2163,0.2,4,1.0
2023,2049,PUESTO DE SALUD YACILA,CENTRO DE SALUD TAMARINDO,-5.1327293,-81.1707792,-4.8784025,-80.971709,46.0728,48.580000000000005,48.58,9.716,0.2,4,1.0
2024,2026,PUESTO DE SALUD SAN LUCAS DE COLAN,"CENTRO DE SALUD ""PUEBLO NUEVO DE COLAN""",-5.0053016,-81.0583954,-4.9115827,-81.057902,12.289399999999999,14.518333333333334,14.5183,2.9037,0.2,2,1.0
2024,2025,PUESTO DE SALUD SAN LUCAS DE COLAN,CENTRO DE SALUD EL ARENAL,-5.0053016,-81.0583954,-4.8849849,-81.0262273,16.867099999999997,16.846666666666668,16.8467,3.3693,0.2,3,1.0
2024,2047,PUESTO DE SALUD SAN LUCAS DE COLAN,PUESTO DE SALUD AMOTAPE,-5.0053016,-81.0583954,-4.8868634,-81.0031178,21.247400000000003,21.678333333333335,21.6783,4.3357,0.2,3,1.0
2024,2048,PUESTO DE SALUD SAN LUCAS DE COLAN,PUESTO DE SALUD EL TAMBO,-5.0053016,-81.0583954,-4.8868634,-81.0031178,21.247400000000003,21.678333333333335,21.6783,4.3357,0.2,3,1.0
2024,2027,PUESTO DE SALUD SAN LUCAS DE COLAN,CENTRO DE SALUD LA HUACA,-5.0053016,-81.0583954,-4.9121604,-80.9602239,18.302599999999998,18.563333333333333,18.5633,3.7127,0.2,3,1.0
2024,2079,PUESTO DE SALUD SAN LUCAS DE COLAN,PUESTO DE SALUD MIRAMAR,-5.0053016,-81.0583954,-4.8722839,-81.1008006,20.637400000000003,31.15666666666667,31.1567,6.2313,0.2,3,1.0
2024,2078,PUESTO DE SALUD SAN LUCAS DE COLAN,CENTRO DE SALUD VICHAYAL,-5.0053016,-81.0583954,-4.8651182,-81.0726136,30.452,29.10666666666667,29.1067,5.8213,0.2,4,1.0
2024,2049,PUESTO DE SALUD SAN LUCAS DE COLAN,CENTRO DE SALUD TAMARINDO,-5.0053016,-81.0583954,-4.8784025,-80.971709,25.067700000000002,26.061666666666667,26.0617,5.2123,0.2,3,1.0
2024,2028,PUESTO DE SALUD SAN LUCAS DE COLAN,CENTRO DE SALUD VIVIATE,-5.0053016,-81.0583954,-4.9200244,-80.9215755,22.236,21.628333333333334,21.6283,4.3257,0.2,3,1.0
2024,2023,PUESTO DE SALUD SAN LUCAS DE COLAN,PUESTO DE SALUD YACILA,-5.0053016,-81.0583954,-5.1327293,-81.1707792,25.7925,28.253333333333334,28.2533,5.6507,0.2,3,1.0
2025,2047,CENTRO DE SALUD EL ARENAL,PUESTO DE SALUD AMOTAPE,-4.8849849,-81.0262273,-4.8868634,-81.0031178,4.2855,6.013333333333334,6.0133,1.2027,0.2,1,1.0
2025,2048,CENTRO DE SALUD EL ARENAL,PUESTO DE SALUD EL TAMBO,-4.8849849,-81.0262273,-4.8868634,-81.0031178,4.2855,6.013333333333334,6.0133,1.2027,0.2,1,1.0
2025,2026,CENTRO DE SALUD EL ARENAL,"CENTRO DE SALUD ""PUEBLO NUEVO DE COLAN""",-4.8849849,-81.0262273,-4.9115827,-81.057902,8.3958,9.979999999999999,9.98,1.996,0.2,2,1.0
2025,2078,CENTRO DE SALUD EL ARENAL,CENTRO DE SALUD VICHAYAL,-4.8849849,-81.0262273,-4.8651182,-81.0726136,13.49,13.441666666666666,13.4417,2.6883,0.2,2,1.0
2025,2049,CENTRO DE SALUD EL ARENAL,CENTRO DE SALUD TAMARINDO,-4.8849849,-81.0262273,-4.8784025,-80.971709,8.1057,10.396666666666667,10.3967,2.0793,0.2,2,1.0
2025,2027,CENTRO DE SALUD EL ARENAL,CENTRO DE SALUD LA HUACA,-4.8849849,-81.0262273,-4.9121604,-80.9602239,16.675099999999997,16.901666666666667,16.9017,3.3803,0.2,3,1.0
2025,2079,CENTRO DE SALUD EL ARENAL,PUESTO DE SALUD MIRAMAR,-4.8849849,-81.0262273,-4.8722839,-81.1008006,17.9913,17.461666666666666,17.4617,3.4923,0.2,3,1.0
2025,2044,CENTRO DE SALUD EL ARENAL,PUESTO DE SALUD MONTE LIMA,-4.8849849,-81.0262273,-4.8608725,-80.9399291,12.3059,14.795,14.795,2.959,0.2,2,1.0
2025,2028,CENTRO DE SALUD EL ARENAL,CENTRO DE SALUD VIVIATE,-4.8849849,-81.0262273,-4.9200244,-80.9215755,20.6085,19.966666666666665,19.9667,3.9933,0.2,3,1.0
2025,2024,CENTRO DE SALUD EL ARENAL,PUESTO DE SALUD SAN LUCAS DE COLAN,-4.8849849,-81.0262273,-5.0053016,-81.0583954,16.867099999999997,16.881666666666668,16.8817,3.3763,0.2,3,1.0
2026,2025,"CENTRO DE SALUD ""PUEBLO NUEVO DE COLAN""",CENTRO DE SALUD EL ARENAL,-4.9115827,-81.057902,-4.8849849,-81.0262273,8.3958,9.938333333333333,9.9383,1.9877,0.2,2,1.0
2026,2078,"CENTRO DE SALUD ""PUEBLO NUEVO DE COLAN""",CENTRO DE SALUD VICHAYAL,-4.9115827,-81.057902,-4.8651182,-81.0726136,18.9572,21.341666666666665,21.3417,4.2683,0.2,3,1.0
2026,2079,"CENTRO DE SALUD ""PUEBLO NUEVO DE COLAN""",PUESTO DE SALUD MIRAMAR,-4.9115827,-81.057902,-4.8722839,-81.1008006,10.818700000000002,22.091666666666665,22.0917,4.4183,0.2,2,1.0
2026,2047,"CENTRO DE SALUD ""PUEBLO NUEVO DE COLAN""",PUESTO DE SALUD AMOTAPE,-4.9115827,-81.057902,-4.8868634,-81.0031178,9.752600000000001,13.913333333333332,13.9133,2.7827,0.2,2,1.0
2026,2048,"CENTRO DE SALUD ""PUEBLO NUEVO DE COLAN""",PUESTO DE SALUD EL TAMBO,-4.9115827,-81.057902,-4.8868634,-81.0031178,9.752600000000001,13.913333333333332,13.9133,2.7827,0.2,2,1.0
2026,2049,"CENTRO DE SALUD ""PUEBLO NUEVO DE COLAN""",CENTRO DE SALUD TAMARINDO,-4.9115827,-81.057902,-4.8784025,-80.971709,13.572799999999999,18.296666666666667,18.2967,3.6593,0.2,2,1.0
2026,2024,"CENTRO DE SALUD ""PUEBLO NUEVO DE COLAN""",PUESTO DE SALUD SAN LUCAS DE COLAN,-4.9115827,-81.057902,-5.0053016,-81.0583954,12.289399999999999,14.53,14.53,2.906,0.2,2,1.0
2026,2027,"CENTRO DE SALUD ""PUEBLO NUEVO DE COLAN""",CENTRO DE SALUD LA HUACA,-4.9115827,-81.057902,-4.9121604,-80.9602239,18.6713,19.831666666666667,19.8317,3.9663,0.2,3,1.0
2026,2044,"CENTRO DE SALUD ""PUEBLO NUEVO DE COLAN""",PUESTO DE SALUD MONTE LIMA,-4.9115827,-81.057902,-4.8608725,-80.9399291,17.773,22.695,22.695,4.539,0.2,3,1.0
2026,2028,"CENTRO DE SALUD ""PUEBLO NUEVO DE COLAN""",CENTRO DE SALUD VIVIATE,-4.9115827,-81.057902,-4.9200244,-80.9215755,22.6047,22.896666666666665,22.8967,4.5793,0.2,3,1.0
2027,2049,CENTRO DE SALUD LA HUACA,CENTRO DE SALUD TAMARINDO,-4.9121604,-80.9602239,-4.8784025,-80.971709,24.875700000000002,26.02,26.02,5.204,0.2,3,1.0
2027,2028,CENTRO DE SALUD LA HUACA,CENTRO DE SALUD VIVIATE,-4.9121604,-80.9602239,-4.9200244,-80.9215755,4.764,5.423333333333333,5.4233,1.0847,0.2,1,1.0
2027,2047,CENTRO DE SALUD LA HUACA,PUESTO DE SALUD AMOTAPE,-4.9121604,-80.9602239,-4.8868634,-81.0031178,21.055400000000002,21.636666666666667,21.6367,4.3273,0.2,3,1.0
2027,2048,CENTRO DE SALUD LA HUACA,PUESTO DE SALUD EL TAMBO,-4.9121604,-80.9602239,-4.8868634,-81.0031178,21.055400000000002,21.636666666666667,21.6367,4.3273,0.2,3,1.0
2027,2044,CENTRO DE SALUD LA HUACA,PUESTO DE SALUD MONTE LIMA,-4.9121604,-80.9602239,-4.8608725,-80.9399291,29.0759,30.418333333333333,30.4183,6.0837,0.2,3,1.0
2027,2025,CENTRO DE SALUD LA HUACA,CENTRO DE SALUD EL ARENAL,-4.9121604,-80.9602239,-4.8849849,-81.0262273,16.675099999999997,16.805,16.805,3.361,0.2,3,1.0
2027,2029,CENTRO DE SALUD LA HUACA,PUESTO DE SALUD NOMARA,-4.9121604,-80.9602239,-4.9147723,-80.8867335,8.754299999999999,9.003333333333334,9.0033,1.8007,0.2,2,1.0
2027,2046,CENTRO DE SALUD LA HUACA,PUESTO DE SALUD SAN MIGUEL,-4.9121604,-80.9602239,-4.8498601,-80.8925112,34.8077,36.809999999999995,36.81,7.362,0.2,4,1.0
2027,2026,CENTRO DE SALUD LA HUACA,"CENTRO DE SALUD ""PUEBLO NUEVO DE COLAN""",-4.9121604,-80.9602239,-4.9115827,-81.057902,18.6713,19.778333333333332,19.7783,3.9557,0.2,3,1.0
2027,2030,CENTRO DE SALUD LA HUACA,MACACARA,-4.9121604,-80.9602239,-4.9197309,-80.8586589,12.125,12.298333333333334,12.2983,2.4597,0.2,2,1.0
2028,2029,CENTRO DE SALUD VIVIATE,PUESTO DE SALUD NOMARA,-4.9200244,-80.9215755,-4.9147723,-80.8867335,4.227399999999999,4.486666666666666,4.4867,0.8973,0.2,1,1.0
2028,2027,CENTRO DE SALUD VIVIATE,CENTRO DE SALUD LA HUACA,-4.9200244,-80.9215755,-4.9121604,-80.9602239,4.764,5.263333333333334,5.2633,1.0527,0.2,1,1.0
2028,2044,CENTRO DE SALUD VIVIATE,PUESTO DE SALUD MONTE LIMA,-4.9200244,-80.9215755,-4.8608725,-80.9399291,33.0093,33.431666666666665,33.4317,6.6863,0.2,4,1.0
2028,2030,CENTRO DE SALUD VIVIATE,MACACARA,-4.9200244,-80.9215755,-4.9197309,-80.8586589,7.598,7.781666666666666,7.7817,1.5563,0.2,2,1.0
2028,2049,CENTRO DE SALUD VIVIATE,CENTRO DE SALUD TAMARINDO,-4.9200244,-80.9215755,-4.8784025,-80.971709,28.809099999999997,29.033333333333335,29.0333,5.8067,0.2,3,1.0
2028,2046,CENTRO DE SALUD VIVIATE,PUESTO DE SALUD SAN MIGUEL,-4.9200244,-80.9215755,-4.8498601,-80.8925112,38.7412,39.82333333333334,39.8233,7.9647,0.2,4,1.0
2028,2042,CENTRO DE SALUD VIVIATE,CENTRO DE SALUD IGNACIO ESCUDERO,-4.9200244,-80.9215755,-4.8471958,-80.8742315,41.0235,42.065000000000005,42.065,8.413,0.2,4,1.0
2028,2047,CENTRO DE SALUD VIVIATE,PUESTO DE SALUD AMOTAPE,-4.9200244,-80.9215755,-4.8868634,-81.0031178,24.988799999999998,24.65,24.65,4.93,0.2,3,1.0
2028,2048,CENTRO DE SALUD VIVIATE,PUESTO DE SALUD EL TAMBO,-4.9200244,-80.9215755,-4.8868634,-81.0031178,24.988799999999998,24.65,24.65,4.93,0.2,3,1.0
2028,2037,CENTRO DE SALUD VIVIATE,PUESTO DE SALUD TANGARARA,-4.9200244,-80.9215755,-4.8849926,-80.8254037,48.292,50.77166666666667,50.7717,10.1543,0.2,4,1.0
2029,2030,PUESTO DE SALUD NOMARA,MACACARA,-4.9147723,-80.8867335,-4.9197309,-80.8586589,3.5601,3.8699999999999997,3.87,0.774,0.2,1,1.0
2029,2028,PUESTO DE SALUD NOMARA,CENTRO DE SALUD VIVIATE,-4.9147723,-80.8867335,-4.9200244,-80.9215755,4.227399999999999,4.485,4.485,0.897,0.2,1,1.0
2029,2046,PUESTO DE SALUD NOMARA,PUESTO DE SALUD SAN MIGUEL,-4.9147723,-80.8867335,-4.8498601,-80.8925112,48.1098,43.193333333333335,43.1933,8.6387,0.2,4,1.0
2029,2037,PUESTO DE SALUD NOMARA,PUESTO DE SALUD TANGARARA,-4.9147723,-80.8867335,-4.8849926,-80.8254037,44.2541,46.86,46.86,9.372,0.2,4,1.0
2029,2045,PUESTO DE SALUD NOMARA,PUESTO DE SALUD SANTA SOFIA,-4.9147723,-80.8867335,-4.8849926,-80.8254037,44.2541,46.86,46.86,9.372,0.2,4,1.0
2029,2042,PUESTO DE SALUD NOMARA,CENTRO DE SALUD IGNACIO ESCUDERO,-4.9147723,-80.8867335,-4.8471958,-80.8742315,46.2263,41.525,41.525,8.305,0.2,4,1.0
2029,2019,PUESTO DE SALUD NOMARA,CENTRO DE SALUD MIGUEL CHECA,-4.9147723,-80.8867335,-4.9011588,-80.815167,9.418899999999999,9.633333333333333,9.6333,1.9267,0.2,2,1.0
2029,2027,PUESTO DE SALUD NOMARA,CENTRO DE SALUD LA HUACA,-4.9147723,-80.8867335,-4.9121604,-80.9602239,8.754299999999999,8.95,8.95,1.79,0.2,2,1.0
2029,2044,PUESTO DE SALUD NOMARA,PUESTO DE SALUD MONTE LIMA,-4.9147723,-80.8867335,-4.8608725,-80.9399291,36.9996,37.11833333333333,37.1183,7.4237,0.2,4,1.0
2029,2043,PUESTO DE SALUD NOMARA,PUESTO DE SALUD SAN JUAN DE LA VIRGEN,-4.9147723,-80.8867335,-4.8439257,-80.8382833,42.2124,38.64666666666667,38.6467,7.7293,0.2,4,1.0
2030,2029,MACACARA,PUESTO DE SALUD NOMARA,-4.9197309,-80.8586589,-4.9147723,-80.8867335,3.5628,3.841666666666667,3.8417,0.7683,0.2,1,1.0
2030,2019,MACACARA,CENTRO DE SALUD MIGUEL CHECA,-4.9197309,-80.8586589,-4.9011588,-80.815167,6.0556,6.9366666666666665,6.9367,1.3873,0.2,2,1.0
2030,2037,MACACARA,PUESTO DE SALUD TANGARARA,-4.9197309,-80.8586589,-4.8849926,-80.8254037,40.890800000000006,44.163333333333334,44.1633,8.8327,0.2,4,1.0
2030,2045,MACACARA,PUESTO DE SALUD SANTA SOFIA,-4.9197309,-80.8586589,-4.8849926,-80.8254037,40.890800000000006,44.163333333333334,44.1633,8.8327,0.2,4,1.0
2030,2028,MACACARA,CENTRO DE SALUD VIVIATE,-4.9197309,-80.8586589,-4.9200244,-80.9215755,7.6007,7.748333333333333,7.7483,1.5497,0.2,2,1.0
2030,2042,MACACARA,CENTRO DE SALUD IGNACIO ESCUDERO,-4.9197309,-80.8586589,-4.8471958,-80.8742315,42.8629,38.82833333333333,38.8283,7.7657,0.2,4,1.0
2030,2046,MACACARA,PUESTO DE SALUD SAN MIGUEL,-4.9197309,-80.8586589,-4.8498601,-80.8925112,44.7465,40.49666666666667,40.4967,8.0993,0.2,4,1.0
2030,2043,MACACARA,PUESTO DE SALUD SAN JUAN DE LA VIRGEN,-4.9197309,-80.8586589,-4.8439257,-80.8382833,38.8491,35.95,35.95,7.19,0.2,4,1.0
2030,2044,MACACARA,PUESTO DE SALUD MONTE LIMA,-4.9197309,-80.8586589,-4.8608725,-80.9399291,40.3729,40.38166666666667,40.3817,8.0763,0.2,4,1.0
2030,2027,MACACARA,CENTRO DE SALUD LA HUACA,-4.9197309,-80.8586589,-4.9121604,-80.9602239,12.1277,12.213333333333333,12.2133,2.4427,0.2,2,1.0
2032,2033,CENTRO DE SALUD MARCAVELICA,PUESTO DE SALUD MALLARITOS,-4.8824518,-80.7061949,-4.8694928,-80.718029,2.0286,2.12,2.12,0.424,0.2,1,1.0
2032,2012,CENTRO DE SALUD MARCAVELICA,"CENTRO DE SALUD ""VILLA PRIMAVERA""",-4.8824518,-80.7061949,-4.904803,-80.7106523,4.7366,5.681666666666667,5.6817,1.1363,0.2,1,1.0
2032,2018,CENTRO DE SALUD MARCAVELICA,CENTRO DE SALUD COMUNIDAD SALUDABLE,-4.8824518,-80.7061949,-4.9081922,-80.6946604,4.0294,4.753333333333333,4.7533,0.9507,0.2,1,1.0
2032,2017,CENTRO DE SALUD MARCAVELICA,CENTRO DE SALUD NUEVO SULLANA,-4.8824518,-80.7061949,-4.9088237,-80.7227337,6.292,7.743333333333334,7.7433,1.5487,0.2,2,1.0
2032,2058,CENTRO DE SALUD MARCAVELICA,CENTRO DE SALUD SALITRAL,-4.8824518,-80.7061949,-4.8598949,-80.6836031,4.854100000000001,4.411666666666666,4.4117,0.8823,0.2,1,1.0
2032,DEPOT_DSRSLCC,CENTRO DE SALUD MARCAVELICA,ALMACEN CENTRAL DSRSLCC,-4.8824518,-80.7061949,-4.906564049486188,-80.72843391449476,6.625,8.035,8.035,1.607,0.2,2,1.0
2032,2011,CENTRO DE SALUD MARCAVELICA,CENTRO DE SALUD SANTA TERESITA,-4.8824518,-80.7061949,-4.9004509,-80.6777636,5.5963,7.526666666666667,7.5267,1.5053,0.2,2,1.0
2032,2001,CENTRO DE SALUD MARCAVELICA,CENTRO DE SALUD BELLAVISTA,-4.8824518,-80.7061949,-4.8844701,-80.6714142,5.1435,8.185,8.185,1.637,0.2,2,1.0
2032,2020,CENTRO DE SALUD MARCAVELICA,PUESTO DE SALUD JIBITO,-4.8824518,-80.7061949,-4.9051923,-80.7473456,8.798,10.275,10.275,2.055,0.2,2,1.0
2032,2050,CENTRO DE SALUD MARCAVELICA,CENTRO DE SALUD QUERECOTILLO,-4.8824518,-80.7061949,-4.8378896,-80.6471156,9.9888,8.416666666666666,8.4167,1.6833,0.2,2,1.0
2033,2032,PUESTO DE SALUD MALLARITOS,CENTRO DE SALUD MARCAVELICA,-4.8694928,-80.718029,-4.8824518,-80.7061949,2.0286,2.02,2.02,0.404,0.2,1,1.0
2033,2058,PUESTO DE SALUD MALLARITOS,CENTRO DE SALUD SALITRAL,-4.8694928,-80.718029,-4.8598949,-80.6836031,6.7906,5.8149999999999995,5.815,1.163,0.2,2,1.0
2033,2012,PUESTO DE SALUD MALLARITOS,"CENTRO DE SALUD ""VILLA PRIMAVERA""",-4.8694928,-80.718029,-4.904803,-80.7106523,6.673100000000001,7.085,7.085,1.417,0.2,2,1.0
2033,DEPOT_DSRSLCC,PUESTO DE SALUD MALLARITOS,ALMACEN CENTRAL DSRSLCC,-4.8694928,-80.718029,-4.906564049486188,-80.72843391449476,8.561399999999999,9.438333333333333,9.4383,1.8877,0.2,2,1.0
2033,2017,PUESTO DE SALUD MALLARITOS,CENTRO DE SALUD NUEVO SULLANA,-4.8694928,-80.718029,-4.9088237,-80.7227337,8.2285,9.146666666666667,9.1467,1.8293,0.2,2,1.0
2033,2018,PUESTO DE SALUD MALLARITOS,CENTRO DE SALUD COMUNIDAD SALUDABLE,-4.8694928,-80.718029,-4.9081922,-80.6946604,5.9658,6.156666666666666,6.1567,1.2313,0.2,2,1.0
2033,2020,PUESTO DE SALUD MALLARITOS,PUESTO DE SALUD JIBITO,-4.8694928,-80.718029,-4.9051923,-80.7473456,10.7345,11.678333333333335,11.6783,2.3357,0.2,2,1.0
2033,2001,PUESTO DE SALUD MALLARITOS,CENTRO DE SALUD BELLAVISTA,-4.8694928,-80.718029,-4.8844701,-80.6714142,7.08,9.588333333333333,9.5883,1.9177,0.2,2,1.0
2033,2011,PUESTO DE SALUD MALLARITOS,CENTRO DE SALUD SANTA TERESITA,-4.8694928,-80.718029,-4.9004509,-80.6777636,7.5328,8.93,8.93,1.786,0.2,2,1.0
2033,2035,PUESTO DE SALUD MALLARITOS,PUESTO DE SALUD MALLARES,-4.8694928,-80.718029,-4.8325148,-80.7621019,9.49,9.754999999999999,9.755,1.951,0.2,2,1.0
2035,2038,PUESTO DE SALUD MALLARES,PUESTO DE SALUD SAMAN,-4.8325148,-80.7621019,-4.8325148,-80.7621019,0.0,0.0,0.0,0.0,0.2,1,1.0
2035,2040,PUESTO DE SALUD MALLARES,PUESTO DE SALUD LA NORIA,-4.8325148,-80.7621019,-4.7923546,-80.7449379,6.1516,7.168333333333334,7.1683,1.4337,0.2,2,1.0
2035,2033,PUESTO DE SALUD MALLARES,PUESTO DE SALUD MALLARITOS,-4.8325148,-80.7621019,-4.8694928,-80.718029,9.49,9.743333333333334,9.7433,1.9487,0.2,2,1.0
2035,2020,PUESTO DE SALUD MALLARES,PUESTO DE SALUD JIBITO,-4.8325148,-80.7621019,-4.9051923,-80.7473456,20.1519,21.17,21.17,4.234,0.2,3,1.0
2035,2032,PUESTO DE SALUD MALLARES,CENTRO DE SALUD MARCAVELICA,-4.8325148,-80.7621019,-4.8824518,-80.7061949,11.446,11.511666666666667,11.5117,2.3023,0.2,2,1.0
2035,2043,PUESTO DE SALUD MALLARES,PUESTO DE SALUD SAN JUAN DE LA VIRGEN,-4.8325148,-80.7621019,-4.8439257,-80.8382833,13.6044,12.736666666666668,12.7367,2.5473,0.2,2,1.0
2035,DEPOT_DSRSLCC,PUESTO DE SALUD MALLARES,ALMACEN CENTRAL DSRSLCC,-4.8325148,-80.7621019,-4.906564049486188,-80.72843391449476,17.9788,18.93,18.93,3.786,0.2,3,1.0
2035,2037,PUESTO DE SALUD MALLARES,PUESTO DE SALUD TANGARARA,-4.8325148,-80.7621019,-4.8849926,-80.8254037,15.6461,20.95,20.95,4.19,0.2,3,1.0
2035,2045,PUESTO DE SALUD MALLARES,PUESTO DE SALUD SANTA SOFIA,-4.8325148,-80.7621019,-4.8849926,-80.8254037,15.6461,20.95,20.95,4.19,0.2,3,1.0
2035,2058,PUESTO DE SALUD MALLARES,CENTRO DE SALUD SALITRAL,-4.8325148,-80.7621019,-4.8598949,-80.6836031,16.208,15.306666666666667,15.3067,3.0613,0.2,3,1.0
2037,2045,PUESTO DE SALUD TANGARARA,PUESTO DE SALUD SANTA SOFIA,-4.8849926,-80.8254037,-4.8849926,-80.8254037,0.0,0.0,0.0,0.0,0.2,1,1.0
2037,2019,PUESTO DE SALUD TANGARARA,CENTRO DE SALUD MIGUEL CHECA,-4.8849926,-80.8254037,-4.9011588,-80.815167,35.6285,39.46333333333334,39.4633,7.8927,0.2,4,1.0
2037,2043,PUESTO DE SALUD TANGARARA,PUESTO DE SALUD SAN JUAN DE LA VIRGEN,-4.8849926,-80.8254037,-4.8439257,-80.8382833,6.244,11.295,11.295,2.259,0.2,2,1.0
2037,2030,PUESTO DE SALUD TANGARARA,MACACARA,-4.8849926,-80.8254037,-4.9197309,-80.8586589,40.8464,44.068333333333335,44.0683,8.8137,0.2,4,1.0
2037,2042,PUESTO DE SALUD TANGARARA,CENTRO DE SALUD IGNACIO ESCUDERO,-4.8849926,-80.8254037,-4.8471958,-80.8742315,10.2579,14.173333333333334,14.1733,2.8347,0.2,2,1.0
2037,2029,PUESTO DE SALUD TANGARARA,PUESTO DE SALUD NOMARA,-4.8849926,-80.8254037,-4.9147723,-80.8867335,44.2097,46.78666666666666,46.7867,9.3573,0.2,4,1.0
2037,2046,PUESTO DE SALUD TANGARARA,PUESTO DE SALUD SAN MIGUEL,-4.8849926,-80.8254037,-4.8498601,-80.8925112,12.141399999999999,15.841666666666667,15.8417,3.1683,0.2,2,1.0
2037,2020,PUESTO DE SALUD TANGARARA,PUESTO DE SALUD JIBITO,-4.8849926,-80.8254037,-4.9051923,-80.7473456,27.5257,31.915000000000003,31.915,6.383,0.2,3,1.0
2037,2035,PUESTO DE SALUD TANGARARA,PUESTO DE SALUD MALLARES,-4.8849926,-80.8254037,-4.8325148,-80.7621019,15.6461,21.065,21.065,4.213,0.2,3,1.0
2037,2038,PUESTO DE SALUD TANGARARA,PUESTO DE SALUD SAMAN,-4.8849926,-80.8254037,-4.8325148,-80.7621019,15.6461,21.065,21.065,4.213,0.2,3,1.0
2038,2035,PUESTO DE SALUD SAMAN,PUESTO DE SALUD MALLARES,-4.8325148,-80.7621019,-4.8325148,-80.7621019,0.0,0.0,0.0,0.0,0.2,1,1.0
2038,2040,PUESTO DE SALUD SAMAN,PUESTO DE SALUD LA NORIA,-4.8325148,-80.7621019,-4.7923546,-80.7449379,6.1516,7.168333333333334,7.1683,1.4337,0.2,2,1.0
2038,2033,PUESTO DE SALUD SAMAN,PUESTO DE SALUD MALLARITOS,-4.8325148,-80.7621019,-4.8694928,-80.718029,9.49,9.743333333333334,9.7433,1.9487,0.2,2,1.0
2038,2020,PUESTO DE SALUD SAMAN,PUESTO DE SALUD JIBITO,-4.8325148,-80.7621019,-4.9051923,-80.7473456,20.1519,21.17,21.17,4.234,0.2,3,1.0
2038,2032,PUESTO DE SALUD SAMAN,CENTRO DE SALUD MARCAVELICA,-4.8325148,-80.7621019,-4.8824518,-80.7061949,11.446,11.511666666666667,11.5117,2.3023,0.2,2,1.0
2038,2043,PUESTO DE SALUD SAMAN,PUESTO DE SALUD SAN JUAN DE LA VIRGEN,-4.8325148,-80.7621019,-4.8439257,-80.8382833,13.6044,12.736666666666668,12.7367,2.5473,0.2,2,1.0
2038,DEPOT_DSRSLCC,PUESTO DE SALUD SAMAN,ALMACEN CENTRAL DSRSLCC,-4.8325148,-80.7621019,-4.906564049486188,-80.72843391449476,17.9788,18.93,18.93,3.786,0.2,3,1.0
2038,2037,PUESTO DE SALUD SAMAN,PUESTO DE SALUD TANGARARA,-4.8325148,-80.7621019,-4.8849926,-80.8254037,15.6461,20.95,20.95,4.19,0.2,3,1.0
2038,2045,PUESTO DE SALUD SAMAN,PUESTO DE SALUD SANTA SOFIA,-4.8325148,-80.7621019,-4.8849926,-80.8254037,15.6461,20.95,20.95,4.19,0.2,3,1.0
2038,2058,PUESTO DE SALUD SAMAN,CENTRO DE SALUD SALITRAL,-4.8325148,-80.7621019,-4.8598949,-80.6836031,16.208,15.306666666666667,15.3067,3.0613,0.2,3,1.0
2040,2035,PUESTO DE SALUD LA NORIA,PUESTO DE SALUD MALLARES,-4.7923546,-80.7449379,-4.8325148,-80.7621019,6.1516,7.216666666666667,7.2167,1.4433,0.2,2,1.0
2040,2038,PUESTO DE SALUD LA NORIA,PUESTO DE SALUD SAMAN,-4.7923546,-80.7449379,-4.8325148,-80.7621019,6.1516,7.216666666666667,7.2167,1.4433,0.2,2,1.0
2040,2033,PUESTO DE SALUD LA NORIA,PUESTO DE SALUD MALLARITOS,-4.7923546,-80.7449379,-4.8694928,-80.718029,14.0518,12.96,12.96,2.592,0.2,2,1.0
2040,2058,PUESTO DE SALUD LA NORIA,CENTRO DE SALUD SALITRAL,-4.7923546,-80.7449379,-4.8598949,-80.6836031,20.7698,18.523333333333333,18.5233,3.7047,0.2,3,1.0
2040,2032,PUESTO DE SALUD LA NORIA,CENTRO DE SALUD MARCAVELICA,-4.7923546,-80.7449379,-4.8824518,-80.7061949,16.0078,14.728333333333333,14.7283,2.9457,0.2,3,1.0
2040,2043,PUESTO DE SALUD LA NORIA,PUESTO DE SALUD SAN JUAN DE LA VIRGEN,-4.7923546,-80.7449379,-4.8439257,-80.8382833,18.1662,15.953333333333335,15.9533,3.1907,0.2,3,1.0
2040,2050,PUESTO DE SALUD LA NORIA,CENTRO DE SALUD QUERECOTILLO,-4.7923546,-80.7449379,-4.8378896,-80.6471156,25.904400000000003,22.528333333333332,22.5283,4.5057,0.2,3,1.0
2040,2020,PUESTO DE SALUD LA NORIA,PUESTO DE SALUD JIBITO,-4.7923546,-80.7449379,-4.9051923,-80.7473456,24.7137,24.386666666666667,24.3867,4.8773,0.2,3,1.0
2040,DEPOT_DSRSLCC,PUESTO DE SALUD LA NORIA,ALMACEN CENTRAL DSRSLCC,-4.7923546,-80.7449379,-4.906564049486188,-80.72843391449476,22.540599999999998,22.146666666666665,22.1467,4.4293,0.2,3,1.0
2040,2012,PUESTO DE SALUD LA NORIA,"CENTRO DE SALUD ""VILLA PRIMAVERA""",-4.7923546,-80.7449379,-4.904803,-80.7106523,20.6523,19.793333333333333,19.7933,3.9587,0.2,3,1.0
2042,2046,CENTRO DE SALUD IGNACIO ESCUDERO,PUESTO DE SALUD SAN MIGUEL,-4.8471958,-80.8742315,-4.8498601,-80.8925112,2.3529,2.9016666666666664,2.9017,0.5803,0.2,1,1.0
2042,2043,CENTRO DE SALUD IGNACIO ESCUDERO,PUESTO DE SALUD SAN JUAN DE LA VIRGEN,-4.8471958,-80.8742315,-4.8439257,-80.8382833,4.4386,4.193333333333333,4.1933,0.8387,0.2,1,1.0
2042,2037,CENTRO DE SALUD IGNACIO ESCUDERO,PUESTO DE SALUD TANGARARA,-4.8471958,-80.8742315,-4.8849926,-80.8254037,10.2579,14.0,14.0,2.8,0.2,2,1.0
2042,2045,CENTRO DE SALUD IGNACIO ESCUDERO,PUESTO DE SALUD SANTA SOFIA,-4.8471958,-80.8742315,-4.8849926,-80.8254037,10.2579,14.0,14.0,2.8,0.2,2,1.0
2042,2044,CENTRO DE SALUD IGNACIO ESCUDERO,PUESTO DE SALUD MONTE LIMA,-4.8471958,-80.8742315,-4.8608725,-80.9399291,8.0871,9.033333333333333,9.0333,1.8067,0.2,2,1.0
2042,2029,CENTRO DE SALUD IGNACIO ESCUDERO,PUESTO DE SALUD NOMARA,-4.8471958,-80.8742315,-4.9147723,-80.8867335,46.1819,41.401666666666664,41.4017,8.2803,0.2,4,1.0
2042,2030,CENTRO DE SALUD IGNACIO ESCUDERO,MACACARA,-4.8471958,-80.8742315,-4.9197309,-80.8586589,42.8185,38.68333333333333,38.6833,7.7367,0.2,4,1.0
2042,2019,CENTRO DE SALUD IGNACIO ESCUDERO,CENTRO DE SALUD MIGUEL CHECA,-4.8471958,-80.8742315,-4.9011588,-80.815167,37.600699999999996,34.07833333333333,34.0783,6.8157,0.2,4,1.0
2042,2028,CENTRO DE SALUD IGNACIO ESCUDERO,CENTRO DE SALUD VIVIATE,-4.8471958,-80.8742315,-4.9200244,-80.9215755,41.0227,42.31333333333334,42.3133,8.4627,0.2,4,1.0
2042,2049,CENTRO DE SALUD IGNACIO ESCUDERO,CENTRO DE SALUD TAMARINDO,-4.8471958,-80.8742315,-4.8784025,-80.971709,12.4677,14.04,14.04,2.808,0.2,2,1.0
2043,2042,PUESTO DE SALUD SAN JUAN DE LA VIRGEN,CENTRO DE SALUD IGNACIO ESCUDERO,-4.8439257,-80.8382833,-4.8471958,-80.8742315,4.4386,4.17,4.17,0.834,0.2,1,1.0
2043,2037,PUESTO DE SALUD SAN JUAN DE LA VIRGEN,PUESTO DE SALUD TANGARARA,-4.8439257,-80.8382833,-4.8849926,-80.8254037,6.3266,11.191666666666666,11.1917,2.2383,0.2,2,1.0
2043,2045,PUESTO DE SALUD SAN JUAN DE LA VIRGEN,PUESTO DE SALUD SANTA SOFIA,-4.8439257,-80.8382833,-4.8849926,-80.8254037,6.3266,11.191666666666666,11.1917,2.2383,0.2,2,1.0
2043,2046,PUESTO DE SALUD SAN JUAN DE LA VIRGEN,PUESTO DE SALUD SAN MIGUEL,-4.8439257,-80.8382833,-4.8498601,-80.8925112,6.322100000000001,5.838333333333334,5.8383,1.1677,0.2,2,1.0
2043,2019,PUESTO DE SALUD SAN JUAN DE LA VIRGEN,CENTRO DE SALUD MIGUEL CHECA,-4.8439257,-80.8382833,-4.9011588,-80.815167,33.6693,31.27,31.27,6.254,0.2,4,1.0
2043,2035,PUESTO DE SALUD SAN JUAN DE LA VIRGEN,PUESTO DE SALUD MALLARES,-4.8439257,-80.8382833,-4.8325148,-80.7621019,13.6869,12.871666666666666,12.8717,2.5743,0.2,2,1.0
2043,2038,PUESTO DE SALUD SAN JUAN DE LA VIRGEN,PUESTO DE SALUD SAMAN,-4.8439257,-80.8382833,-4.8325148,-80.7621019,13.6869,12.871666666666666,12.8717,2.5743,0.2,2,1.0
2043,2030,PUESTO DE SALUD SAN JUAN DE LA VIRGEN,MACACARA,-4.8439257,-80.8382833,-4.9197309,-80.8586589,38.8872,35.875,35.875,7.175,0.2,4,1.0
2043,2029,PUESTO DE SALUD SAN JUAN DE LA VIRGEN,PUESTO DE SALUD NOMARA,-4.8439257,-80.8382833,-4.9147723,-80.8867335,42.2505,38.593333333333334,38.5933,7.7187,0.2,4,1.0
2043,2044,PUESTO DE SALUD SAN JUAN DE LA VIRGEN,PUESTO DE SALUD MONTE LIMA,-4.8439257,-80.8382833,-4.8608725,-80.9399291,12.0562,11.97,11.97,2.394,0.2,2,1.0
2044,2049,PUESTO DE SALUD MONTE LIMA,CENTRO DE SALUD TAMARINDO,-4.8608725,-80.9399291,-4.8784025,-80.971709,4.4535,5.253333333333333,5.2533,1.0507,0.2,1,1.0
2044,2046,PUESTO DE SALUD MONTE LIMA,PUESTO DE SALUD SAN MIGUEL,-4.8608725,-80.9399291,-4.8498601,-80.8925112,5.8046999999999995,6.743333333333334,6.7433,1.3487,0.2,2,1.0
2044,2027,PUESTO DE SALUD MONTE LIMA,CENTRO DE SALUD LA HUACA,-4.8608725,-80.9399291,-4.9121604,-80.9602239,29.0751,30.461666666666666,30.4617,6.0923,0.2,3,1.0
2044,2028,PUESTO DE SALUD MONTE LIMA,CENTRO DE SALUD VIVIATE,-4.8608725,-80.9399291,-4.9200244,-80.9215755,33.0085,33.526666666666664,33.5267,6.7053,0.2,4,1.0
2044,2042,PUESTO DE SALUD MONTE LIMA,CENTRO DE SALUD IGNACIO ESCUDERO,-4.8608725,-80.9399291,-4.8471958,-80.8742315,8.0871,8.985000000000001,8.985,1.797,0.2,2,1.0
2044,2047,PUESTO DE SALUD MONTE LIMA,PUESTO DE SALUD AMOTAPE,-4.8608725,-80.9399291,-4.8868634,-81.0031178,8.1011,9.06,9.06,1.812,0.2,2,1.0
2044,2048,PUESTO DE SALUD MONTE LIMA,PUESTO DE SALUD EL TAMBO,-4.8608725,-80.9399291,-4.8868634,-81.0031178,8.1011,9.06,9.06,1.812,0.2,2,1.0
2044,2029,PUESTO DE SALUD MONTE LIMA,PUESTO DE SALUD NOMARA,-4.8608725,-80.9399291,-4.9147723,-80.8867335,36.9988,37.10666666666667,37.1067,7.4213,0.2,4,1.0
2044,2025,PUESTO DE SALUD MONTE LIMA,CENTRO DE SALUD EL ARENAL,-4.8608725,-80.9399291,-4.8849849,-81.0262273,12.3051,14.821666666666665,14.8217,2.9643,0.2,2,1.0
2044,2030,PUESTO DE SALUD MONTE LIMA,MACACARA,-4.8608725,-80.9399291,-4.9197309,-80.8586589,40.3695,40.401666666666664,40.4017,8.0803,0.2,4,1.0
2045,2037,PUESTO DE SALUD SANTA SOFIA,PUESTO DE SALUD TANGARARA,-4.8849926,-80.8254037,-4.8849926,-80.8254037,0.0,0.0,0.0,0.0,0.2,1,1.0
2045,2019,PUESTO DE SALUD SANTA SOFIA,CENTRO DE SALUD MIGUEL CHECA,-4.8849926,-80.8254037,-4.9011588,-80.815167,35.6285,39.46333333333334,39.4633,7.8927,0.2,4,1.0
2045,2043,PUESTO DE SALUD SANTA SOFIA,PUESTO DE SALUD SAN JUAN DE LA VIRGEN,-4.8849926,-80.8254037,-4.8439257,-80.8382833,6.244,11.295,11.295,2.259,0.2,2,1.0
2045,2030,PUESTO DE SALUD SANTA SOFIA,MACACARA,-4.8849926,-80.8254037,-4.9197309,-80.8586589,40.8464,44.068333333333335,44.0683,8.8137,0.2,4,1.0
2045,2042,PUESTO DE SALUD SANTA SOFIA,CENTRO DE SALUD IGNACIO ESCUDERO,-4.8849926,-80.8254037,-4.8471958,-80.8742315,10.2579,14.173333333333334,14.1733,2.8347,0.2,2,1.0
2045,2029,PUESTO DE SALUD SANTA SOFIA,PUESTO DE SALUD NOMARA,-4.8849926,-80.8254037,-4.9147723,-80.8867335,44.2097,46.78666666666666,46.7867,9.3573,0.2,4,1.0
2045,2046,PUESTO DE SALUD SANTA SOFIA,PUESTO DE SALUD SAN MIGUEL,-4.8849926,-80.8254037,-4.8498601,-80.8925112,12.141399999999999,15.841666666666667,15.8417,3.1683,0.2,2,1.0
2045,2020,PUESTO DE SALUD SANTA SOFIA,PUESTO DE SALUD JIBITO,-4.8849926,-80.8254037,-4.9051923,-80.7473456,27.5257,31.915000000000003,31.915,6.383,0.2,3,1.0
2045,2035,PUESTO DE SALUD SANTA SOFIA,PUESTO DE SALUD MALLARES,-4.8849926,-80.8254037,-4.8325148,-80.7621019,15.6461,21.065,21.065,4.213,0.2,3,1.0
2045,2038,PUESTO DE SALUD SANTA SOFIA,PUESTO DE SALUD SAMAN,-4.8849926,-80.8254037,-4.8325148,-80.7621019,15.6461,21.065,21.065,4.213,0.2,3,1.0
2046,2042,PUESTO DE SALUD SAN MIGUEL,CENTRO DE SALUD IGNACIO ESCUDERO,-4.8498601,-80.8925112,-4.8471958,-80.8742315,2.3529,2.8016666666666667,2.8017,0.5603,0.2,1,1.0
2046,2044,PUESTO DE SALUD SAN MIGUEL,PUESTO DE SALUD MONTE LIMA,-4.8498601,-80.8925112,-4.8608725,-80.9399291,5.8635,6.63,6.63,1.326,0.2,2,1.0
2046,2043,PUESTO DE SALUD SAN MIGUEL,PUESTO DE SALUD SAN JUAN DE LA VIRGEN,-4.8498601,-80.8925112,-4.8439257,-80.8382833,6.322100000000001,5.871666666666667,5.8717,1.1743,0.2,2,1.0
2046,2029,PUESTO DE SALUD SAN MIGUEL,PUESTO DE SALUD NOMARA,-4.8498601,-80.8925112,-4.9147723,-80.8867335,48.065400000000004,43.080000000000005,43.08,8.616,0.2,4,1.0
2046,2037,PUESTO DE SALUD SAN MIGUEL,PUESTO DE SALUD TANGARARA,-4.8498601,-80.8925112,-4.8849926,-80.8254037,12.141399999999999,15.678333333333335,15.6783,3.1357,0.2,2,1.0
2046,2045,PUESTO DE SALUD SAN MIGUEL,PUESTO DE SALUD SANTA SOFIA,-4.8498601,-80.8925112,-4.8849926,-80.8254037,12.141399999999999,15.678333333333335,15.6783,3.1357,0.2,2,1.0
2046,2028,PUESTO DE SALUD SAN MIGUEL,CENTRO DE SALUD VIVIATE,-4.8498601,-80.8925112,-4.9200244,-80.9215755,38.7992,39.91,39.91,7.982,0.2,4,1.0
2046,2030,PUESTO DE SALUD SAN MIGUEL,MACACARA,-4.8498601,-80.8925112,-4.9197309,-80.8586589,44.7021,40.361666666666665,40.3617,8.0723,0.2,4,1.0
2046,2049,PUESTO DE SALUD SAN MIGUEL,CENTRO DE SALUD TAMARINDO,-4.8498601,-80.8925112,-4.8784025,-80.971709,10.2441,11.636666666666667,11.6367,2.3273,0.2,2,1.0
2046,2027,PUESTO DE SALUD SAN MIGUEL,CENTRO DE SALUD LA HUACA,-4.8498601,-80.8925112,-4.9121604,-80.9602239,34.8657,36.845,36.845,7.369,0.2,4,1.0
2047,2048,PUESTO DE SALUD AMOTAPE,PUESTO DE SALUD EL TAMBO,-4.8868634,-81.0031178,-4.8868634,-81.0031178,0.0,0.0,0.0,0.0,0.2,1,1.0
2047,2025,PUESTO DE SALUD AMOTAPE,CENTRO DE SALUD EL ARENAL,-4.8868634,-81.0031178,-4.8849849,-81.0262273,4.2855,6.111666666666666,6.1117,1.2223,0.2,1,1.0
2047,2049,PUESTO DE SALUD AMOTAPE,CENTRO DE SALUD TAMARINDO,-4.8868634,-81.0031178,-4.8784025,-80.971709,3.9017,4.666666666666667,4.6667,0.9333,0.2,1,1.0
2047,2027,PUESTO DE SALUD AMOTAPE,CENTRO DE SALUD LA HUACA,-4.8868634,-81.0031178,-4.9121604,-80.9602239,21.055400000000002,21.751666666666665,21.7517,4.3503,0.2,3,1.0
2047,2026,PUESTO DE SALUD AMOTAPE,"CENTRO DE SALUD ""PUEBLO NUEVO DE COLAN""",-4.8868634,-81.0031178,-4.9115827,-81.057902,9.752600000000001,13.933333333333334,13.9333,2.7867,0.2,2,1.0
2047,2044,PUESTO DE SALUD AMOTAPE,PUESTO DE SALUD MONTE LIMA,-4.8868634,-81.0031178,-4.8608725,-80.9399291,8.1018,9.065,9.065,1.813,0.2,2,1.0
2047,2078,PUESTO DE SALUD AMOTAPE,CENTRO DE SALUD VICHAYAL,-4.8868634,-81.0031178,-4.8651182,-81.0726136,14.674299999999999,14.483333333333333,14.4833,2.8967,0.2,2,1.0
2047,2028,PUESTO DE SALUD AMOTAPE,CENTRO DE SALUD VIVIATE,-4.8868634,-81.0031178,-4.9200244,-80.9215755,24.988799999999998,24.816666666666666,24.8167,4.9633,0.2,3,1.0
2047,2079,PUESTO DE SALUD AMOTAPE,PUESTO DE SALUD MIRAMAR,-4.8868634,-81.0031178,-4.8722839,-81.1008006,19.1755,18.503333333333334,18.5033,3.7007,0.2,3,1.0
2047,2046,PUESTO DE SALUD AMOTAPE,PUESTO DE SALUD SAN MIGUEL,-4.8868634,-81.0031178,-4.8498601,-80.8925112,13.8337,15.456666666666667,15.4567,3.0913,0.2,2,1.0
2048,2047,PUESTO DE SALUD EL TAMBO,PUESTO DE SALUD AMOTAPE,-4.8868634,-81.0031178,-4.8868634,-81.0031178,0.0,0.0,0.0,0.0,0.2,1,1.0
2048,2025,PUESTO DE SALUD EL TAMBO,CENTRO DE SALUD EL ARENAL,-4.8868634,-81.0031178,-4.8849849,-81.0262273,4.2855,6.111666666666666,6.1117,1.2223,0.2,1,1.0
2048,2049,PUESTO DE SALUD EL TAMBO,CENTRO DE SALUD TAMARINDO,-4.8868634,-81.0031178,-4.8784025,-80.971709,3.9017,4.666666666666667,4.6667,0.9333,0.2,1,1.0
2048,2027,PUESTO DE SALUD EL TAMBO,CENTRO DE SALUD LA HUACA,-4.8868634,-81.0031178,-4.9121604,-80.9602239,21.055400000000002,21.751666666666665,21.7517,4.3503,0.2,3,1.0
2048,2026,PUESTO DE SALUD EL TAMBO,"CENTRO DE SALUD ""PUEBLO NUEVO DE COLAN""",-4.8868634,-81.0031178,-4.9115827,-81.057902,9.752600000000001,13.933333333333334,13.9333,2.7867,0.2,2,1.0
2048,2044,PUESTO DE SALUD EL TAMBO,PUESTO DE SALUD MONTE LIMA,-4.8868634,-81.0031178,-4.8608725,-80.9399291,8.1018,9.065,9.065,1.813,0.2,2,1.0
2048,2078,PUESTO DE SALUD EL TAMBO,CENTRO DE SALUD VICHAYAL,-4.8868634,-81.0031178,-4.8651182,-81.0726136,14.674299999999999,14.483333333333333,14.4833,2.8967,0.2,2,1.0
2048,2028,PUESTO DE SALUD EL TAMBO,CENTRO DE SALUD VIVIATE,-4.8868634,-81.0031178,-4.9200244,-80.9215755,24.988799999999998,24.816666666666666,24.8167,4.9633,0.2,3,1.0
2048,2079,PUESTO DE SALUD EL TAMBO,PUESTO DE SALUD MIRAMAR,-4.8868634,-81.0031178,-4.8722839,-81.1008006,19.1755,18.503333333333334,18.5033,3.7007,0.2,3,1.0
2048,2046,PUESTO DE SALUD EL TAMBO,PUESTO DE SALUD SAN MIGUEL,-4.8868634,-81.0031178,-4.8498601,-80.8925112,13.8337,15.456666666666667,15.4567,3.0913,0.2,2,1.0
2049,2047,CENTRO DE SALUD TAMARINDO,PUESTO DE SALUD AMOTAPE,-4.8784025,-80.971709,-4.8868634,-81.0031178,3.9017,4.691666666666666,4.6917,0.9383,0.2,1,1.0
2049,2048,CENTRO DE SALUD TAMARINDO,PUESTO DE SALUD EL TAMBO,-4.8784025,-80.971709,-4.8868634,-81.0031178,3.9017,4.691666666666666,4.6917,0.9383,0.2,1,1.0
2049,2027,CENTRO DE SALUD TAMARINDO,CENTRO DE SALUD LA HUACA,-4.8784025,-80.971709,-4.9121604,-80.9602239,24.875700000000002,26.09333333333333,26.0933,5.2187,0.2,3,1.0
2049,2044,CENTRO DE SALUD TAMARINDO,PUESTO DE SALUD MONTE LIMA,-4.8784025,-80.971709,-4.8608725,-80.9399291,4.416600000000001,5.241666666666666,5.2417,1.0483,0.2,1,1.0
2049,2025,CENTRO DE SALUD TAMARINDO,CENTRO DE SALUD EL ARENAL,-4.8784025,-80.971709,-4.8849849,-81.0262273,8.1057,10.453333333333335,10.4533,2.0907,0.2,2,1.0
2049,2028,CENTRO DE SALUD TAMARINDO,CENTRO DE SALUD VIVIATE,-4.8784025,-80.971709,-4.9200244,-80.9215755,28.809099999999997,29.158333333333335,29.1583,5.8317,0.2,3,1.0
2049,2046,CENTRO DE SALUD TAMARINDO,PUESTO DE SALUD SAN MIGUEL,-4.8784025,-80.971709,-4.8498601,-80.8925112,10.1485,11.633333333333333,11.6333,2.3267,0.2,2,1.0
2049,2026,CENTRO DE SALUD TAMARINDO,"CENTRO DE SALUD ""PUEBLO NUEVO DE COLAN""",-4.8784025,-80.971709,-4.9115827,-81.057902,13.572799999999999,18.275,18.275,3.655,0.2,2,1.0
2049,2029,CENTRO DE SALUD TAMARINDO,PUESTO DE SALUD NOMARA,-4.8784025,-80.971709,-4.9147723,-80.8867335,32.7994,32.73833333333333,32.7383,6.5477,0.2,4,1.0
2049,2078,CENTRO DE SALUD TAMARINDO,CENTRO DE SALUD VICHAYAL,-4.8784025,-80.971709,-4.8651182,-81.0726136,18.4945,18.825,18.825,3.765,0.2,3,1.0
2050,2058,CENTRO DE SALUD QUERECOTILLO,CENTRO DE SALUD SALITRAL,-4.8378896,-80.6471156,-4.8598949,-80.6836031,5.5495,5.193333333333333,5.1933,1.0387,0.2,2,1.0
2050,2001,CENTRO DE SALUD QUERECOTILLO,CENTRO DE SALUD BELLAVISTA,-4.8378896,-80.6471156,-4.8844701,-80.6714142,13.369399999999999,14.331666666666667,14.3317,2.8663,0.2,2,1.0
2050,2052,CENTRO DE SALUD QUERECOTILLO,PUESTO DE SALUD SAN FRANCISCO DE CHOCAN,-4.8378896,-80.6471156,-4.7852623,-80.6101357,7.7284,6.466666666666667,6.4667,1.2933,0.2,2,1.0
2050,2056,CENTRO DE SALUD QUERECOTILLO,PUESTO DE SALUD PUENTE DE LOS SERRANOS,-4.8378896,-80.6471156,-4.7852623,-80.6101357,7.7284,6.466666666666667,6.4667,1.2933,0.2,2,1.0
2050,2065,CENTRO DE SALUD QUERECOTILLO,PUESTO DE SALUD EL ALAMOR,-4.8378896,-80.6471156,-4.7852623,-80.6101357,7.7284,6.466666666666667,6.4667,1.2933,0.2,2,1.0
2050,2011,CENTRO DE SALUD QUERECOTILLO,CENTRO DE SALUD SANTA TERESITA,-4.8378896,-80.6471156,-4.9004509,-80.6777636,13.874,13.836666666666668,13.8367,2.7673,0.2,2,1.0
2050,2032,CENTRO DE SALUD QUERECOTILLO,CENTRO DE SALUD MARCAVELICA,-4.8378896,-80.6471156,-4.8824518,-80.7061949,9.9888,8.433333333333334,8.4333,1.6867,0.2,2,1.0
2050,2033,CENTRO DE SALUD QUERECOTILLO,PUESTO DE SALUD MALLARITOS,-4.8378896,-80.6471156,-4.8694928,-80.718029,11.9253,9.828333333333335,9.8283,1.9657,0.2,2,1.0
2050,2018,CENTRO DE SALUD QUERECOTILLO,CENTRO DE SALUD COMUNIDAD SALUDABLE,-4.8378896,-80.6471156,-4.9081922,-80.6946604,12.3071,11.063333333333333,11.0633,2.2127,0.2,2,1.0
2050,2012,CENTRO DE SALUD QUERECOTILLO,"CENTRO DE SALUD ""VILLA PRIMAVERA""",-4.8378896,-80.6471156,-4.904803,-80.7106523,13.014299999999999,11.991666666666667,11.9917,2.3983,0.2,2,1.0
2052,2056,PUESTO DE SALUD SAN FRANCISCO DE CHOCAN,PUESTO DE SALUD PUENTE DE LOS SERRANOS,-4.7852623,-80.6101357,-4.7852623,-80.6101357,0.0,0.0,0.0,0.0,0.2,1,1.0
2052,2065,PUESTO DE SALUD SAN FRANCISCO DE CHOCAN,PUESTO DE SALUD EL ALAMOR,-4.7852623,-80.6101357,-4.7852623,-80.6101357,0.0,0.0,0.0,0.0,0.2,1,1.0
2052,2050,PUESTO DE SALUD SAN FRANCISCO DE CHOCAN,CENTRO DE SALUD QUERECOTILLO,-4.7852623,-80.6101357,-4.8378896,-80.6471156,7.7284,6.568333333333333,6.5683,1.3137,0.2,2,1.0
2052,2058,PUESTO DE SALUD SAN FRANCISCO DE CHOCAN,CENTRO DE SALUD SALITRAL,-4.7852623,-80.6101357,-4.8598949,-80.6836031,12.468200000000001,9.535,9.535,1.907,0.2,2,1.0
2052,2001,PUESTO DE SALUD SAN FRANCISCO DE CHOCAN,CENTRO DE SALUD BELLAVISTA,-4.7852623,-80.6101357,-4.8844701,-80.6714142,20.2881,18.673333333333336,18.6733,3.7347,0.2,3,1.0
2052,2011,PUESTO DE SALUD SAN FRANCISCO DE CHOCAN,CENTRO DE SALUD SANTA TERESITA,-4.7852623,-80.6101357,-4.9004509,-80.6777636,20.7928,18.178333333333335,18.1783,3.6357,0.2,3,1.0
2052,2040,PUESTO DE SALUD SAN FRANCISCO DE CHOCAN,PUESTO DE SALUD LA NORIA,-4.7852623,-80.6101357,-4.7923546,-80.7449379,32.8232,26.68166666666667,26.6817,5.3363,0.2,4,1.0
2052,2032,PUESTO DE SALUD SAN FRANCISCO DE CHOCAN,CENTRO DE SALUD MARCAVELICA,-4.7852623,-80.6101357,-4.8824518,-80.7061949,16.9075,12.775,12.775,2.555,0.2,3,1.0
2052,2033,PUESTO DE SALUD SAN FRANCISCO DE CHOCAN,PUESTO DE SALUD MALLARITOS,-4.7852623,-80.6101357,-4.8694928,-80.718029,18.844,14.17,14.17,2.834,0.2,3,1.0
2052,2018,PUESTO DE SALUD SAN FRANCISCO DE CHOCAN,CENTRO DE SALUD COMUNIDAD SALUDABLE,-4.7852623,-80.6101357,-4.9081922,-80.6946604,19.2258,15.405,15.405,3.081,0.2,3,1.0
2056,2052,PUESTO DE SALUD PUENTE DE LOS SERRANOS,PUESTO DE SALUD SAN FRANCISCO DE CHOCAN,-4.7852623,-80.6101357,-4.7852623,-80.6101357,0.0,0.0,0.0,0.0,0.2,1,1.0
2056,2065,PUESTO DE SALUD PUENTE DE LOS SERRANOS,PUESTO DE SALUD EL ALAMOR,-4.7852623,-80.6101357,-4.7852623,-80.6101357,0.0,0.0,0.0,0.0,0.2,1,1.0
2056,2050,PUESTO DE SALUD PUENTE DE LOS SERRANOS,CENTRO DE SALUD QUERECOTILLO,-4.7852623,-80.6101357,-4.8378896,-80.6471156,7.7284,6.568333333333333,6.5683,1.3137,0.2,2,1.0
2056,2058,PUESTO DE SALUD PUENTE DE LOS SERRANOS,CENTRO DE SALUD SALITRAL,-4.7852623,-80.6101357,-4.8598949,-80.6836031,12.468200000000001,9.535,9.535,1.907,0.2,2,1.0
2056,2001,PUESTO DE SALUD PUENTE DE LOS SERRANOS,CENTRO DE SALUD BELLAVISTA,-4.7852623,-80.6101357,-4.8844701,-80.6714142,20.2881,18.673333333333336,18.6733,3.7347,0.2,3,1.0
2056,2011,PUESTO DE SALUD PUENTE DE LOS SERRANOS,CENTRO DE SALUD SANTA TERESITA,-4.7852623,-80.6101357,-4.9004509,-80.6777636,20.7928,18.178333333333335,18.1783,3.6357,0.2,3,1.0
2056,2040,PUESTO DE SALUD PUENTE DE LOS SERRANOS,PUESTO DE SALUD LA NORIA,-4.7852623,-80.6101357,-4.7923546,-80.7449379,32.8232,26.68166666666667,26.6817,5.3363,0.2,4,1.0
2056,2032,PUESTO DE SALUD PUENTE DE LOS SERRANOS,CENTRO DE SALUD MARCAVELICA,-4.7852623,-80.6101357,-4.8824518,-80.7061949,16.9075,12.775,12.775,2.555,0.2,3,1.0
2056,2033,PUESTO DE SALUD PUENTE DE LOS SERRANOS,PUESTO DE SALUD MALLARITOS,-4.7852623,-80.6101357,-4.8694928,-80.718029,18.844,14.17,14.17,2.834,0.2,3,1.0
2056,2018,PUESTO DE SALUD PUENTE DE LOS SERRANOS,CENTRO DE SALUD COMUNIDAD SALUDABLE,-4.7852623,-80.6101357,-4.9081922,-80.6946604,19.2258,15.405,15.405,3.081,0.2,3,1.0
2058,2001,CENTRO DE SALUD SALITRAL,CENTRO DE SALUD BELLAVISTA,-4.8598949,-80.6836031,-4.8844701,-80.6714142,8.122300000000001,10.358333333333333,10.3583,2.0717,0.2,2,1.0
2058,2032,CENTRO DE SALUD SALITRAL,CENTRO DE SALUD MARCAVELICA,-4.8598949,-80.6836031,-4.8824518,-80.7061949,4.7417,4.46,4.46,0.892,0.2,1,1.0
2058,2033,CENTRO DE SALUD SALITRAL,PUESTO DE SALUD MALLARITOS,-4.8598949,-80.6836031,-4.8694928,-80.718029,6.6781999999999995,5.855,5.855,1.171,0.2,2,1.0
2058,2011,CENTRO DE SALUD SALITRAL,CENTRO DE SALUD SANTA TERESITA,-4.8598949,-80.6836031,-4.9004509,-80.6777636,8.6269,9.863333333333333,9.8633,1.9727,0.2,2,1.0
2058,2050,CENTRO DE SALUD SALITRAL,CENTRO DE SALUD QUERECOTILLO,-4.8598949,-80.6836031,-4.8378896,-80.6471156,5.5495,5.193333333333333,5.1933,1.0387,0.2,2,1.0
2058,2018,CENTRO DE SALUD SALITRAL,CENTRO DE SALUD COMUNIDAD SALUDABLE,-4.8598949,-80.6836031,-4.9081922,-80.6946604,7.06,7.09,7.09,1.418,0.2,2,1.0
2058,2012,CENTRO DE SALUD SALITRAL,"CENTRO DE SALUD ""VILLA PRIMAVERA""",-4.8598949,-80.6836031,-4.904803,-80.7106523,7.7672,8.018333333333334,8.0183,1.6037,0.2,2,1.0
2058,2017,CENTRO DE SALUD SALITRAL,CENTRO DE SALUD NUEVO SULLANA,-4.8598949,-80.6836031,-4.9088237,-80.7227337,9.3226,10.08,10.08,2.016,0.2,2,1.0
2058,DEPOT_DSRSLCC,CENTRO DE SALUD SALITRAL,ALMACEN CENTRAL DSRSLCC,-4.8598949,-80.6836031,-4.906564049486188,-80.72843391449476,9.6556,10.371666666666666,10.3717,2.0743,0.2,2,1.0
2058,2020,CENTRO DE SALUD SALITRAL,PUESTO DE SALUD JIBITO,-4.8598949,-80.6836031,-4.9051923,-80.7473456,11.828700000000001,12.611666666666668,12.6117,2.5223,0.2,2,1.0
2060,2052,CENTRO DE SALUD LANCONES,PUESTO DE SALUD SAN FRANCISCO DE CHOCAN,-4.6409943,-80.5492339,-4.7852623,-80.6101357,21.285700000000002,16.00166666666667,16.0017,3.2003,0.2,3,1.0
2060,2056,CENTRO DE SALUD LANCONES,PUESTO DE SALUD PUENTE DE LOS SERRANOS,-4.6409943,-80.5492339,-4.7852623,-80.6101357,21.285700000000002,16.00166666666667,16.0017,3.2003,0.2,3,1.0
2060,2065,CENTRO DE SALUD LANCONES,PUESTO DE SALUD EL ALAMOR,-4.6409943,-80.5492339,-4.7852623,-80.6101357,21.285700000000002,16.00166666666667,16.0017,3.2003,0.2,3,1.0
2060,2050,CENTRO DE SALUD LANCONES,CENTRO DE SALUD QUERECOTILLO,-4.6409943,-80.5492339,-4.8378896,-80.6471156,28.713099999999997,21.735,21.735,4.347,0.2,3,1.0
2060,2040,CENTRO DE SALUD LANCONES,PUESTO DE SALUD LA NORIA,-4.6409943,-80.5492339,-4.7923546,-80.7449379,53.807900000000004,41.848333333333336,41.8483,8.3697,0.2,5,1.0
2060,2058,CENTRO DE SALUD LANCONES,CENTRO DE SALUD SALITRAL,-4.6409943,-80.5492339,-4.8598949,-80.6836031,33.453,24.701666666666664,24.7017,4.9403,0.2,4,1.0
2060,2001,CENTRO DE SALUD LANCONES,CENTRO DE SALUD BELLAVISTA,-4.6409943,-80.5492339,-4.8844701,-80.6714142,41.272800000000004,33.84,33.84,6.768,0.2,4,1.0
2060,1986,CENTRO DE SALUD LANCONES,PUESTO DE SALUD CHICA ALTA,-4.6409943,-80.5492339,-4.8903579,-80.4146409,74.5885,55.388333333333335,55.3883,11.0777,0.2,5,1.0
2060,1987,CENTRO DE SALUD LANCONES,PUESTO DE SALUD SINCHI ROCA,-4.6409943,-80.5492339,-4.8903579,-80.4146409,74.5885,55.388333333333335,55.3883,11.0777,0.2,5,1.0
2060,1943,CENTRO DE SALUD LANCONES,CENTRO DE SALUD EL PARTIDOR,-4.6409943,-80.5492339,-4.7309471,-80.2796964,109.2206,81.40333333333334,81.4033,16.2807,0.2,5,1.0
2065,2052,PUESTO DE SALUD EL ALAMOR,PUESTO DE SALUD SAN FRANCISCO DE CHOCAN,-4.7852623,-80.6101357,-4.7852623,-80.6101357,0.0,0.0,0.0,0.0,0.2,1,1.0
2065,2056,PUESTO DE SALUD EL ALAMOR,PUESTO DE SALUD PUENTE DE LOS SERRANOS,-4.7852623,-80.6101357,-4.7852623,-80.6101357,0.0,0.0,0.0,0.0,0.2,1,1.0
2065,2050,PUESTO DE SALUD EL ALAMOR,CENTRO DE SALUD QUERECOTILLO,-4.7852623,-80.6101357,-4.8378896,-80.6471156,7.7284,6.568333333333333,6.5683,1.3137,0.2,2,1.0
2065,2058,PUESTO DE SALUD EL ALAMOR,CENTRO DE SALUD SALITRAL,-4.7852623,-80.6101357,-4.8598949,-80.6836031,12.468200000000001,9.535,9.535,1.907,0.2,2,1.0
2065,2001,PUESTO DE SALUD EL ALAMOR,CENTRO DE SALUD BELLAVISTA,-4.7852623,-80.6101357,-4.8844701,-80.6714142,20.2881,18.673333333333336,18.6733,3.7347,0.2,3,1.0
2065,2011,PUESTO DE SALUD EL ALAMOR,CENTRO DE SALUD SANTA TERESITA,-4.7852623,-80.6101357,-4.9004509,-80.6777636,20.7928,18.178333333333335,18.1783,3.6357,0.2,3,1.0
2065,2040,PUESTO DE SALUD EL ALAMOR,PUESTO DE SALUD LA NORIA,-4.7852623,-80.6101357,-4.7923546,-80.7449379,32.8232,26.68166666666667,26.6817,5.3363,0.2,4,1.0
2065,2032,PUESTO DE SALUD EL ALAMOR,CENTRO DE SALUD MARCAVELICA,-4.7852623,-80.6101357,-4.8824518,-80.7061949,16.9075,12.775,12.775,2.555,0.2,3,1.0
2065,2033,PUESTO DE SALUD EL ALAMOR,PUESTO DE SALUD MALLARITOS,-4.7852623,-80.6101357,-4.8694928,-80.718029,18.844,14.17,14.17,2.834,0.2,3,1.0
2065,2018,PUESTO DE SALUD EL ALAMOR,CENTRO DE SALUD COMUNIDAD SALUDABLE,-4.7852623,-80.6101357,-4.9081922,-80.6946604,19.2258,15.405,15.405,3.081,0.2,3,1.0
2073,2074,CENTRO DE SALUD JOSE ABELARDO QUINONES,CENTRO DE SALUD TALARA II,-4.5944779,-81.255439,-4.5786801,-81.2717819,4.2032,5.753333333333333,5.7533,1.1507,0.2,1,1.0
2073,2075,CENTRO DE SALUD JOSE ABELARDO QUINONES,CENTRO DE SALUD NEGRITOS,-4.5944779,-81.255439,-4.6583979,-81.304085,12.0095,14.693333333333333,14.6933,2.9387,0.2,2,1.0
2073,7718,CENTRO DE SALUD JOSE ABELARDO QUINONES,PUESTO DE SALUD FELIPE SANTIAGO SALAVERRY,-4.5944779,-81.255439,-4.5900299,-81.1750729,12.1504,13.288333333333332,13.2883,2.6577,0.2,2,1.0
2073,2076,CENTRO DE SALUD JOSE ABELARDO QUINONES,PUESTO DE SALUD SAN PABLO,-4.5944779,-81.255439,-4.6649291,-81.3106373,12.6199,15.006666666666666,15.0067,3.0013,0.2,2,1.0
2073,2077,CENTRO DE SALUD JOSE ABELARDO QUINONES,PUESTO DE SALUD LOBITOS,-4.5944779,-81.255439,-4.4565304,-81.2749705,19.352400000000003,20.773333333333333,20.7733,4.1547,0.2,3,1.0
2073,2079,CENTRO DE SALUD JOSE ABELARDO QUINONES,PUESTO DE SALUD MIRAMAR,-4.5944779,-81.255439,-4.8722839,-81.1008006,44.2551,45.358333333333334,45.3583,9.0717,0.2,4,1.0
2073,2078,CENTRO DE SALUD JOSE ABELARDO QUINONES,CENTRO DE SALUD VICHAYAL,-4.5944779,-81.255439,-4.8651182,-81.0726136,46.1863,49.71333333333334,49.7133,9.9427,0.2,4,1.0
2073,2083,CENTRO DE SALUD JOSE ABELARDO QUINONES,PUESTO DE SALUD CABO BLANCO,-4.5944779,-81.255439,-4.2512228,-81.2310862,56.401,46.39833333333333,46.3983,9.2797,0.2,5,1.0
2073,2025,CENTRO DE SALUD JOSE ABELARDO QUINONES,CENTRO DE SALUD EL ARENAL,-4.5944779,-81.255439,-4.8849849,-81.0262273,53.3188,57.58166666666667,57.5817,11.5163,0.2,5,1.0
2073,2026,CENTRO DE SALUD JOSE ABELARDO QUINONES,"CENTRO DE SALUD ""PUEBLO NUEVO DE COLAN""",-4.5944779,-81.255439,-4.9115827,-81.057902,58.7859,65.40333333333334,65.4033,13.0807,0.2,5,1.0
2074,2073,CENTRO DE SALUD TALARA II,CENTRO DE SALUD JOSE ABELARDO QUINONES,-4.5786801,-81.2717819,-4.5944779,-81.255439,4.6998999999999995,5.736666666666666,5.7367,1.1473,0.2,1,1.0
2074,2075,CENTRO DE SALUD TALARA II,CENTRO DE SALUD NEGRITOS,-4.5786801,-81.2717819,-4.6583979,-81.304085,11.741700000000002,11.936666666666667,11.9367,2.3873,0.2,2,1.0
2074,2076,CENTRO DE SALUD TALARA II,PUESTO DE SALUD SAN PABLO,-4.5786801,-81.2717819,-4.6649291,-81.3106373,12.3521,12.25,12.25,2.45,0.2,2,1.0
2074,7718,CENTRO DE SALUD TALARA II,PUESTO DE SALUD FELIPE SANTIAGO SALAVERRY,-4.5786801,-81.2717819,-4.5900299,-81.1750729,15.407200000000001,15.185,15.185,3.037,0.2,3,1.0
2074,2077,CENTRO DE SALUD TALARA II,PUESTO DE SALUD LOBITOS,-4.5786801,-81.2717819,-4.4565304,-81.2749705,16.4019,16.493333333333332,16.4933,3.2987,0.2,3,1.0
2074,2083,CENTRO DE SALUD TALARA II,PUESTO DE SALUD CABO BLANCO,-4.5786801,-81.2717819,-4.2512228,-81.2310862,59.6578,48.294999999999995,48.295,9.659,0.2,5,1.0
2074,2079,CENTRO DE SALUD TALARA II,PUESTO DE SALUD MIRAMAR,-4.5786801,-81.2717819,-4.8722839,-81.1008006,49.5373,45.87,45.87,9.174,0.2,4,1.0
2074,2078,CENTRO DE SALUD TALARA II,CENTRO DE SALUD VICHAYAL,-4.5786801,-81.2717819,-4.8651182,-81.0726136,51.468599999999995,50.225,50.225,10.045,0.2,5,1.0
2074,2081,CENTRO DE SALUD TALARA II,PUESTO DE SALUD EL ÑURO,-4.5786801,-81.2717819,-4.2160898,-81.1706028,61.7066,48.12833333333333,48.1283,9.6257,0.2,5,1.0
2074,2025,CENTRO DE SALUD TALARA II,CENTRO DE SALUD EL ARENAL,-4.5786801,-81.2717819,-4.8849849,-81.0262273,56.5755,59.47833333333333,59.4783,11.8957,0.2,5,1.0
2075,2076,CENTRO DE SALUD NEGRITOS,PUESTO DE SALUD SAN PABLO,-4.6583979,-81.304085,-4.6649291,-81.3106373,1.3015999999999999,3.3616666666666664,3.3617,0.6723,0.2,1,1.0
2075,2073,CENTRO DE SALUD NEGRITOS,CENTRO DE SALUD JOSE ABELARDO QUINONES,-4.6583979,-81.304085,-4.5944779,-81.255439,12.0532,14.626666666666667,14.6267,2.9253,0.2,2,1.0
2075,2074,CENTRO DE SALUD NEGRITOS,CENTRO DE SALUD TALARA II,-4.6583979,-81.304085,-4.5786801,-81.2717819,11.7364,12.17,12.17,2.434,0.2,2,1.0
2075,7718,CENTRO DE SALUD NEGRITOS,PUESTO DE SALUD FELIPE SANTIAGO SALAVERRY,-4.6583979,-81.304085,-4.5900299,-81.1750729,24.7955,24.66,24.66,4.932,0.2,3,1.0
2075,2077,CENTRO DE SALUD NEGRITOS,PUESTO DE SALUD LOBITOS,-4.6583979,-81.304085,-4.4565304,-81.2749705,27.681,27.903333333333332,27.9033,5.5807,0.2,3,1.0
2075,2079,CENTRO DE SALUD NEGRITOS,PUESTO DE SALUD MIRAMAR,-4.6583979,-81.304085,-4.8722839,-81.1008006,38.4868,36.98166666666667,36.9817,7.3963,0.2,4,1.0
2075,2078,CENTRO DE SALUD NEGRITOS,CENTRO DE SALUD VICHAYAL,-4.6583979,-81.304085,-4.8651182,-81.0726136,40.418,41.336666666666666,41.3367,8.2673,0.2,4,1.0
2075,2026,CENTRO DE SALUD NEGRITOS,"CENTRO DE SALUD ""PUEBLO NUEVO DE COLAN""",-4.6583979,-81.304085,-4.9115827,-81.057902,48.354699999999994,57.99,57.99,11.598,0.2,4,1.0
2075,2025,CENTRO DE SALUD NEGRITOS,CENTRO DE SALUD EL ARENAL,-4.6583979,-81.304085,-4.8849849,-81.0262273,53.6855,54.14333333333333,54.1433,10.8287,0.2,5,1.0
2075,2047,CENTRO DE SALUD NEGRITOS,PUESTO DE SALUD AMOTAPE,-4.6583979,-81.304085,-4.8868634,-81.0031178,54.869699999999995,55.108333333333334,55.1083,11.0217,0.2,5,1.0
2076,2075,PUESTO DE SALUD SAN PABLO,CENTRO DE SALUD NEGRITOS,-4.6649291,-81.3106373,-4.6583979,-81.304085,2.1321,4.2733333333333325,4.2733,0.8547,0.2,1,1.0
2076,2073,PUESTO DE SALUD SAN PABLO,CENTRO DE SALUD JOSE ABELARDO QUINONES,-4.6649291,-81.3106373,-4.5944779,-81.255439,13.0404,15.931666666666667,15.9317,3.1863,0.2,2,1.0
2076,2074,PUESTO DE SALUD SAN PABLO,CENTRO DE SALUD TALARA II,-4.6649291,-81.3106373,-4.5786801,-81.2717819,12.723600000000001,13.475,13.475,2.695,0.2,2,1.0
2076,7718,PUESTO DE SALUD SAN PABLO,PUESTO DE SALUD FELIPE SANTIAGO SALAVERRY,-4.6649291,-81.3106373,-4.5900299,-81.1750729,25.782700000000002,25.965,25.965,5.193,0.2,3,1.0
2076,2077,PUESTO DE SALUD SAN PABLO,PUESTO DE SALUD LOBITOS,-4.6649291,-81.3106373,-4.4565304,-81.2749705,28.668200000000002,29.208333333333332,29.2083,5.8417,0.2,3,1.0
2076,2079,PUESTO DE SALUD SAN PABLO,PUESTO DE SALUD MIRAMAR,-4.6649291,-81.3106373,-4.8722839,-81.1008006,38.235800000000005,36.71333333333334,36.7133,7.3427,0.2,4,1.0
2076,2078,PUESTO DE SALUD SAN PABLO,CENTRO DE SALUD VICHAYAL,-4.6649291,-81.3106373,-4.8651182,-81.0726136,40.167,41.068333333333335,41.0683,8.2137,0.2,4,1.0
2076,2026,PUESTO DE SALUD SAN PABLO,"CENTRO DE SALUD ""PUEBLO NUEVO DE COLAN""",-4.6649291,-81.3106373,-4.9115827,-81.057902,48.103699999999996,57.72166666666667,57.7217,11.5443,0.2,4,1.0
2076,2025,PUESTO DE SALUD SAN PABLO,CENTRO DE SALUD EL ARENAL,-4.6649291,-81.3106373,-4.8849849,-81.0262273,53.434400000000004,53.875,53.875,10.775,0.2,5,1.0
2076,2047,PUESTO DE SALUD SAN PABLO,PUESTO DE SALUD AMOTAPE,-4.6649291,-81.3106373,-4.8868634,-81.0031178,54.6186,54.84,54.84,10.968,0.2,5,1.0
2077,2074,PUESTO DE SALUD LOBITOS,CENTRO DE SALUD TALARA II,-4.4565304,-81.2749705,-4.5786801,-81.2717819,15.9584,16.723333333333333,16.7233,3.3447,0.2,3,1.0
2077,2073,PUESTO DE SALUD LOBITOS,CENTRO DE SALUD JOSE ABELARDO QUINONES,-4.4565304,-81.2749705,-4.5944779,-81.255439,19.314400000000003,20.783333333333335,20.7833,4.1567,0.2,3,1.0
2077,7718,PUESTO DE SALUD LOBITOS,PUESTO DE SALUD FELIPE SANTIAGO SALAVERRY,-4.4565304,-81.2749705,-4.5900299,-81.1750729,26.2912,23.901666666666664,23.9017,4.7803,0.2,3,1.0
2077,2075,PUESTO DE SALUD LOBITOS,CENTRO DE SALUD NEGRITOS,-4.4565304,-81.2749705,-4.6583979,-81.304085,27.8134,27.986666666666668,27.9867,5.5973,0.2,3,1.0
2077,2083,PUESTO DE SALUD LOBITOS,PUESTO DE SALUD CABO BLANCO,-4.4565304,-81.2749705,-4.2512228,-81.2310862,31.6572,41.67166666666667,41.6717,8.3343,0.2,4,1.0
2077,2076,PUESTO DE SALUD LOBITOS,PUESTO DE SALUD SAN PABLO,-4.4565304,-81.2749705,-4.6649291,-81.3106373,28.4238,28.3,28.3,5.66,0.2,3,1.0
2077,2081,PUESTO DE SALUD LOBITOS,PUESTO DE SALUD EL ÑURO,-4.4565304,-81.2749705,-4.2160898,-81.1706028,52.5391,42.663333333333334,42.6633,8.5327,0.2,5,1.0
2077,2080,PUESTO DE SALUD LOBITOS,"CENTRO DE SALUD ""LOS ORGANOS""",-4.4565304,-81.2749705,-4.1765953,-81.1273383,59.1761,47.858333333333334,47.8583,9.5717,0.2,5,1.0
2077,6627,PUESTO DE SALUD LOBITOS,CENTRO DE SALUD MANCORA,-4.4565304,-81.2749705,-4.1056284,-81.0459201,72.57239999999999,61.776666666666664,61.7767,12.3553,0.2,5,1.0
2077,2079,PUESTO DE SALUD LOBITOS,PUESTO DE SALUD MIRAMAR,-4.4565304,-81.2749705,-4.8722839,-81.1008006,65.609,61.919999999999995,61.92,12.384,0.2,5,1.0
2078,2079,CENTRO DE SALUD VICHAYAL,PUESTO DE SALUD MIRAMAR,-4.8651182,-81.0726136,-4.8722839,-81.1008006,4.7238999999999995,4.79,4.79,0.958,0.2,1,1.0
2078,2026,CENTRO DE SALUD VICHAYAL,"CENTRO DE SALUD ""PUEBLO NUEVO DE COLAN""",-4.8651182,-81.0726136,-4.9115827,-81.057902,18.9572,21.293333333333333,21.2933,4.2587,0.2,3,1.0
2078,2025,CENTRO DE SALUD VICHAYAL,CENTRO DE SALUD EL ARENAL,-4.8651182,-81.0726136,-4.8849849,-81.0262273,13.49,13.471666666666666,13.4717,2.6943,0.2,2,1.0
2078,2047,CENTRO DE SALUD VICHAYAL,PUESTO DE SALUD AMOTAPE,-4.8651182,-81.0726136,-4.8868634,-81.0031178,14.674299999999999,14.436666666666667,14.4367,2.8873,0.2,2,1.0
2078,2048,CENTRO DE SALUD VICHAYAL,PUESTO DE SALUD EL TAMBO,-4.8651182,-81.0726136,-4.8868634,-81.0031178,14.674299999999999,14.436666666666667,14.4367,2.8873,0.2,2,1.0
2078,2049,CENTRO DE SALUD VICHAYAL,CENTRO DE SALUD TAMARINDO,-4.8651182,-81.0726136,-4.8784025,-80.971709,18.4945,18.82,18.82,3.764,0.2,3,1.0
2078,2027,CENTRO DE SALUD VICHAYAL,CENTRO DE SALUD LA HUACA,-4.8651182,-81.0726136,-4.9121604,-80.9602239,30.26,29.111666666666668,29.1117,5.8223,0.2,4,1.0
2078,2044,CENTRO DE SALUD VICHAYAL,PUESTO DE SALUD MONTE LIMA,-4.8651182,-81.0726136,-4.8608725,-80.9399291,22.6947,23.21833333333333,23.2183,4.6437,0.2,3,1.0
2078,2024,CENTRO DE SALUD VICHAYAL,PUESTO DE SALUD SAN LUCAS DE COLAN,-4.8651182,-81.0726136,-5.0053016,-81.0583954,30.452,29.091666666666665,29.0917,5.8183,0.2,4,1.0
2078,2028,CENTRO DE SALUD VICHAYAL,CENTRO DE SALUD VIVIATE,-4.8651182,-81.0726136,-4.9200244,-80.9215755,34.193400000000004,32.17666666666666,32.1767,6.4353,0.2,4,1.0
2079,2078,PUESTO DE SALUD MIRAMAR,CENTRO DE SALUD VICHAYAL,-4.8722839,-81.1008006,-4.8651182,-81.0726136,4.7238999999999995,4.739999999999999,4.74,0.948,0.2,1,1.0
2079,2026,PUESTO DE SALUD MIRAMAR,"CENTRO DE SALUD ""PUEBLO NUEVO DE COLAN""",-4.8722839,-81.1008006,-4.9115827,-81.057902,10.818700000000002,22.148333333333333,22.1483,4.4297,0.2,2,1.0
2079,2025,PUESTO DE SALUD MIRAMAR,CENTRO DE SALUD EL ARENAL,-4.8722839,-81.1008006,-4.8849849,-81.0262273,17.9913,17.546666666666667,17.5467,3.5093,0.2,3,1.0
2079,2047,PUESTO DE SALUD MIRAMAR,PUESTO DE SALUD AMOTAPE,-4.8722839,-81.1008006,-4.8868634,-81.0031178,19.1755,18.511666666666667,18.5117,3.7023,0.2,3,1.0
2079,2048,PUESTO DE SALUD MIRAMAR,PUESTO DE SALUD EL TAMBO,-4.8722839,-81.1008006,-4.8868634,-81.0031178,19.1755,18.511666666666667,18.5117,3.7023,0.2,3,1.0
2079,2049,PUESTO DE SALUD MIRAMAR,CENTRO DE SALUD TAMARINDO,-4.8722839,-81.1008006,-4.8784025,-80.971709,22.9958,22.895,22.895,4.579,0.2,3,1.0
2079,2024,PUESTO DE SALUD MIRAMAR,PUESTO DE SALUD SAN LUCAS DE COLAN,-4.8722839,-81.1008006,-5.0053016,-81.0583954,20.637400000000003,31.191666666666666,31.1917,6.2383,0.2,3,1.0
2079,2027,PUESTO DE SALUD MIRAMAR,CENTRO DE SALUD LA HUACA,-4.8722839,-81.1008006,-4.9121604,-80.9602239,34.761300000000006,33.18666666666667,33.1867,6.6373,0.2,4,1.0
2079,2044,PUESTO DE SALUD MIRAMAR,PUESTO DE SALUD MONTE LIMA,-4.8722839,-81.1008006,-4.8608725,-80.9399291,27.196,27.293333333333333,27.2933,5.4587,0.2,3,1.0
2079,2028,PUESTO DE SALUD MIRAMAR,CENTRO DE SALUD VIVIATE,-4.8722839,-81.1008006,-4.9200244,-80.9215755,38.6947,36.251666666666665,36.2517,7.2503,0.2,4,1.0
2080,2081,"CENTRO DE SALUD ""LOS ORGANOS""",PUESTO DE SALUD EL ÑURO,-4.1765953,-81.1273383,-4.2160898,-81.1706028,7.7242,6.006666666666666,6.0067,1.2013,0.2,2,1.0
2080,6627,"CENTRO DE SALUD ""LOS ORGANOS""",CENTRO DE SALUD MANCORA,-4.1765953,-81.1273383,-4.1056284,-81.0459201,13.873299999999999,15.405,15.405,3.081,0.2,2,1.0
2080,2083,"CENTRO DE SALUD ""LOS ORGANOS""",PUESTO DE SALUD CABO BLANCO,-4.1765953,-81.1273383,-4.2512228,-81.2310862,16.6717,14.043333333333333,14.0433,2.8087,0.2,3,1.0
2080,2077,"CENTRO DE SALUD ""LOS ORGANOS""",PUESTO DE SALUD LOBITOS,-4.1765953,-81.1273383,-4.4565304,-81.2749705,58.9094,46.875,46.875,9.375,0.2,5,1.0
2080,7718,"CENTRO DE SALUD ""LOS ORGANOS""",PUESTO DE SALUD FELIPE SANTIAGO SALAVERRY,-4.1765953,-81.1273383,-4.5900299,-81.1750729,64.22630000000001,45.684999999999995,45.685,9.137,0.2,5,1.0
2080,2074,"CENTRO DE SALUD ""LOS ORGANOS""",CENTRO DE SALUD TALARA II,-4.1765953,-81.1273383,-4.5786801,-81.2717819,67.4858,52.343333333333334,52.3433,10.4687,0.2,5,1.0
2080,2073,"CENTRO DE SALUD ""LOS ORGANOS""",CENTRO DE SALUD JOSE ABELARDO QUINONES,-4.1765953,-81.1273383,-4.5944779,-81.255439,64.7937,50.43333333333333,50.4333,10.0867,0.2,5,1.0
2080,2075,"CENTRO DE SALUD ""LOS ORGANOS""",CENTRO DE SALUD NEGRITOS,-4.1765953,-81.1273383,-4.6583979,-81.304085,77.6098,62.015,62.015,12.403,0.2,5,1.0
2080,2076,"CENTRO DE SALUD ""LOS ORGANOS""",PUESTO DE SALUD SAN PABLO,-4.1765953,-81.1273383,-4.6649291,-81.3106373,78.22019999999999,62.32833333333333,62.3283,12.4657,0.2,5,1.0
2080,2078,"CENTRO DE SALUD ""LOS ORGANOS""",CENTRO DE SALUD VICHAYAL,-4.1765953,-81.1273383,-4.8651182,-81.0726136,103.8463,90.42833333333333,90.4283,18.0857,0.2,5,1.0
2081,2080,PUESTO DE SALUD EL ÑURO,"CENTRO DE SALUD ""LOS ORGANOS""",-4.2160898,-81.1706028,-4.1765953,-81.1273383,8.0173,6.930000000000001,6.93,1.386,0.2,2,1.0
2081,2083,PUESTO DE SALUD EL ÑURO,PUESTO DE SALUD CABO BLANCO,-4.2160898,-81.1706028,-4.2512228,-81.2310862,9.1031,8.606666666666666,8.6067,1.7213,0.2,2,1.0
2081,6627,PUESTO DE SALUD EL ÑURO,CENTRO DE SALUD MANCORA,-4.2160898,-81.1706028,-4.1056284,-81.0459201,21.4136,20.848333333333336,20.8483,4.1697,0.2,3,1.0
2081,2077,PUESTO DE SALUD EL ÑURO,PUESTO DE SALUD LOBITOS,-4.2160898,-81.1706028,-4.4565304,-81.2749705,52.5655,42.59,42.59,8.518,0.2,5,1.0
2081,7718,PUESTO DE SALUD EL ÑURO,PUESTO DE SALUD FELIPE SANTIAGO SALAVERRY,-4.2160898,-81.1706028,-4.5900299,-81.1750729,57.8825,41.4,41.4,8.28,0.2,5,1.0
2081,2074,PUESTO DE SALUD EL ÑURO,CENTRO DE SALUD TALARA II,-4.2160898,-81.1706028,-4.5786801,-81.2717819,61.142,48.05833333333333,48.0583,9.6117,0.2,5,1.0
2081,2073,PUESTO DE SALUD EL ÑURO,CENTRO DE SALUD JOSE ABELARDO QUINONES,-4.2160898,-81.1706028,-4.5944779,-81.255439,58.4499,46.14833333333333,46.1483,9.2297,0.2,5,1.0
2081,2075,PUESTO DE SALUD EL ÑURO,CENTRO DE SALUD NEGRITOS,-4.2160898,-81.1706028,-4.6583979,-81.304085,71.266,57.730000000000004,57.73,11.546,0.2,5,1.0
2081,2076,PUESTO DE SALUD EL ÑURO,PUESTO DE SALUD SAN PABLO,-4.2160898,-81.1706028,-4.6649291,-81.3106373,71.87639999999999,58.04333333333333,58.0433,11.6087,0.2,5,1.0
2081,2078,PUESTO DE SALUD EL ÑURO,CENTRO DE SALUD VICHAYAL,-4.2160898,-81.1706028,-4.8651182,-81.0726136,97.5024,86.14333333333335,86.1433,17.2287,0.2,5,1.0
2083,2081,PUESTO DE SALUD CABO BLANCO,PUESTO DE SALUD EL ÑURO,-4.2512228,-81.2310862,-4.2160898,-81.1706028,9.1031,8.610000000000001,8.61,1.722,0.2,2,1.0
2083,2080,PUESTO DE SALUD CABO BLANCO,"CENTRO DE SALUD ""LOS ORGANOS""",-4.2512228,-81.2310862,-4.1765953,-81.1273383,16.9648,14.966666666666667,14.9667,2.9933,0.2,3,1.0
2083,2077,PUESTO DE SALUD CABO BLANCO,PUESTO DE SALUD LOBITOS,-4.2512228,-81.2310862,-4.4565304,-81.2749705,31.6236,41.66,41.66,8.332,0.2,4,1.0
2083,6627,PUESTO DE SALUD CABO BLANCO,CENTRO DE SALUD MANCORA,-4.2512228,-81.2310862,-4.1056284,-81.0459201,30.361099999999997,28.884999999999998,28.885,5.777,0.2,4,1.0
2083,2074,PUESTO DE SALUD CABO BLANCO,CENTRO DE SALUD TALARA II,-4.2512228,-81.2310862,-4.5786801,-81.2717819,59.1235,48.376666666666665,48.3767,9.6753,0.2,5,1.0
2083,7718,PUESTO DE SALUD CABO BLANCO,PUESTO DE SALUD FELIPE SANTIAGO SALAVERRY,-4.2512228,-81.2310862,-4.5900299,-81.1750729,55.864,41.718333333333334,41.7183,8.3437,0.2,5,1.0
2083,2073,PUESTO DE SALUD CABO BLANCO,CENTRO DE SALUD JOSE ABELARDO QUINONES,-4.2512228,-81.2310862,-4.5944779,-81.255439,56.431400000000004,46.46666666666667,46.4667,9.2933,0.2,5,1.0
2083,2075,PUESTO DE SALUD CABO BLANCO,CENTRO DE SALUD NEGRITOS,-4.2512228,-81.2310862,-4.6583979,-81.304085,69.2475,58.04833333333333,58.0483,11.6097,0.2,5,1.0
2083,2076,PUESTO DE SALUD CABO BLANCO,PUESTO DE SALUD SAN PABLO,-4.2512228,-81.2310862,-4.6649291,-81.3106373,69.8579,58.361666666666665,58.3617,11.6723,0.2,5,1.0
2083,2078,PUESTO DE SALUD CABO BLANCO,CENTRO DE SALUD VICHAYAL,-4.2512228,-81.2310862,-4.8651182,-81.0726136,95.484,86.46166666666666,86.4617,17.2923,0.2,5,1.0
6627,2080,CENTRO DE SALUD MANCORA,"CENTRO DE SALUD ""LOS ORGANOS""",-4.1056284,-81.0459201,-4.1765953,-81.1273383,14.1045,16.091666666666665,16.0917,3.2183,0.2,2,1.0
6627,2081,CENTRO DE SALUD MANCORA,PUESTO DE SALUD EL ÑURO,-4.1056284,-81.0459201,-4.2160898,-81.1706028,21.3657,20.735,20.735,4.147,0.2,3,1.0
6627,2083,CENTRO DE SALUD MANCORA,PUESTO DE SALUD CABO BLANCO,-4.1056284,-81.0459201,-4.2512228,-81.2310862,30.313200000000002,28.771666666666665,28.7717,5.7543,0.2,4,1.0
6627,2077,CENTRO DE SALUD MANCORA,PUESTO DE SALUD LOBITOS,-4.1056284,-81.0459201,-4.4565304,-81.2749705,72.55080000000001,61.60333333333333,61.6033,12.3207,0.2,5,1.0
6627,7718,CENTRO DE SALUD MANCORA,PUESTO DE SALUD FELIPE SANTIAGO SALAVERRY,-4.1056284,-81.0459201,-4.5900299,-81.1750729,77.8678,60.413333333333334,60.4133,12.0827,0.2,5,1.0
6627,2074,CENTRO DE SALUD MANCORA,CENTRO DE SALUD TALARA II,-4.1056284,-81.0459201,-4.5786801,-81.2717819,81.1272,67.07166666666667,67.0717,13.4143,0.2,5,1.0
6627,2073,CENTRO DE SALUD MANCORA,CENTRO DE SALUD JOSE ABELARDO QUINONES,-4.1056284,-81.0459201,-4.5944779,-81.255439,78.4351,65.16166666666666,65.1617,13.0323,0.2,5,1.0
6627,2075,CENTRO DE SALUD MANCORA,CENTRO DE SALUD NEGRITOS,-4.1056284,-81.0459201,-4.6583979,-81.304085,91.2512,76.74333333333334,76.7433,15.3487,0.2,5,1.0
6627,2076,CENTRO DE SALUD MANCORA,PUESTO DE SALUD SAN PABLO,-4.1056284,-81.0459201,-4.6649291,-81.3106373,91.86160000000001,77.05666666666666,77.0567,15.4113,0.2,5,1.0
6627,2060,CENTRO DE SALUD MANCORA,CENTRO DE SALUD LANCONES,-4.1056284,-81.0459201,-4.6409943,-80.5492339,180.6855,135.50833333333333,135.5083,27.1017,0.2,5,1.0
7718,2073,PUESTO DE SALUD FELIPE SANTIAGO SALAVERRY,CENTRO DE SALUD JOSE ABELARDO QUINONES,-4.5900299,-81.1750729,-4.5944779,-81.255439,12.1489,13.264999999999999,13.265,2.653,0.2,2,1.0
7718,2074,PUESTO DE SALUD FELIPE SANTIAGO SALAVERRY,CENTRO DE SALUD TALARA II,-4.5900299,-81.1750729,-4.5786801,-81.2717819,14.841,15.175,15.175,3.035,0.2,2,1.0
7718,2075,PUESTO DE SALUD FELIPE SANTIAGO SALAVERRY,CENTRO DE SALUD NEGRITOS,-4.5900299,-81.1750729,-4.6583979,-81.304085,24.965,24.846666666666668,24.8467,4.9693,0.2,3,1.0
7718,2076,PUESTO DE SALUD FELIPE SANTIAGO SALAVERRY,PUESTO DE SALUD SAN PABLO,-4.5900299,-81.1750729,-4.6649291,-81.3106373,25.575400000000002,25.16,25.16,5.032,0.2,3,1.0
7718,2077,PUESTO DE SALUD FELIPE SANTIAGO SALAVERRY,PUESTO DE SALUD LOBITOS,-4.5900299,-81.1750729,-4.4565304,-81.2749705,26.3161,23.918333333333333,23.9183,4.7837,0.2,3,1.0
7718,2079,PUESTO DE SALUD FELIPE SANTIAGO SALAVERRY,PUESTO DE SALUD MIRAMAR,-4.5900299,-81.1750729,-4.8722839,-81.1008006,44.737300000000005,50.47,50.47,10.094,0.2,4,1.0
7718,2078,PUESTO DE SALUD FELIPE SANTIAGO SALAVERRY,CENTRO DE SALUD VICHAYAL,-4.5900299,-81.1750729,-4.8651182,-81.0726136,40.2361,46.45,46.45,9.29,0.2,4,1.0
7718,2025,PUESTO DE SALUD FELIPE SANTIAGO SALAVERRY,CENTRO DE SALUD EL ARENAL,-4.5900299,-81.1750729,-4.8849849,-81.0262273,41.7844,46.0,46.0,9.2,0.2,4,1.0
7718,2026,PUESTO DE SALUD FELIPE SANTIAGO SALAVERRY,"CENTRO DE SALUD ""PUEBLO NUEVO DE COLAN""",-4.5900299,-81.1750729,-4.9115827,-81.057902,47.251599999999996,53.82166666666667,53.8217,10.7643,0.2,4,1.0
7718,2047,PUESTO DE SALUD FELIPE SANTIAGO SALAVERRY,PUESTO DE SALUD AMOTAPE,-4.5900299,-81.1750729,-4.8868634,-81.0031178,42.968599999999995,46.965,46.965,9.393,0.2,4,1.0
10726,1916,PUESTO DE SALUD JORAS,PUESTO DE SALUD CHOCAN,-4.5649483,-79.6841993,-4.5649483,-79.6841993,0.0,0.0,0.0,0.0,0.2,1,1.0
10726,1923,PUESTO DE SALUD JORAS,PUESTO DE SALUD HUIRIQUINGUE,-4.5649483,-79.6841993,-4.5649483,-79.6841993,0.0,0.0,0.0,0.0,0.2,1,1.0
10726,10727,PUESTO DE SALUD JORAS,PUESTO DE SALUD SOCCHABAMBA,-4.5649483,-79.6841993,-4.6045211,-79.666442,9.1577,12.243333333333334,12.2433,2.4487,0.2,2,1.0
10726,1911,PUESTO DE SALUD JORAS,CENTRO DE SALUD AYABACA,-4.5649483,-79.6841993,-4.6359601,-79.7138753,14.6846,19.52,19.52,3.904,0.2,2,1.0
10726,1974,PUESTO DE SALUD JORAS,CENTRO DE SALUD SICCHEZ,-4.5649483,-79.6841993,-4.5689777,-79.763774,27.950400000000002,42.41833333333333,42.4183,8.4837,0.2,3,1.0
10726,1962,PUESTO DE SALUD JORAS,CENTRO DE SALUD JILILI,-4.5649483,-79.6841993,-4.5839372,-79.7979262,41.6089,63.0,63.0,12.6,0.2,4,1.0
10726,1921,PUESTO DE SALUD JORAS,PUESTO DE SALUD REMOLINOS,-4.5649483,-79.6841993,-4.4917343,-79.5851453,39.216699999999996,37.65,37.65,7.53,0.2,4,1.0
10726,19837,PUESTO DE SALUD JORAS,PUESTO DE SALUD RODEOPAMPA,-4.5649483,-79.6841993,-4.6732321,-79.6184916,32.3045,31.503333333333334,31.5033,6.3007,0.2,4,1.0
10726,1970,PUESTO DE SALUD JORAS,CENTRO DE SALUD MONTERO,-4.5649483,-79.6841993,-4.6297071,-79.8247958,39.0713,57.49166666666667,57.4917,11.4983,0.2,4,1.0
10726,1926,PUESTO DE SALUD JORAS,PUESTO DE SALUD EL TOLDO,-4.5649483,-79.6841993,-4.6151437,-79.4995409,53.6963,54.43833333333334,54.4383,10.8877,0.2,5,1.0
10727,1916,PUESTO DE SALUD SOCCHABAMBA,PUESTO DE SALUD CHOCAN,-4.6045211,-79.666442,-4.5649483,-79.6841993,9.1577,12.245000000000001,12.245,2.449,0.2,2,1.0
10727,1923,PUESTO DE SALUD SOCCHABAMBA,PUESTO DE SALUD HUIRIQUINGUE,-4.6045211,-79.666442,-4.5649483,-79.6841993,9.1577,12.245000000000001,12.245,2.449,0.2,2,1.0
10727,10726,PUESTO DE SALUD SOCCHABAMBA,PUESTO DE SALUD JORAS,-4.6045211,-79.666442,-4.5649483,-79.6841993,9.1577,12.245000000000001,12.245,2.449,0.2,2,1.0
10727,1911,PUESTO DE SALUD SOCCHABAMBA,CENTRO DE SALUD AYABACA,-4.6045211,-79.666442,-4.6359601,-79.7138753,15.6085,11.370000000000001,11.37,2.274,0.2,3,1.0
10727,19837,PUESTO DE SALUD SOCCHABAMBA,PUESTO DE SALUD RODEOPAMPA,-4.6045211,-79.666442,-4.6732321,-79.6184916,23.1468,19.259999999999998,19.26,3.852,0.2,3,1.0
10727,1974,PUESTO DE SALUD SOCCHABAMBA,CENTRO DE SALUD SICCHEZ,-4.6045211,-79.666442,-4.5689777,-79.763774,33.531800000000004,41.44666666666667,41.4467,8.2893,0.2,4,1.0
10727,1962,PUESTO DE SALUD SOCCHABAMBA,CENTRO DE SALUD JILILI,-4.6045211,-79.666442,-4.5839372,-79.7979262,43.3084,55.641666666666666,55.6417,11.1283,0.2,4,1.0
10727,1921,PUESTO DE SALUD SOCCHABAMBA,PUESTO DE SALUD REMOLINOS,-4.6045211,-79.666442,-4.4917343,-79.5851453,33.344199999999994,27.93,27.93,5.586,0.2,4,1.0
10727,19125,PUESTO DE SALUD SOCCHABAMBA,PUESTO DE SALUD HUALCUY,-4.6045211,-79.666442,-4.7479412,-79.6118811,31.6648,23.03166666666667,23.0317,4.6063,0.2,4,1.0
10727,1970,PUESTO DE SALUD SOCCHABAMBA,CENTRO DE SALUD MONTERO,-4.6045211,-79.666442,-4.6297071,-79.8247958,39.9952,49.34166666666667,49.3417,9.8683,0.2,4,1.0
19125,19837,PUESTO DE SALUD HUALCUY,PUESTO DE SALUD RODEOPAMPA,-4.7479412,-79.6118811,-4.6732321,-79.6184916,14.069,12.343333333333334,12.3433,2.4687,0.2,2,1.0
19125,1911,PUESTO DE SALUD HUALCUY,CENTRO DE SALUD AYABACA,-4.7479412,-79.6118811,-4.6359601,-79.7138753,47.273300000000006,34.401666666666664,34.4017,6.8803,0.2,4,1.0
19125,10727,PUESTO DE SALUD HUALCUY,PUESTO DE SALUD SOCCHABAMBA,-4.7479412,-79.6118811,-4.6045211,-79.666442,31.6648,23.03166666666667,23.0317,4.6063,0.2,4,1.0
19125,1920,PUESTO DE SALUD HUALCUY,PUESTO DE SALUD ESPINDOLA,-4.7479412,-79.6118811,-4.648091,-79.4791847,44.7464,38.20333333333333,38.2033,7.6407,0.2,4,1.0
19125,1926,PUESTO DE SALUD HUALCUY,PUESTO DE SALUD EL TOLDO,-4.7479412,-79.6118811,-4.6151437,-79.4995409,45.995599999999996,42.690000000000005,42.69,8.538,0.2,4,1.0
19125,19844,PUESTO DE SALUD HUALCUY,PUESTO DE SALUD HUILCO,-4.7479412,-79.6118811,-4.6151437,-79.4995409,45.995599999999996,42.690000000000005,42.69,8.538,0.2,4,1.0
19125,1916,PUESTO DE SALUD HUALCUY,PUESTO DE SALUD CHOCAN,-4.7479412,-79.6118811,-4.5649483,-79.6841993,40.8225,35.276666666666664,35.2767,7.0553,0.2,4,1.0
19125,1923,PUESTO DE SALUD HUALCUY,PUESTO DE SALUD HUIRIQUINGUE,-4.7479412,-79.6118811,-4.5649483,-79.6841993,40.8225,35.276666666666664,35.2767,7.0553,0.2,4,1.0
19125,10726,PUESTO DE SALUD HUALCUY,PUESTO DE SALUD JORAS,-4.7479412,-79.6118811,-4.5649483,-79.6841993,40.8225,35.276666666666664,35.2767,7.0553,0.2,4,1.0
19125,1974,PUESTO DE SALUD HUALCUY,CENTRO DE SALUD SICCHEZ,-4.7479412,-79.6118811,-4.5689777,-79.763774,65.1966,64.47833333333332,64.4783,12.8957,0.2,5,1.0
19837,19125,PUESTO DE SALUD RODEOPAMPA,PUESTO DE SALUD HUALCUY,-4.6732321,-79.6184916,-4.7479412,-79.6118811,14.069,12.33,12.33,2.466,0.2,2,1.0
19837,10727,PUESTO DE SALUD RODEOPAMPA,PUESTO DE SALUD SOCCHABAMBA,-4.6732321,-79.6184916,-4.6045211,-79.666442,23.1468,19.265,19.265,3.853,0.2,3,1.0
19837,1911,PUESTO DE SALUD RODEOPAMPA,CENTRO DE SALUD AYABACA,-4.6732321,-79.6184916,-4.6359601,-79.7138753,38.755300000000005,30.634999999999998,30.635,6.127,0.2,4,1.0
19837,1916,PUESTO DE SALUD RODEOPAMPA,PUESTO DE SALUD CHOCAN,-4.6732321,-79.6184916,-4.5649483,-79.6841993,32.3045,31.509999999999998,31.51,6.302,0.2,4,1.0
19837,1923,PUESTO DE SALUD RODEOPAMPA,PUESTO DE SALUD HUIRIQUINGUE,-4.6732321,-79.6184916,-4.5649483,-79.6841993,32.3045,31.509999999999998,31.51,6.302,0.2,4,1.0
19837,10726,PUESTO DE SALUD RODEOPAMPA,PUESTO DE SALUD JORAS,-4.6732321,-79.6184916,-4.5649483,-79.6841993,32.3045,31.509999999999998,31.51,6.302,0.2,4,1.0
19837,1926,PUESTO DE SALUD RODEOPAMPA,PUESTO DE SALUD EL TOLDO,-4.6732321,-79.6184916,-4.6151437,-79.4995409,37.4777,38.92333333333333,38.9233,7.7847,0.2,4,1.0
19837,19844,PUESTO DE SALUD RODEOPAMPA,PUESTO DE SALUD HUILCO,-4.6732321,-79.6184916,-4.6151437,-79.4995409,37.4777,38.92333333333333,38.9233,7.7847,0.2,4,1.0
19837,1920,PUESTO DE SALUD RODEOPAMPA,PUESTO DE SALUD ESPINDOLA,-4.6732321,-79.6184916,-4.648091,-79.4791847,36.2284,34.43666666666666,34.4367,6.8873,0.2,4,1.0
19837,1974,PUESTO DE SALUD RODEOPAMPA,CENTRO DE SALUD SICCHEZ,-4.6732321,-79.6184916,-4.5689777,-79.763774,56.678599999999996,60.711666666666666,60.7117,12.1423,0.2,5,1.0
19844,1926,PUESTO DE SALUD HUILCO,PUESTO DE SALUD EL TOLDO,-4.6151437,-79.4995409,-4.6151437,-79.4995409,0.0,0.0,0.0,0.0,0.2,1,1.0
19844,1920,PUESTO DE SALUD HUILCO,PUESTO DE SALUD ESPINDOLA,-4.6151437,-79.4995409,-4.648091,-79.4791847,10.591700000000001,13.865,13.865,2.773,0.2,2,1.0
19844,19837,PUESTO DE SALUD HUILCO,PUESTO DE SALUD RODEOPAMPA,-4.6151437,-79.4995409,-4.6732321,-79.6184916,37.4777,38.89833333333333,38.8983,7.7797,0.2,4,1.0
19844,1921,PUESTO DE SALUD HUILCO,PUESTO DE SALUD REMOLINOS,-4.6151437,-79.4995409,-4.4917343,-79.5851453,77.88289999999999,70.095,70.095,14.019,0.2,5,1.0
19844,10727,PUESTO DE SALUD HUILCO,PUESTO DE SALUD SOCCHABAMBA,-4.6151437,-79.4995409,-4.6045211,-79.666442,44.538599999999995,42.165,42.165,8.433,0.2,4,1.0
19844,19125,PUESTO DE SALUD HUILCO,PUESTO DE SALUD HUALCUY,-4.6151437,-79.4995409,-4.7479412,-79.6118811,45.995599999999996,42.669999999999995,42.67,8.534,0.2,4,1.0
19844,1916,PUESTO DE SALUD HUILCO,PUESTO DE SALUD CHOCAN,-4.6151437,-79.4995409,-4.5649483,-79.6841993,53.6963,54.41,54.41,10.882,0.2,5,1.0
19844,1923,PUESTO DE SALUD HUILCO,PUESTO DE SALUD HUIRIQUINGUE,-4.6151437,-79.4995409,-4.5649483,-79.6841993,53.6963,54.41,54.41,10.882,0.2,5,1.0
19844,10726,PUESTO DE SALUD HUILCO,PUESTO DE SALUD JORAS,-4.6151437,-79.4995409,-4.5649483,-79.6841993,53.6963,54.41,54.41,10.882,0.2,5,1.0
19844,1911,PUESTO DE SALUD HUILCO,CENTRO DE SALUD AYABACA,-4.6151437,-79.4995409,-4.6359601,-79.7138753,60.1472,53.535,53.535,10.707,0.2,5,1.0
