timestamp,where
20260516_171023_932117,"[{'Condition': {'In': {'Expressions': [{'Column': {'Expression': {'SourceRef': {'Source': 'p'}}, 'Property': 'Periodo_variable Campos'}}], 'Values': [[{'Literal': {'Value': ""'''data_historica_dispo12_consumo''[mesano]'""}}]]}}}]"
20260516_171023_936130,"[{'Condition': {'Comparison': {'ComparisonKind': 0, 'Left': {'Column': {'Expression': {'SourceRef': {'Source': 's'}}, 'Property': 'Switch_4'}}, 'Right': {'Literal': {'Value': '2D'}}}}}, {'Condition': {'Comparison': {'ComparisonKind': 0, 'Left': {'Column': {'Expression': {'SourceRef': {'Source': 's1'}}, 'Property': 'Switch_3'}}, 'Right': {'Literal': {'Value': '2D'}}}}}, {'Condition': {'Comparison': {'ComparisonKind': 0, 'Left': {'Column': {'Expression': {'SourceRef': {'Source': 's2'}}, 'Property': 'Switch_22'}}, 'Right': {'Literal': {'Value': '1D'}}}}}, {'Condition': {'Comparison': {'ComparisonKind': 0, 'Left': {'Column': {'Expression': {'SourceRef': {'Source': 's3'}}, 'Property': 'Switch_21'}}, 'Right': {'Literal': {'Value': '1D'}}}}}, {'Condition': {'Comparison': {'ComparisonKind': 0, 'Left': {'Column': {'Expression': {'SourceRef': {'Source': 's4'}}, 'Property': 'Switch_1'}}, 'Right': {'Literal': {'Value': '1D'}}}}}, {'Condition': {'In': {'Expressions': [{'Column': {'Expression': {'SourceRef': {'Source': 'm'}}, 'Property': 'Cod_nombre2'}}], 'Values': [[{'Literal': {'Value': ""'(04764) METOTREXATO  2.5 mg TABLETA'""}}]]}}}, {'Condition': {'In': {'Expressions': [{'Column': {'Expression': {'SourceRef': {'Source': 'm1'}}, 'Property': 'metricas Campos'}}], 'Values': [[{'Literal': {'Value': ""'''data_historica_dispo12_consumo''[m_consumo]'""}}]]}}}, {'Condition': {'Not': {'Expression': {'In': {'Expressions': [{'Column': {'Expression': {'SourceRef': {'Source': 'm'}}, 'Property': 'separador1.1'}}], 'Values': [[{'Literal': {'Value': 'null'}}]]}}}}}, {'Condition': {'Not': {'Expression': {'In': {'Expressions': [{'Column': {'Expression': {'SourceRef': {'Source': 'c'}}, 'Property': 'DISA'}}], 'Values': [[{'Literal': {'Value': 'null'}}]]}}}}}, {'Condition': {'And': {'Left': {'Not': {'Expression': {'Comparison': {'ComparisonKind': 0, 'Left': {'Column': {'Expression': {'SourceRef': {'Source': 'c1'}}, 'Property': 'DESCRIP'}}, 'Right': {'Literal': {'Value': ""''""}}}}}}, 'Right': {'Not': {'Expression': {'Comparison': {'ComparisonKind': 0, 'Left': {'Column': {'Expression': {'SourceRef': {'Source': 'c1'}}, 'Property': 'DESCRIP'}}, 'Right': {'Literal': {'Value': 'null'}}}}}}}}}, {'Condition': {'Not': {'Expression': {'In': {'Expressions': [{'Column': {'Expression': {'SourceRef': {'Source': 'c1'}}, 'Property': 'tipo_completo'}}], 'Values': [[{'Literal': {'Value': ""'ALM_LOG'""}}], [{'Literal': {'Value': ""'ALMACEN'""}}], [{'Literal': {'Value': ""'SUBALMACEN'""}}], [{'Literal': {'Value': ""'X'""}}]]}}}}}, {'Condition': {'Not': {'Expression': {'Comparison': {'ComparisonKind': 0, 'Left': {'Column': {'Expression': {'SourceRef': {'Source': 'm'}}, 'Property': 'existe_stock'}}, 'Right': {'Literal': {'Value': 'null'}}}}}}}]"
20260516_171023_938190,"[{'Condition': {'In': {'Expressions': [{'Column': {'Expression': {'SourceRef': {'Source': 'p'}}, 'Property': 'Periodo_variable Campos'}}], 'Values': [[{'Literal': {'Value': ""'''data_historica_dispo12_consumo''[mesano]'""}}]]}}}, {'Condition': {'Comparison': {'ComparisonKind': 0, 'Left': {'Column': {'Expression': {'SourceRef': {'Source': 's'}}, 'Property': 'Switch_4'}}, 'Right': {'Literal': {'Value': '2D'}}}}}, {'Condition': {'Comparison': {'ComparisonKind': 0, 'Left': {'Column': {'Expression': {'SourceRef': {'Source': 's1'}}, 'Property': 'Switch_3'}}, 'Right': {'Literal': {'Value': '2D'}}}}}, {'Condition': {'Comparison': {'ComparisonKind': 0, 'Left': {'Column': {'Expression': {'SourceRef': {'Source': 's2'}}, 'Property': 'Switch_22'}}, 'Right': {'Literal': {'Value': '1D'}}}}}, {'Condition': {'Comparison': {'ComparisonKind': 0, 'Left': {'Column': {'Expression': {'SourceRef': {'Source': 's3'}}, 'Property': 'Switch_21'}}, 'Right': {'Literal': {'Value': '1D'}}}}}, {'Condition': {'Comparison': {'ComparisonKind': 0, 'Left': {'Column': {'Expression': {'SourceRef': {'Source': 's4'}}, 'Property': 'Switch_1'}}, 'Right': {'Literal': {'Value': '1D'}}}}}, {'Condition': {'In': {'Expressions': [{'Column': {'Expression': {'SourceRef': {'Source': 'm'}}, 'Property': 'Cod_nombre2'}}], 'Values': [[{'Literal': {'Value': ""'(04764) METOTREXATO  2.5 mg TABLETA'""}}]]}}}, {'Condition': {'In': {'Expressions': [{'Column': {'Expression': {'SourceRef': {'Source': 'm1'}}, 'Property': 'metricas Campos'}}], 'Values': [[{'Literal': {'Value': ""'''data_historica_dispo12_consumo''[m_consumo]'""}}]]}}}, {'Condition': {'Not': {'Expression': {'In': {'Expressions': [{'Column': {'Expression': {'SourceRef': {'Source': 'm'}}, 'Property': 'separador1.1'}}], 'Values': [[{'Literal': {'Value': 'null'}}]]}}}}}, {'Condition': {'Not': {'Expression': {'In': {'Expressions': [{'Column': {'Expression': {'SourceRef': {'Source': 'c'}}, 'Property': 'DISA'}}], 'Values': [[{'Literal': {'Value': 'null'}}]]}}}}}, {'Condition': {'And': {'Left': {'Not': {'Expression': {'Comparison': {'ComparisonKind': 0, 'Left': {'Column': {'Expression': {'SourceRef': {'Source': 'c1'}}, 'Property': 'DESCRIP'}}, 'Right': {'Literal': {'Value': ""''""}}}}}}, 'Right': {'Not': {'Expression': {'Comparison': {'ComparisonKind': 0, 'Left': {'Column': {'Expression': {'SourceRef': {'Source': 'c1'}}, 'Property': 'DESCRIP'}}, 'Right': {'Literal': {'Value': 'null'}}}}}}}}}, {'Condition': {'Not': {'Expression': {'In': {'Expressions': [{'Column': {'Expression': {'SourceRef': {'Source': 'c1'}}, 'Property': 'tipo_completo'}}], 'Values': [[{'Literal': {'Value': ""'ALM_LOG'""}}], [{'Literal': {'Value': ""'ALMACEN'""}}], [{'Literal': {'Value': ""'SUBALMACEN'""}}], [{'Literal': {'Value': ""'X'""}}]]}}}}}, {'Condition': {'Not': {'Expression': {'Comparison': {'ComparisonKind': 0, 'Left': {'Column': {'Expression': {'SourceRef': {'Source': 'm'}}, 'Property': 'existe_stock'}}, 'Right': {'Literal': {'Value': 'null'}}}}}}}]"
20260516_171023_939188,"[{'Condition': {'In': {'Expressions': [{'Column': {'Expression': {'SourceRef': {'Source': 'p'}}, 'Property': 'Periodo_variable Campos'}}], 'Values': [[{'Literal': {'Value': ""'''data_historica_dispo12_consumo''[mesano]'""}}]]}}}, {'Condition': {'Comparison': {'ComparisonKind': 0, 'Left': {'Column': {'Expression': {'SourceRef': {'Source': 's'}}, 'Property': 'Switch_4'}}, 'Right': {'Literal': {'Value': '2D'}}}}}, {'Condition': {'Comparison': {'ComparisonKind': 0, 'Left': {'Column': {'Expression': {'SourceRef': {'Source': 's1'}}, 'Property': 'Switch_3'}}, 'Right': {'Literal': {'Value': '2D'}}}}}, {'Condition': {'Comparison': {'ComparisonKind': 0, 'Left': {'Column': {'Expression': {'SourceRef': {'Source': 's2'}}, 'Property': 'Switch_22'}}, 'Right': {'Literal': {'Value': '1D'}}}}}, {'Condition': {'Comparison': {'ComparisonKind': 0, 'Left': {'Column': {'Expression': {'SourceRef': {'Source': 's3'}}, 'Property': 'Switch_21'}}, 'Right': {'Literal': {'Value': '1D'}}}}}, {'Condition': {'Comparison': {'ComparisonKind': 0, 'Left': {'Column': {'Expression': {'SourceRef': {'Source': 's4'}}, 'Property': 'Switch_1'}}, 'Right': {'Literal': {'Value': '1D'}}}}}, {'Condition': {'In': {'Expressions': [{'Column': {'Expression': {'SourceRef': {'Source': 'm'}}, 'Property': 'Cod_nombre2'}}], 'Values': [[{'Literal': {'Value': ""'(04764) METOTREXATO  2.5 mg TABLETA'""}}]]}}}, {'Condition': {'In': {'Expressions': [{'Column': {'Expression': {'SourceRef': {'Source': 'm1'}}, 'Property': 'metricas Campos'}}], 'Values': [[{'Literal': {'Value': ""'''data_historica_dispo12_consumo''[m_consumo]'""}}]]}}}, {'Condition': {'Not': {'Expression': {'In': {'Expressions': [{'Column': {'Expression': {'SourceRef': {'Source': 'm'}}, 'Property': 'separador1.1'}}], 'Values': [[{'Literal': {'Value': 'null'}}]]}}}}}, {'Condition': {'Not': {'Expression': {'In': {'Expressions': [{'Column': {'Expression': {'SourceRef': {'Source': 'c'}}, 'Property': 'DISA'}}], 'Values': [[{'Literal': {'Value': 'null'}}]]}}}}}, {'Condition': {'And': {'Left': {'Not': {'Expression': {'Comparison': {'ComparisonKind': 0, 'Left': {'Column': {'Expression': {'SourceRef': {'Source': 'c1'}}, 'Property': 'DESCRIP'}}, 'Right': {'Literal': {'Value': ""''""}}}}}}, 'Right': {'Not': {'Expression': {'Comparison': {'ComparisonKind': 0, 'Left': {'Column': {'Expression': {'SourceRef': {'Source': 'c1'}}, 'Property': 'DESCRIP'}}, 'Right': {'Literal': {'Value': 'null'}}}}}}}}}, {'Condition': {'Not': {'Expression': {'In': {'Expressions': [{'Column': {'Expression': {'SourceRef': {'Source': 'c1'}}, 'Property': 'tipo_completo'}}], 'Values': [[{'Literal': {'Value': ""'ALM_LOG'""}}], [{'Literal': {'Value': ""'ALMACEN'""}}], [{'Literal': {'Value': ""'SUBALMACEN'""}}], [{'Literal': {'Value': ""'X'""}}]]}}}}}, {'Condition': {'Not': {'Expression': {'Comparison': {'ComparisonKind': 0, 'Left': {'Column': {'Expression': {'SourceRef': {'Source': 'm'}}, 'Property': 'existe_stock'}}, 'Right': {'Literal': {'Value': 'null'}}}}}}}]"
20260516_171023_941189,"[{'Condition': {'In': {'Expressions': [{'Column': {'Expression': {'SourceRef': {'Source': 'p'}}, 'Property': 'Periodo_variable Campos'}}], 'Values': [[{'Literal': {'Value': ""'''data_historica_dispo12_consumo''[mesano]'""}}]]}}}, {'Condition': {'Comparison': {'ComparisonKind': 0, 'Left': {'Column': {'Expression': {'SourceRef': {'Source': 's'}}, 'Property': 'Switch_4'}}, 'Right': {'Literal': {'Value': '2D'}}}}}, {'Condition': {'Comparison': {'ComparisonKind': 0, 'Left': {'Column': {'Expression': {'SourceRef': {'Source': 's1'}}, 'Property': 'Switch_3'}}, 'Right': {'Literal': {'Value': '2D'}}}}}, {'Condition': {'Comparison': {'ComparisonKind': 0, 'Left': {'Column': {'Expression': {'SourceRef': {'Source': 's2'}}, 'Property': 'Switch_22'}}, 'Right': {'Literal': {'Value': '1D'}}}}}, {'Condition': {'Comparison': {'ComparisonKind': 0, 'Left': {'Column': {'Expression': {'SourceRef': {'Source': 's3'}}, 'Property': 'Switch_21'}}, 'Right': {'Literal': {'Value': '1D'}}}}}, {'Condition': {'Comparison': {'ComparisonKind': 0, 'Left': {'Column': {'Expression': {'SourceRef': {'Source': 's4'}}, 'Property': 'Switch_1'}}, 'Right': {'Literal': {'Value': '1D'}}}}}, {'Condition': {'In': {'Expressions': [{'Column': {'Expression': {'SourceRef': {'Source': 'm'}}, 'Property': 'Cod_nombre2'}}], 'Values': [[{'Literal': {'Value': ""'(04764) METOTREXATO  2.5 mg TABLETA'""}}]]}}}, {'Condition': {'In': {'Expressions': [{'Column': {'Expression': {'SourceRef': {'Source': 'm1'}}, 'Property': 'metricas Campos'}}], 'Values': [[{'Literal': {'Value': ""'''data_historica_dispo12_consumo''[m_consumo]'""}}]]}}}, {'Condition': {'Not': {'Expression': {'In': {'Expressions': [{'Column': {'Expression': {'SourceRef': {'Source': 'm'}}, 'Property': 'separador1.1'}}], 'Values': [[{'Literal': {'Value': 'null'}}]]}}}}}, {'Condition': {'Not': {'Expression': {'In': {'Expressions': [{'Column': {'Expression': {'SourceRef': {'Source': 'c1'}}, 'Property': 'DISA'}}], 'Values': [[{'Literal': {'Value': 'null'}}]]}}}}}, {'Condition': {'And': {'Left': {'Not': {'Expression': {'Comparison': {'ComparisonKind': 0, 'Left': {'Column': {'Expression': {'SourceRef': {'Source': 'c'}}, 'Property': 'DESCRIP'}}, 'Right': {'Literal': {'Value': ""''""}}}}}}, 'Right': {'Not': {'Expression': {'Comparison': {'ComparisonKind': 0, 'Left': {'Column': {'Expression': {'SourceRef': {'Source': 'c'}}, 'Property': 'DESCRIP'}}, 'Right': {'Literal': {'Value': 'null'}}}}}}}}}, {'Condition': {'Not': {'Expression': {'In': {'Expressions': [{'Column': {'Expression': {'SourceRef': {'Source': 'c'}}, 'Property': 'tipo_completo'}}], 'Values': [[{'Literal': {'Value': ""'ALM_LOG'""}}], [{'Literal': {'Value': ""'ALMACEN'""}}], [{'Literal': {'Value': ""'SUBALMACEN'""}}], [{'Literal': {'Value': ""'X'""}}]]}}}}}, {'Condition': {'Not': {'Expression': {'Comparison': {'ComparisonKind': 0, 'Left': {'Column': {'Expression': {'SourceRef': {'Source': 'm'}}, 'Property': 'existe_stock'}}, 'Right': {'Literal': {'Value': 'null'}}}}}}}]"
20260516_171023_943191,"[{'Condition': {'In': {'Expressions': [{'Column': {'Expression': {'SourceRef': {'Source': 'p'}}, 'Property': 'Periodo_variable Campos'}}], 'Values': [[{'Literal': {'Value': ""'''data_historica_dispo12_consumo''[mesano]'""}}]]}}}, {'Condition': {'Comparison': {'ComparisonKind': 0, 'Left': {'Column': {'Expression': {'SourceRef': {'Source': 's'}}, 'Property': 'Switch_4'}}, 'Right': {'Literal': {'Value': '2D'}}}}}, {'Condition': {'Comparison': {'ComparisonKind': 0, 'Left': {'Column': {'Expression': {'SourceRef': {'Source': 's1'}}, 'Property': 'Switch_3'}}, 'Right': {'Literal': {'Value': '2D'}}}}}, {'Condition': {'Comparison': {'ComparisonKind': 0, 'Left': {'Column': {'Expression': {'SourceRef': {'Source': 's2'}}, 'Property': 'Switch_22'}}, 'Right': {'Literal': {'Value': '1D'}}}}}, {'Condition': {'Comparison': {'ComparisonKind': 0, 'Left': {'Column': {'Expression': {'SourceRef': {'Source': 's3'}}, 'Property': 'Switch_21'}}, 'Right': {'Literal': {'Value': '1D'}}}}}, {'Condition': {'Comparison': {'ComparisonKind': 0, 'Left': {'Column': {'Expression': {'SourceRef': {'Source': 's4'}}, 'Property': 'Switch_1'}}, 'Right': {'Literal': {'Value': '1D'}}}}}, {'Condition': {'In': {'Expressions': [{'Column': {'Expression': {'SourceRef': {'Source': 'm'}}, 'Property': 'Cod_nombre2'}}], 'Values': [[{'Literal': {'Value': ""'(04764) METOTREXATO  2.5 mg TABLETA'""}}]]}}}, {'Condition': {'In': {'Expressions': [{'Column': {'Expression': {'SourceRef': {'Source': 'm1'}}, 'Property': 'metricas Campos'}}], 'Values': [[{'Literal': {'Value': ""'''data_historica_dispo12_consumo''[m_consumo]'""}}]]}}}, {'Condition': {'Not': {'Expression': {'In': {'Expressions': [{'Column': {'Expression': {'SourceRef': {'Source': 'm'}}, 'Property': 'separador1.1'}}], 'Values': [[{'Literal': {'Value': 'null'}}]]}}}}}, {'Condition': {'Not': {'Expression': {'In': {'Expressions': [{'Column': {'Expression': {'SourceRef': {'Source': 'c'}}, 'Property': 'DISA'}}], 'Values': [[{'Literal': {'Value': 'null'}}]]}}}}}, {'Condition': {'And': {'Left': {'Not': {'Expression': {'Comparison': {'ComparisonKind': 0, 'Left': {'Column': {'Expression': {'SourceRef': {'Source': 'c1'}}, 'Property': 'DESCRIP'}}, 'Right': {'Literal': {'Value': ""''""}}}}}}, 'Right': {'Not': {'Expression': {'Comparison': {'ComparisonKind': 0, 'Left': {'Column': {'Expression': {'SourceRef': {'Source': 'c1'}}, 'Property': 'DESCRIP'}}, 'Right': {'Literal': {'Value': 'null'}}}}}}}}}, {'Condition': {'Not': {'Expression': {'In': {'Expressions': [{'Column': {'Expression': {'SourceRef': {'Source': 'c1'}}, 'Property': 'tipo_completo'}}], 'Values': [[{'Literal': {'Value': ""'ALM_LOG'""}}], [{'Literal': {'Value': ""'ALMACEN'""}}], [{'Literal': {'Value': ""'SUBALMACEN'""}}], [{'Literal': {'Value': ""'X'""}}]]}}}}}, {'Condition': {'Not': {'Expression': {'Comparison': {'ComparisonKind': 0, 'Left': {'Column': {'Expression': {'SourceRef': {'Source': 'm'}}, 'Property': 'existe_stock'}}, 'Right': {'Literal': {'Value': 'null'}}}}}}}]"
20260516_171023_948594,"[{'Condition': {'In': {'Expressions': [{'Column': {'Expression': {'SourceRef': {'Source': 'p'}}, 'Property': 'Periodo_variable Campos'}}], 'Values': [[{'Literal': {'Value': ""'''data_historica_dispo12_consumo''[mesano]'""}}]]}}}, {'Condition': {'Comparison': {'ComparisonKind': 0, 'Left': {'Column': {'Expression': {'SourceRef': {'Source': 's'}}, 'Property': 'Switch_4'}}, 'Right': {'Literal': {'Value': '2D'}}}}}, {'Condition': {'Comparison': {'ComparisonKind': 0, 'Left': {'Column': {'Expression': {'SourceRef': {'Source': 's1'}}, 'Property': 'Switch_3'}}, 'Right': {'Literal': {'Value': '2D'}}}}}, {'Condition': {'Comparison': {'ComparisonKind': 0, 'Left': {'Column': {'Expression': {'SourceRef': {'Source': 's2'}}, 'Property': 'Switch_22'}}, 'Right': {'Literal': {'Value': '1D'}}}}}, {'Condition': {'Comparison': {'ComparisonKind': 0, 'Left': {'Column': {'Expression': {'SourceRef': {'Source': 's3'}}, 'Property': 'Switch_21'}}, 'Right': {'Literal': {'Value': '1D'}}}}}, {'Condition': {'Comparison': {'ComparisonKind': 0, 'Left': {'Column': {'Expression': {'SourceRef': {'Source': 's4'}}, 'Property': 'Switch_1'}}, 'Right': {'Literal': {'Value': '1D'}}}}}, {'Condition': {'In': {'Expressions': [{'Column': {'Expression': {'SourceRef': {'Source': 'm'}}, 'Property': 'Cod_nombre2'}}], 'Values': [[{'Literal': {'Value': ""'(04764) METOTREXATO  2.5 mg TABLETA'""}}]]}}}, {'Condition': {'In': {'Expressions': [{'Column': {'Expression': {'SourceRef': {'Source': 'm1'}}, 'Property': 'metricas Campos'}}], 'Values': [[{'Literal': {'Value': ""'''data_historica_dispo12_consumo''[m_consumo]'""}}]]}}}, {'Condition': {'Not': {'Expression': {'In': {'Expressions': [{'Column': {'Expression': {'SourceRef': {'Source': 'm'}}, 'Property': 'separador1.1'}}], 'Values': [[{'Literal': {'Value': 'null'}}]]}}}}}, {'Condition': {'Not': {'Expression': {'In': {'Expressions': [{'Column': {'Expression': {'SourceRef': {'Source': 'c'}}, 'Property': 'DISA'}}], 'Values': [[{'Literal': {'Value': 'null'}}]]}}}}}, {'Condition': {'And': {'Left': {'Not': {'Expression': {'Comparison': {'ComparisonKind': 0, 'Left': {'Column': {'Expression': {'SourceRef': {'Source': 'c1'}}, 'Property': 'DESCRIP'}}, 'Right': {'Literal': {'Value': ""''""}}}}}}, 'Right': {'Not': {'Expression': {'Comparison': {'ComparisonKind': 0, 'Left': {'Column': {'Expression': {'SourceRef': {'Source': 'c1'}}, 'Property': 'DESCRIP'}}, 'Right': {'Literal': {'Value': 'null'}}}}}}}}}, {'Condition': {'Not': {'Expression': {'In': {'Expressions': [{'Column': {'Expression': {'SourceRef': {'Source': 'c1'}}, 'Property': 'tipo_completo'}}], 'Values': [[{'Literal': {'Value': ""'ALM_LOG'""}}], [{'Literal': {'Value': ""'ALMACEN'""}}], [{'Literal': {'Value': ""'SUBALMACEN'""}}], [{'Literal': {'Value': ""'X'""}}]]}}}}}, {'Condition': {'Not': {'Expression': {'Comparison': {'ComparisonKind': 0, 'Left': {'Column': {'Expression': {'SourceRef': {'Source': 'm'}}, 'Property': 'existe_stock'}}, 'Right': {'Literal': {'Value': 'null'}}}}}}}]"
20260516_171023_951595,"[{'Condition': {'In': {'Expressions': [{'Column': {'Expression': {'SourceRef': {'Source': 'p'}}, 'Property': 'Periodo_variable Campos'}}], 'Values': [[{'Literal': {'Value': ""'''data_historica_dispo12_consumo''[mesano]'""}}]]}}}, {'Condition': {'Comparison': {'ComparisonKind': 0, 'Left': {'Column': {'Expression': {'SourceRef': {'Source': 's'}}, 'Property': 'Switch_4'}}, 'Right': {'Literal': {'Value': '2D'}}}}}, {'Condition': {'Comparison': {'ComparisonKind': 0, 'Left': {'Column': {'Expression': {'SourceRef': {'Source': 's1'}}, 'Property': 'Switch_3'}}, 'Right': {'Literal': {'Value': '2D'}}}}}, {'Condition': {'Comparison': {'ComparisonKind': 0, 'Left': {'Column': {'Expression': {'SourceRef': {'Source': 's2'}}, 'Property': 'Switch_22'}}, 'Right': {'Literal': {'Value': '1D'}}}}}, {'Condition': {'Comparison': {'ComparisonKind': 0, 'Left': {'Column': {'Expression': {'SourceRef': {'Source': 's3'}}, 'Property': 'Switch_21'}}, 'Right': {'Literal': {'Value': '1D'}}}}}, {'Condition': {'Comparison': {'ComparisonKind': 0, 'Left': {'Column': {'Expression': {'SourceRef': {'Source': 's4'}}, 'Property': 'Switch_1'}}, 'Right': {'Literal': {'Value': '1D'}}}}}, {'Condition': {'In': {'Expressions': [{'Column': {'Expression': {'SourceRef': {'Source': 'm'}}, 'Property': 'Cod_nombre2'}}], 'Values': [[{'Literal': {'Value': ""'(04764) METOTREXATO  2.5 mg TABLETA'""}}]]}}}, {'Condition': {'In': {'Expressions': [{'Column': {'Expression': {'SourceRef': {'Source': 'm1'}}, 'Property': 'metricas Campos'}}], 'Values': [[{'Literal': {'Value': ""'''data_historica_dispo12_consumo''[m_consumo]'""}}]]}}}, {'Condition': {'Not': {'Expression': {'In': {'Expressions': [{'Column': {'Expression': {'SourceRef': {'Source': 'm'}}, 'Property': 'separador1.1'}}], 'Values': [[{'Literal': {'Value': 'null'}}]]}}}}}, {'Condition': {'Not': {'Expression': {'In': {'Expressions': [{'Column': {'Expression': {'SourceRef': {'Source': 'c1'}}, 'Property': 'DISA'}}], 'Values': [[{'Literal': {'Value': 'null'}}]]}}}}}, {'Condition': {'And': {'Left': {'Not': {'Expression': {'Comparison': {'ComparisonKind': 0, 'Left': {'Column': {'Expression': {'SourceRef': {'Source': 'c'}}, 'Property': 'DESCRIP'}}, 'Right': {'Literal': {'Value': ""''""}}}}}}, 'Right': {'Not': {'Expression': {'Comparison': {'ComparisonKind': 0, 'Left': {'Column': {'Expression': {'SourceRef': {'Source': 'c'}}, 'Property': 'DESCRIP'}}, 'Right': {'Literal': {'Value': 'null'}}}}}}}}}, {'Condition': {'Not': {'Expression': {'In': {'Expressions': [{'Column': {'Expression': {'SourceRef': {'Source': 'c'}}, 'Property': 'tipo_completo'}}], 'Values': [[{'Literal': {'Value': ""'ALM_LOG'""}}], [{'Literal': {'Value': ""'ALMACEN'""}}], [{'Literal': {'Value': ""'SUBALMACEN'""}}], [{'Literal': {'Value': ""'X'""}}]]}}}}}, {'Condition': {'Not': {'Expression': {'Comparison': {'ComparisonKind': 0, 'Left': {'Column': {'Expression': {'SourceRef': {'Source': 'm'}}, 'Property': 'existe_stock'}}, 'Right': {'Literal': {'Value': 'null'}}}}}}}]"
20260516_171032_716814,"[{'Condition': {'In': {'Expressions': [{'Column': {'Expression': {'SourceRef': {'Source': 'p'}}, 'Property': 'Periodo_variable Campos'}}], 'Values': [[{'Literal': {'Value': ""'''data_historica_dispo12_consumo''[mesano]'""}}]]}}}, {'Condition': {'Comparison': {'ComparisonKind': 0, 'Left': {'Column': {'Expression': {'SourceRef': {'Source': 's'}}, 'Property': 'Switch_4'}}, 'Right': {'Literal': {'Value': '2D'}}}}}, {'Condition': {'Comparison': {'ComparisonKind': 0, 'Left': {'Column': {'Expression': {'SourceRef': {'Source': 's1'}}, 'Property': 'Switch_3'}}, 'Right': {'Literal': {'Value': '2D'}}}}}, {'Condition': {'Comparison': {'ComparisonKind': 0, 'Left': {'Column': {'Expression': {'SourceRef': {'Source': 's2'}}, 'Property': 'Switch_22'}}, 'Right': {'Literal': {'Value': '1D'}}}}}, {'Condition': {'Comparison': {'ComparisonKind': 0, 'Left': {'Column': {'Expression': {'SourceRef': {'Source': 's3'}}, 'Property': 'Switch_21'}}, 'Right': {'Literal': {'Value': '1D'}}}}}, {'Condition': {'Comparison': {'ComparisonKind': 0, 'Left': {'Column': {'Expression': {'SourceRef': {'Source': 's4'}}, 'Property': 'Switch_1'}}, 'Right': {'Literal': {'Value': '1D'}}}}}, {'Condition': {'In': {'Expressions': [{'Column': {'Expression': {'SourceRef': {'Source': 'm'}}, 'Property': 'Cod_nombre2'}}], 'Values': [[{'Literal': {'Value': ""'(04764) METOTREXATO  2.5 mg TABLETA'""}}]]}}}, {'Condition': {'In': {'Expressions': [{'Column': {'Expression': {'SourceRef': {'Source': 'm1'}}, 'Property': 'metricas Campos'}}], 'Values': [[{'Literal': {'Value': ""'''data_historica_dispo12_consumo''[m_consumo]'""}}]]}}}, {'Condition': {'Not': {'Expression': {'In': {'Expressions': [{'Column': {'Expression': {'SourceRef': {'Source': 'm'}}, 'Property': 'separador1.1'}}], 'Values': [[{'Literal': {'Value': 'null'}}]]}}}}}, {'Condition': {'Not': {'Expression': {'In': {'Expressions': [{'Column': {'Expression': {'SourceRef': {'Source': 'c'}}, 'Property': 'DISA'}}], 'Values': [[{'Literal': {'Value': 'null'}}]]}}}}}, {'Condition': {'And': {'Left': {'Not': {'Expression': {'Comparison': {'ComparisonKind': 0, 'Left': {'Column': {'Expression': {'SourceRef': {'Source': 'c1'}}, 'Property': 'DESCRIP'}}, 'Right': {'Literal': {'Value': ""''""}}}}}}, 'Right': {'Not': {'Expression': {'Comparison': {'ComparisonKind': 0, 'Left': {'Column': {'Expression': {'SourceRef': {'Source': 'c1'}}, 'Property': 'DESCRIP'}}, 'Right': {'Literal': {'Value': 'null'}}}}}}}}}, {'Condition': {'Not': {'Expression': {'In': {'Expressions': [{'Column': {'Expression': {'SourceRef': {'Source': 'c1'}}, 'Property': 'tipo_completo'}}], 'Values': [[{'Literal': {'Value': ""'ALM_LOG'""}}], [{'Literal': {'Value': ""'ALMACEN'""}}], [{'Literal': {'Value': ""'SUBALMACEN'""}}], [{'Literal': {'Value': ""'X'""}}]]}}}}}, {'Condition': {'Not': {'Expression': {'Comparison': {'ComparisonKind': 0, 'Left': {'Column': {'Expression': {'SourceRef': {'Source': 'm'}}, 'Property': 'existe_stock'}}, 'Right': {'Literal': {'Value': 'null'}}}}}}}]"
20260516_171034_756694,"[{'Condition': {'Or': {'Left': {'Or': {'Left': {'Contains': {'Left': {'Column': {'Expression': {'SourceRef': {'Source': 'c'}}, 'Property': 'MACROREGION'}}, 'Right': {'Literal': {'Value': ""'NORTE'""}}}}, 'Right': {'Contains': {'Left': {'Column': {'Expression': {'SourceRef': {'Source': 'c'}}, 'Property': 'DISA (CODIGO)'}}, 'Right': {'Literal': {'Value': ""'NORTE'""}}}}}}, 'Right': {'Contains': {'Left': {'Column': {'Expression': {'SourceRef': {'Source': 'c1'}}, 'Property': 'Red'}}, 'Right': {'Literal': {'Value': ""'NORTE'""}}}}}}, 'Annotations': {'PowerBI.MParameterBehavior': 1}}, {'Condition': {'In': {'Expressions': [{'Column': {'Expression': {'SourceRef': {'Source': 'p'}}, 'Property': 'Periodo_variable Campos'}}], 'Values': [[{'Literal': {'Value': ""'''data_historica_dispo12_consumo''[mesano]'""}}]]}}}, {'Condition': {'Comparison': {'ComparisonKind': 0, 'Left': {'Column': {'Expression': {'SourceRef': {'Source': 's'}}, 'Property': 'Switch_4'}}, 'Right': {'Literal': {'Value': '2D'}}}}}, {'Condition': {'Comparison': {'ComparisonKind': 0, 'Left': {'Column': {'Expression': {'SourceRef': {'Source': 's1'}}, 'Property': 'Switch_3'}}, 'Right': {'Literal': {'Value': '2D'}}}}}, {'Condition': {'Comparison': {'ComparisonKind': 0, 'Left': {'Column': {'Expression': {'SourceRef': {'Source': 's2'}}, 'Property': 'Switch_22'}}, 'Right': {'Literal': {'Value': '1D'}}}}}, {'Condition': {'Comparison': {'ComparisonKind': 0, 'Left': {'Column': {'Expression': {'SourceRef': {'Source': 's3'}}, 'Property': 'Switch_21'}}, 'Right': {'Literal': {'Value': '1D'}}}}}, {'Condition': {'Comparison': {'ComparisonKind': 0, 'Left': {'Column': {'Expression': {'SourceRef': {'Source': 's4'}}, 'Property': 'Switch_1'}}, 'Right': {'Literal': {'Value': '1D'}}}}}, {'Condition': {'In': {'Expressions': [{'Column': {'Expression': {'SourceRef': {'Source': 'm'}}, 'Property': 'Cod_nombre2'}}], 'Values': [[{'Literal': {'Value': ""'(04764) METOTREXATO  2.5 mg TABLETA'""}}]]}}}, {'Condition': {'In': {'Expressions': [{'Column': {'Expression': {'SourceRef': {'Source': 'm1'}}, 'Property': 'metricas Campos'}}], 'Values': [[{'Literal': {'Value': ""'''data_historica_dispo12_consumo''[m_consumo]'""}}]]}}}, {'Condition': {'Not': {'Expression': {'In': {'Expressions': [{'Column': {'Expression': {'SourceRef': {'Source': 'm'}}, 'Property': 'separador1.1'}}], 'Values': [[{'Literal': {'Value': 'null'}}]]}}}}}, {'Condition': {'Not': {'Expression': {'In': {'Expressions': [{'Column': {'Expression': {'SourceRef': {'Source': 'c'}}, 'Property': 'DISA'}}], 'Values': [[{'Literal': {'Value': 'null'}}]]}}}}}, {'Condition': {'And': {'Left': {'Not': {'Expression': {'Comparison': {'ComparisonKind': 0, 'Left': {'Column': {'Expression': {'SourceRef': {'Source': 'c1'}}, 'Property': 'DESCRIP'}}, 'Right': {'Literal': {'Value': ""''""}}}}}}, 'Right': {'Not': {'Expression': {'Comparison': {'ComparisonKind': 0, 'Left': {'Column': {'Expression': {'SourceRef': {'Source': 'c1'}}, 'Property': 'DESCRIP'}}, 'Right': {'Literal': {'Value': 'null'}}}}}}}}}, {'Condition': {'Not': {'Expression': {'In': {'Expressions': [{'Column': {'Expression': {'SourceRef': {'Source': 'c1'}}, 'Property': 'tipo_completo'}}], 'Values': [[{'Literal': {'Value': ""'ALM_LOG'""}}], [{'Literal': {'Value': ""'ALMACEN'""}}], [{'Literal': {'Value': ""'SUBALMACEN'""}}], [{'Literal': {'Value': ""'X'""}}]]}}}}}, {'Condition': {'Not': {'Expression': {'Comparison': {'ComparisonKind': 0, 'Left': {'Column': {'Expression': {'SourceRef': {'Source': 'm'}}, 'Property': 'existe_stock'}}, 'Right': {'Literal': {'Value': 'null'}}}}}}}]"
20260516_171047_151304,"[{'Condition': {'In': {'Expressions': [{'Column': {'Expression': {'SourceRef': {'Source': 'p'}}, 'Property': 'Periodo_variable Campos'}}], 'Values': [[{'Literal': {'Value': ""'''data_historica_dispo12_consumo''[mesano]'""}}]]}}}, {'Condition': {'Comparison': {'ComparisonKind': 0, 'Left': {'Column': {'Expression': {'SourceRef': {'Source': 's'}}, 'Property': 'Switch_4'}}, 'Right': {'Literal': {'Value': '2D'}}}}}, {'Condition': {'Comparison': {'ComparisonKind': 0, 'Left': {'Column': {'Expression': {'SourceRef': {'Source': 's1'}}, 'Property': 'Switch_3'}}, 'Right': {'Literal': {'Value': '2D'}}}}}, {'Condition': {'Comparison': {'ComparisonKind': 0, 'Left': {'Column': {'Expression': {'SourceRef': {'Source': 's2'}}, 'Property': 'Switch_22'}}, 'Right': {'Literal': {'Value': '1D'}}}}}, {'Condition': {'Comparison': {'ComparisonKind': 0, 'Left': {'Column': {'Expression': {'SourceRef': {'Source': 's3'}}, 'Property': 'Switch_21'}}, 'Right': {'Literal': {'Value': '1D'}}}}}, {'Condition': {'Comparison': {'ComparisonKind': 0, 'Left': {'Column': {'Expression': {'SourceRef': {'Source': 's4'}}, 'Property': 'Switch_1'}}, 'Right': {'Literal': {'Value': '1D'}}}}}, {'Condition': {'In': {'Expressions': [{'Column': {'Expression': {'SourceRef': {'Source': 'm'}}, 'Property': 'Cod_nombre2'}}], 'Values': [[{'Literal': {'Value': ""'(04764) METOTREXATO  2.5 mg TABLETA'""}}]]}}}, {'Condition': {'In': {'Expressions': [{'Column': {'Expression': {'SourceRef': {'Source': 'c'}}, 'Property': 'MACROREGION'}}], 'Values': [[{'Literal': {'Value': ""'NORTE'""}}]]}}}, {'Condition': {'In': {'Expressions': [{'Column': {'Expression': {'SourceRef': {'Source': 'm1'}}, 'Property': 'metricas Campos'}}], 'Values': [[{'Literal': {'Value': ""'''data_historica_dispo12_consumo''[m_consumo]'""}}]]}}}, {'Condition': {'Not': {'Expression': {'In': {'Expressions': [{'Column': {'Expression': {'SourceRef': {'Source': 'm'}}, 'Property': 'separador1.1'}}], 'Values': [[{'Literal': {'Value': 'null'}}]]}}}}}, {'Condition': {'Not': {'Expression': {'In': {'Expressions': [{'Column': {'Expression': {'SourceRef': {'Source': 'c'}}, 'Property': 'DISA'}}], 'Values': [[{'Literal': {'Value': 'null'}}]]}}}}}, {'Condition': {'And': {'Left': {'Not': {'Expression': {'Comparison': {'ComparisonKind': 0, 'Left': {'Column': {'Expression': {'SourceRef': {'Source': 'c1'}}, 'Property': 'DESCRIP'}}, 'Right': {'Literal': {'Value': ""''""}}}}}}, 'Right': {'Not': {'Expression': {'Comparison': {'ComparisonKind': 0, 'Left': {'Column': {'Expression': {'SourceRef': {'Source': 'c1'}}, 'Property': 'DESCRIP'}}, 'Right': {'Literal': {'Value': 'null'}}}}}}}}}, {'Condition': {'Not': {'Expression': {'In': {'Expressions': [{'Column': {'Expression': {'SourceRef': {'Source': 'c1'}}, 'Property': 'tipo_completo'}}], 'Values': [[{'Literal': {'Value': ""'ALM_LOG'""}}], [{'Literal': {'Value': ""'ALMACEN'""}}], [{'Literal': {'Value': ""'SUBALMACEN'""}}], [{'Literal': {'Value': ""'X'""}}]]}}}}}, {'Condition': {'Not': {'Expression': {'Comparison': {'ComparisonKind': 0, 'Left': {'Column': {'Expression': {'SourceRef': {'Source': 'm'}}, 'Property': 'existe_stock'}}, 'Right': {'Literal': {'Value': 'null'}}}}}}}]"
20260516_171047_151304,"[{'Condition': {'In': {'Expressions': [{'Column': {'Expression': {'SourceRef': {'Source': 'p'}}, 'Property': 'Periodo_variable Campos'}}], 'Values': [[{'Literal': {'Value': ""'''data_historica_dispo12_consumo''[mesano]'""}}]]}}}, {'Condition': {'Comparison': {'ComparisonKind': 0, 'Left': {'Column': {'Expression': {'SourceRef': {'Source': 's'}}, 'Property': 'Switch_4'}}, 'Right': {'Literal': {'Value': '2D'}}}}}, {'Condition': {'Comparison': {'ComparisonKind': 0, 'Left': {'Column': {'Expression': {'SourceRef': {'Source': 's1'}}, 'Property': 'Switch_3'}}, 'Right': {'Literal': {'Value': '2D'}}}}}, {'Condition': {'Comparison': {'ComparisonKind': 0, 'Left': {'Column': {'Expression': {'SourceRef': {'Source': 's2'}}, 'Property': 'Switch_22'}}, 'Right': {'Literal': {'Value': '1D'}}}}}, {'Condition': {'Comparison': {'ComparisonKind': 0, 'Left': {'Column': {'Expression': {'SourceRef': {'Source': 's3'}}, 'Property': 'Switch_21'}}, 'Right': {'Literal': {'Value': '1D'}}}}}, {'Condition': {'Comparison': {'ComparisonKind': 0, 'Left': {'Column': {'Expression': {'SourceRef': {'Source': 's4'}}, 'Property': 'Switch_1'}}, 'Right': {'Literal': {'Value': '1D'}}}}}, {'Condition': {'In': {'Expressions': [{'Column': {'Expression': {'SourceRef': {'Source': 'm'}}, 'Property': 'Cod_nombre2'}}], 'Values': [[{'Literal': {'Value': ""'(04764) METOTREXATO  2.5 mg TABLETA'""}}]]}}}, {'Condition': {'In': {'Expressions': [{'Column': {'Expression': {'SourceRef': {'Source': 'c1'}}, 'Property': 'MACROREGION'}}], 'Values': [[{'Literal': {'Value': ""'NORTE'""}}]]}}}, {'Condition': {'In': {'Expressions': [{'Column': {'Expression': {'SourceRef': {'Source': 'm1'}}, 'Property': 'metricas Campos'}}], 'Values': [[{'Literal': {'Value': ""'''data_historica_dispo12_consumo''[m_consumo]'""}}]]}}}, {'Condition': {'Not': {'Expression': {'In': {'Expressions': [{'Column': {'Expression': {'SourceRef': {'Source': 'm'}}, 'Property': 'separador1.1'}}], 'Values': [[{'Literal': {'Value': 'null'}}]]}}}}}, {'Condition': {'Not': {'Expression': {'In': {'Expressions': [{'Column': {'Expression': {'SourceRef': {'Source': 'c1'}}, 'Property': 'DISA'}}], 'Values': [[{'Literal': {'Value': 'null'}}]]}}}}}, {'Condition': {'And': {'Left': {'Not': {'Expression': {'Comparison': {'ComparisonKind': 0, 'Left': {'Column': {'Expression': {'SourceRef': {'Source': 'c'}}, 'Property': 'DESCRIP'}}, 'Right': {'Literal': {'Value': ""''""}}}}}}, 'Right': {'Not': {'Expression': {'Comparison': {'ComparisonKind': 0, 'Left': {'Column': {'Expression': {'SourceRef': {'Source': 'c'}}, 'Property': 'DESCRIP'}}, 'Right': {'Literal': {'Value': 'null'}}}}}}}}}, {'Condition': {'Not': {'Expression': {'In': {'Expressions': [{'Column': {'Expression': {'SourceRef': {'Source': 'c'}}, 'Property': 'tipo_completo'}}], 'Values': [[{'Literal': {'Value': ""'ALM_LOG'""}}], [{'Literal': {'Value': ""'ALMACEN'""}}], [{'Literal': {'Value': ""'SUBALMACEN'""}}], [{'Literal': {'Value': ""'X'""}}]]}}}}}, {'Condition': {'Not': {'Expression': {'Comparison': {'ComparisonKind': 0, 'Left': {'Column': {'Expression': {'SourceRef': {'Source': 'm'}}, 'Property': 'existe_stock'}}, 'Right': {'Literal': {'Value': 'null'}}}}}}}]"
20260516_171047_151304,"[{'Condition': {'In': {'Expressions': [{'Column': {'Expression': {'SourceRef': {'Source': 'p'}}, 'Property': 'Periodo_variable Campos'}}], 'Values': [[{'Literal': {'Value': ""'''data_historica_dispo12_consumo''[mesano]'""}}]]}}}, {'Condition': {'Comparison': {'ComparisonKind': 0, 'Left': {'Column': {'Expression': {'SourceRef': {'Source': 's'}}, 'Property': 'Switch_4'}}, 'Right': {'Literal': {'Value': '2D'}}}}}, {'Condition': {'Comparison': {'ComparisonKind': 0, 'Left': {'Column': {'Expression': {'SourceRef': {'Source': 's1'}}, 'Property': 'Switch_3'}}, 'Right': {'Literal': {'Value': '2D'}}}}}, {'Condition': {'Comparison': {'ComparisonKind': 0, 'Left': {'Column': {'Expression': {'SourceRef': {'Source': 's2'}}, 'Property': 'Switch_22'}}, 'Right': {'Literal': {'Value': '1D'}}}}}, {'Condition': {'Comparison': {'ComparisonKind': 0, 'Left': {'Column': {'Expression': {'SourceRef': {'Source': 's3'}}, 'Property': 'Switch_21'}}, 'Right': {'Literal': {'Value': '1D'}}}}}, {'Condition': {'Comparison': {'ComparisonKind': 0, 'Left': {'Column': {'Expression': {'SourceRef': {'Source': 's4'}}, 'Property': 'Switch_1'}}, 'Right': {'Literal': {'Value': '1D'}}}}}, {'Condition': {'In': {'Expressions': [{'Column': {'Expression': {'SourceRef': {'Source': 'm'}}, 'Property': 'Cod_nombre2'}}], 'Values': [[{'Literal': {'Value': ""'(04764) METOTREXATO  2.5 mg TABLETA'""}}]]}}}, {'Condition': {'In': {'Expressions': [{'Column': {'Expression': {'SourceRef': {'Source': 'c'}}, 'Property': 'MACROREGION'}}], 'Values': [[{'Literal': {'Value': ""'NORTE'""}}]]}}}, {'Condition': {'In': {'Expressions': [{'Column': {'Expression': {'SourceRef': {'Source': 'm1'}}, 'Property': 'metricas Campos'}}], 'Values': [[{'Literal': {'Value': ""'''data_historica_dispo12_consumo''[m_consumo]'""}}]]}}}, {'Condition': {'Not': {'Expression': {'In': {'Expressions': [{'Column': {'Expression': {'SourceRef': {'Source': 'm'}}, 'Property': 'separador1.1'}}], 'Values': [[{'Literal': {'Value': 'null'}}]]}}}}}, {'Condition': {'Not': {'Expression': {'In': {'Expressions': [{'Column': {'Expression': {'SourceRef': {'Source': 'c'}}, 'Property': 'DISA'}}], 'Values': [[{'Literal': {'Value': 'null'}}]]}}}}}, {'Condition': {'And': {'Left': {'Not': {'Expression': {'Comparison': {'ComparisonKind': 0, 'Left': {'Column': {'Expression': {'SourceRef': {'Source': 'c1'}}, 'Property': 'DESCRIP'}}, 'Right': {'Literal': {'Value': ""''""}}}}}}, 'Right': {'Not': {'Expression': {'Comparison': {'ComparisonKind': 0, 'Left': {'Column': {'Expression': {'SourceRef': {'Source': 'c1'}}, 'Property': 'DESCRIP'}}, 'Right': {'Literal': {'Value': 'null'}}}}}}}}}, {'Condition': {'Not': {'Expression': {'In': {'Expressions': [{'Column': {'Expression': {'SourceRef': {'Source': 'c1'}}, 'Property': 'tipo_completo'}}], 'Values': [[{'Literal': {'Value': ""'ALM_LOG'""}}], [{'Literal': {'Value': ""'ALMACEN'""}}], [{'Literal': {'Value': ""'SUBALMACEN'""}}], [{'Literal': {'Value': ""'X'""}}]]}}}}}, {'Condition': {'Not': {'Expression': {'Comparison': {'ComparisonKind': 0, 'Left': {'Column': {'Expression': {'SourceRef': {'Source': 'm'}}, 'Property': 'existe_stock'}}, 'Right': {'Literal': {'Value': 'null'}}}}}}}]"
20260516_171047_158173,"[{'Condition': {'Comparison': {'ComparisonKind': 0, 'Left': {'Column': {'Expression': {'SourceRef': {'Source': 's'}}, 'Property': 'Switch_4'}}, 'Right': {'Literal': {'Value': '2D'}}}}}, {'Condition': {'Comparison': {'ComparisonKind': 0, 'Left': {'Column': {'Expression': {'SourceRef': {'Source': 's1'}}, 'Property': 'Switch_3'}}, 'Right': {'Literal': {'Value': '2D'}}}}}, {'Condition': {'Comparison': {'ComparisonKind': 0, 'Left': {'Column': {'Expression': {'SourceRef': {'Source': 's2'}}, 'Property': 'Switch_22'}}, 'Right': {'Literal': {'Value': '1D'}}}}}, {'Condition': {'Comparison': {'ComparisonKind': 0, 'Left': {'Column': {'Expression': {'SourceRef': {'Source': 's3'}}, 'Property': 'Switch_21'}}, 'Right': {'Literal': {'Value': '1D'}}}}}, {'Condition': {'Comparison': {'ComparisonKind': 0, 'Left': {'Column': {'Expression': {'SourceRef': {'Source': 's4'}}, 'Property': 'Switch_1'}}, 'Right': {'Literal': {'Value': '1D'}}}}}, {'Condition': {'In': {'Expressions': [{'Column': {'Expression': {'SourceRef': {'Source': 'm'}}, 'Property': 'Cod_nombre2'}}], 'Values': [[{'Literal': {'Value': ""'(04764) METOTREXATO  2.5 mg TABLETA'""}}]]}}}, {'Condition': {'In': {'Expressions': [{'Column': {'Expression': {'SourceRef': {'Source': 'c'}}, 'Property': 'MACROREGION'}}], 'Values': [[{'Literal': {'Value': ""'NORTE'""}}]]}}}, {'Condition': {'In': {'Expressions': [{'Column': {'Expression': {'SourceRef': {'Source': 'm1'}}, 'Property': 'metricas Campos'}}], 'Values': [[{'Literal': {'Value': ""'''data_historica_dispo12_consumo''[m_consumo]'""}}]]}}}, {'Condition': {'Not': {'Expression': {'In': {'Expressions': [{'Column': {'Expression': {'SourceRef': {'Source': 'm'}}, 'Property': 'separador1.1'}}], 'Values': [[{'Literal': {'Value': 'null'}}]]}}}}}, {'Condition': {'Not': {'Expression': {'In': {'Expressions': [{'Column': {'Expression': {'SourceRef': {'Source': 'c'}}, 'Property': 'DISA'}}], 'Values': [[{'Literal': {'Value': 'null'}}]]}}}}}, {'Condition': {'And': {'Left': {'Not': {'Expression': {'Comparison': {'ComparisonKind': 0, 'Left': {'Column': {'Expression': {'SourceRef': {'Source': 'c1'}}, 'Property': 'DESCRIP'}}, 'Right': {'Literal': {'Value': ""''""}}}}}}, 'Right': {'Not': {'Expression': {'Comparison': {'ComparisonKind': 0, 'Left': {'Column': {'Expression': {'SourceRef': {'Source': 'c1'}}, 'Property': 'DESCRIP'}}, 'Right': {'Literal': {'Value': 'null'}}}}}}}}}, {'Condition': {'Not': {'Expression': {'In': {'Expressions': [{'Column': {'Expression': {'SourceRef': {'Source': 'c1'}}, 'Property': 'tipo_completo'}}], 'Values': [[{'Literal': {'Value': ""'ALM_LOG'""}}], [{'Literal': {'Value': ""'ALMACEN'""}}], [{'Literal': {'Value': ""'SUBALMACEN'""}}], [{'Literal': {'Value': ""'X'""}}]]}}}}}, {'Condition': {'Not': {'Expression': {'Comparison': {'ComparisonKind': 0, 'Left': {'Column': {'Expression': {'SourceRef': {'Source': 'm'}}, 'Property': 'existe_stock'}}, 'Right': {'Literal': {'Value': 'null'}}}}}}}]"
20260516_171047_158173,"[{'Condition': {'In': {'Expressions': [{'Column': {'Expression': {'SourceRef': {'Source': 'p'}}, 'Property': 'Periodo_variable Campos'}}], 'Values': [[{'Literal': {'Value': ""'''data_historica_dispo12_consumo''[mesano]'""}}]]}}}, {'Condition': {'Comparison': {'ComparisonKind': 0, 'Left': {'Column': {'Expression': {'SourceRef': {'Source': 's'}}, 'Property': 'Switch_4'}}, 'Right': {'Literal': {'Value': '2D'}}}}}, {'Condition': {'Comparison': {'ComparisonKind': 0, 'Left': {'Column': {'Expression': {'SourceRef': {'Source': 's1'}}, 'Property': 'Switch_3'}}, 'Right': {'Literal': {'Value': '2D'}}}}}, {'Condition': {'Comparison': {'ComparisonKind': 0, 'Left': {'Column': {'Expression': {'SourceRef': {'Source': 's2'}}, 'Property': 'Switch_22'}}, 'Right': {'Literal': {'Value': '1D'}}}}}, {'Condition': {'Comparison': {'ComparisonKind': 0, 'Left': {'Column': {'Expression': {'SourceRef': {'Source': 's3'}}, 'Property': 'Switch_21'}}, 'Right': {'Literal': {'Value': '1D'}}}}}, {'Condition': {'Comparison': {'ComparisonKind': 0, 'Left': {'Column': {'Expression': {'SourceRef': {'Source': 's4'}}, 'Property': 'Switch_1'}}, 'Right': {'Literal': {'Value': '1D'}}}}}, {'Condition': {'In': {'Expressions': [{'Column': {'Expression': {'SourceRef': {'Source': 'm'}}, 'Property': 'Cod_nombre2'}}], 'Values': [[{'Literal': {'Value': ""'(04764) METOTREXATO  2.5 mg TABLETA'""}}]]}}}, {'Condition': {'In': {'Expressions': [{'Column': {'Expression': {'SourceRef': {'Source': 'c'}}, 'Property': 'MACROREGION'}}], 'Values': [[{'Literal': {'Value': ""'NORTE'""}}]]}}}, {'Condition': {'In': {'Expressions': [{'Column': {'Expression': {'SourceRef': {'Source': 'm1'}}, 'Property': 'metricas Campos'}}], 'Values': [[{'Literal': {'Value': ""'''data_historica_dispo12_consumo''[m_consumo]'""}}]]}}}, {'Condition': {'Not': {'Expression': {'In': {'Expressions': [{'Column': {'Expression': {'SourceRef': {'Source': 'm'}}, 'Property': 'separador1.1'}}], 'Values': [[{'Literal': {'Value': 'null'}}]]}}}}}, {'Condition': {'Not': {'Expression': {'In': {'Expressions': [{'Column': {'Expression': {'SourceRef': {'Source': 'c'}}, 'Property': 'DISA'}}], 'Values': [[{'Literal': {'Value': 'null'}}]]}}}}}, {'Condition': {'And': {'Left': {'Not': {'Expression': {'Comparison': {'ComparisonKind': 0, 'Left': {'Column': {'Expression': {'SourceRef': {'Source': 'c1'}}, 'Property': 'DESCRIP'}}, 'Right': {'Literal': {'Value': ""''""}}}}}}, 'Right': {'Not': {'Expression': {'Comparison': {'ComparisonKind': 0, 'Left': {'Column': {'Expression': {'SourceRef': {'Source': 'c1'}}, 'Property': 'DESCRIP'}}, 'Right': {'Literal': {'Value': 'null'}}}}}}}}}, {'Condition': {'Not': {'Expression': {'In': {'Expressions': [{'Column': {'Expression': {'SourceRef': {'Source': 'c1'}}, 'Property': 'tipo_completo'}}], 'Values': [[{'Literal': {'Value': ""'ALM_LOG'""}}], [{'Literal': {'Value': ""'ALMACEN'""}}], [{'Literal': {'Value': ""'SUBALMACEN'""}}], [{'Literal': {'Value': ""'X'""}}]]}}}}}, {'Condition': {'Not': {'Expression': {'Comparison': {'ComparisonKind': 0, 'Left': {'Column': {'Expression': {'SourceRef': {'Source': 'm'}}, 'Property': 'existe_stock'}}, 'Right': {'Literal': {'Value': 'null'}}}}}}}]"
20260516_171049_252184,"[{'Condition': {'In': {'Expressions': [{'Column': {'Expression': {'SourceRef': {'Source': 'p'}}, 'Property': 'Periodo_variable Campos'}}], 'Values': [[{'Literal': {'Value': ""'''data_historica_dispo12_consumo''[mesano]'""}}]]}}}, {'Condition': {'Comparison': {'ComparisonKind': 0, 'Left': {'Column': {'Expression': {'SourceRef': {'Source': 's'}}, 'Property': 'Switch_4'}}, 'Right': {'Literal': {'Value': '2D'}}}}}, {'Condition': {'Comparison': {'ComparisonKind': 0, 'Left': {'Column': {'Expression': {'SourceRef': {'Source': 's1'}}, 'Property': 'Switch_3'}}, 'Right': {'Literal': {'Value': '2D'}}}}}, {'Condition': {'Comparison': {'ComparisonKind': 0, 'Left': {'Column': {'Expression': {'SourceRef': {'Source': 's2'}}, 'Property': 'Switch_22'}}, 'Right': {'Literal': {'Value': '1D'}}}}}, {'Condition': {'Comparison': {'ComparisonKind': 0, 'Left': {'Column': {'Expression': {'SourceRef': {'Source': 's3'}}, 'Property': 'Switch_21'}}, 'Right': {'Literal': {'Value': '1D'}}}}}, {'Condition': {'Comparison': {'ComparisonKind': 0, 'Left': {'Column': {'Expression': {'SourceRef': {'Source': 's4'}}, 'Property': 'Switch_1'}}, 'Right': {'Literal': {'Value': '1D'}}}}}, {'Condition': {'In': {'Expressions': [{'Column': {'Expression': {'SourceRef': {'Source': 'm'}}, 'Property': 'Cod_nombre2'}}], 'Values': [[{'Literal': {'Value': ""'(04764) METOTREXATO  2.5 mg TABLETA'""}}]]}}}, {'Condition': {'In': {'Expressions': [{'Column': {'Expression': {'SourceRef': {'Source': 'c1'}}, 'Property': 'MACROREGION'}}], 'Values': [[{'Literal': {'Value': ""'NORTE'""}}]]}}}, {'Condition': {'In': {'Expressions': [{'Column': {'Expression': {'SourceRef': {'Source': 'm1'}}, 'Property': 'metricas Campos'}}], 'Values': [[{'Literal': {'Value': ""'''data_historica_dispo12_consumo''[m_consumo]'""}}]]}}}, {'Condition': {'Not': {'Expression': {'In': {'Expressions': [{'Column': {'Expression': {'SourceRef': {'Source': 'm'}}, 'Property': 'separador1.1'}}], 'Values': [[{'Literal': {'Value': 'null'}}]]}}}}}, {'Condition': {'Not': {'Expression': {'In': {'Expressions': [{'Column': {'Expression': {'SourceRef': {'Source': 'c1'}}, 'Property': 'DISA'}}], 'Values': [[{'Literal': {'Value': 'null'}}]]}}}}}, {'Condition': {'And': {'Left': {'Not': {'Expression': {'Comparison': {'ComparisonKind': 0, 'Left': {'Column': {'Expression': {'SourceRef': {'Source': 'c'}}, 'Property': 'DESCRIP'}}, 'Right': {'Literal': {'Value': ""''""}}}}}}, 'Right': {'Not': {'Expression': {'Comparison': {'ComparisonKind': 0, 'Left': {'Column': {'Expression': {'SourceRef': {'Source': 'c'}}, 'Property': 'DESCRIP'}}, 'Right': {'Literal': {'Value': 'null'}}}}}}}}}, {'Condition': {'Not': {'Expression': {'In': {'Expressions': [{'Column': {'Expression': {'SourceRef': {'Source': 'c'}}, 'Property': 'tipo_completo'}}], 'Values': [[{'Literal': {'Value': ""'ALM_LOG'""}}], [{'Literal': {'Value': ""'ALMACEN'""}}], [{'Literal': {'Value': ""'SUBALMACEN'""}}], [{'Literal': {'Value': ""'X'""}}]]}}}}}, {'Condition': {'Not': {'Expression': {'Comparison': {'ComparisonKind': 0, 'Left': {'Column': {'Expression': {'SourceRef': {'Source': 'm'}}, 'Property': 'existe_stock'}}, 'Right': {'Literal': {'Value': 'null'}}}}}}}]"
20260516_171059_269746,"[{'Condition': {'In': {'Expressions': [{'Column': {'Expression': {'SourceRef': {'Source': 'p'}}, 'Property': 'Periodo_variable Campos'}}], 'Values': [[{'Literal': {'Value': ""'''data_historica_dispo12_consumo''[mesano]'""}}]]}}}, {'Condition': {'Comparison': {'ComparisonKind': 0, 'Left': {'Column': {'Expression': {'SourceRef': {'Source': 's'}}, 'Property': 'Switch_4'}}, 'Right': {'Literal': {'Value': '2D'}}}}}, {'Condition': {'Comparison': {'ComparisonKind': 0, 'Left': {'Column': {'Expression': {'SourceRef': {'Source': 's1'}}, 'Property': 'Switch_3'}}, 'Right': {'Literal': {'Value': '2D'}}}}}, {'Condition': {'Comparison': {'ComparisonKind': 0, 'Left': {'Column': {'Expression': {'SourceRef': {'Source': 's2'}}, 'Property': 'Switch_22'}}, 'Right': {'Literal': {'Value': '1D'}}}}}, {'Condition': {'Comparison': {'ComparisonKind': 0, 'Left': {'Column': {'Expression': {'SourceRef': {'Source': 's3'}}, 'Property': 'Switch_21'}}, 'Right': {'Literal': {'Value': '1D'}}}}}, {'Condition': {'Comparison': {'ComparisonKind': 0, 'Left': {'Column': {'Expression': {'SourceRef': {'Source': 's4'}}, 'Property': 'Switch_1'}}, 'Right': {'Literal': {'Value': '1D'}}}}}, {'Condition': {'In': {'Expressions': [{'Column': {'Expression': {'SourceRef': {'Source': 'm'}}, 'Property': 'Cod_nombre2'}}], 'Values': [[{'Literal': {'Value': ""'(04764) METOTREXATO  2.5 mg TABLETA'""}}]]}}}, {'Condition': {'In': {'Expressions': [{'Column': {'Expression': {'SourceRef': {'Source': 'c'}}, 'Property': 'MACROREGION'}}], 'Values': [[{'Literal': {'Value': ""'NORTE'""}}]]}}}, {'Condition': {'In': {'Expressions': [{'Column': {'Expression': {'SourceRef': {'Source': 'm1'}}, 'Property': 'metricas Campos'}}], 'Values': [[{'Literal': {'Value': ""'''data_historica_dispo12_consumo''[m_consumo]'""}}]]}}}, {'Condition': {'Not': {'Expression': {'In': {'Expressions': [{'Column': {'Expression': {'SourceRef': {'Source': 'm'}}, 'Property': 'separador1.1'}}], 'Values': [[{'Literal': {'Value': 'null'}}]]}}}}}, {'Condition': {'Not': {'Expression': {'In': {'Expressions': [{'Column': {'Expression': {'SourceRef': {'Source': 'c'}}, 'Property': 'DISA'}}], 'Values': [[{'Literal': {'Value': 'null'}}]]}}}}}, {'Condition': {'And': {'Left': {'Not': {'Expression': {'Comparison': {'ComparisonKind': 0, 'Left': {'Column': {'Expression': {'SourceRef': {'Source': 'c1'}}, 'Property': 'DESCRIP'}}, 'Right': {'Literal': {'Value': ""''""}}}}}}, 'Right': {'Not': {'Expression': {'Comparison': {'ComparisonKind': 0, 'Left': {'Column': {'Expression': {'SourceRef': {'Source': 'c1'}}, 'Property': 'DESCRIP'}}, 'Right': {'Literal': {'Value': 'null'}}}}}}}}}, {'Condition': {'Not': {'Expression': {'In': {'Expressions': [{'Column': {'Expression': {'SourceRef': {'Source': 'c1'}}, 'Property': 'tipo_completo'}}], 'Values': [[{'Literal': {'Value': ""'ALM_LOG'""}}], [{'Literal': {'Value': ""'ALMACEN'""}}], [{'Literal': {'Value': ""'SUBALMACEN'""}}], [{'Literal': {'Value': ""'X'""}}]]}}}}}, {'Condition': {'Not': {'Expression': {'Comparison': {'ComparisonKind': 0, 'Left': {'Column': {'Expression': {'SourceRef': {'Source': 'm'}}, 'Property': 'existe_stock'}}, 'Right': {'Literal': {'Value': 'null'}}}}}}}]"
20260516_171134_934622,"[{'Condition': {'In': {'Expressions': [{'Column': {'Expression': {'SourceRef': {'Source': 'p'}}, 'Property': 'Periodo_variable Campos'}}], 'Values': [[{'Literal': {'Value': ""'''data_historica_dispo12_consumo''[mesano]'""}}]]}}}, {'Condition': {'Comparison': {'ComparisonKind': 0, 'Left': {'Column': {'Expression': {'SourceRef': {'Source': 's'}}, 'Property': 'Switch_4'}}, 'Right': {'Literal': {'Value': '2D'}}}}}, {'Condition': {'Comparison': {'ComparisonKind': 0, 'Left': {'Column': {'Expression': {'SourceRef': {'Source': 's1'}}, 'Property': 'Switch_3'}}, 'Right': {'Literal': {'Value': '2D'}}}}}, {'Condition': {'Comparison': {'ComparisonKind': 0, 'Left': {'Column': {'Expression': {'SourceRef': {'Source': 's2'}}, 'Property': 'Switch_22'}}, 'Right': {'Literal': {'Value': '1D'}}}}}, {'Condition': {'Comparison': {'ComparisonKind': 0, 'Left': {'Column': {'Expression': {'SourceRef': {'Source': 's3'}}, 'Property': 'Switch_21'}}, 'Right': {'Literal': {'Value': '1D'}}}}}, {'Condition': {'Comparison': {'ComparisonKind': 0, 'Left': {'Column': {'Expression': {'SourceRef': {'Source': 's4'}}, 'Property': 'Switch_1'}}, 'Right': {'Literal': {'Value': '1D'}}}}}, {'Condition': {'In': {'Expressions': [{'Column': {'Expression': {'SourceRef': {'Source': 'm'}}, 'Property': 'Cod_nombre2'}}], 'Values': [[{'Literal': {'Value': ""'(04764) METOTREXATO  2.5 mg TABLETA'""}}]]}}}, {'Condition': {'In': {'Expressions': [{'Column': {'Expression': {'SourceRef': {'Source': 'c'}}, 'Property': 'MACROREGION'}}], 'Values': [[{'Literal': {'Value': ""'NORTE'""}}]]}}}, {'Condition': {'In': {'Expressions': [{'Column': {'Expression': {'SourceRef': {'Source': 'm1'}}, 'Property': 'metricas Campos'}}], 'Values': [[{'Literal': {'Value': ""'''data_historica_dispo12_consumo''[m_consumo]'""}}]]}}}, {'Condition': {'In': {'Expressions': [{'Column': {'Expression': {'SourceRef': {'Source': 'd'}}, 'Property': 'codigo_med'}}, {'Column': {'Expression': {'SourceRef': {'Source': 'd'}}, 'Property': 'tipsum'}}, {'Column': {'Expression': {'SourceRef': {'Source': 'm'}}, 'Property': 'Cod_nombre'}}, {'Column': {'Expression': {'SourceRef': {'Source': 'c1'}}, 'Property': 'tipo_completo'}}, {'Column': {'Expression': {'SourceRef': {'Source': 'd'}}, 'Property': 'mesano'}}], 'Values': [[{'Literal': {'Value': ""'04764'""}}, {'Literal': {'Value': ""'S'""}}, {'Literal': {'Value': ""'METOTREXATO  2.5 mg TABLETA'""}}, {'Literal': {'Value': ""'CENTRO'""}}, {'Literal': {'Value': ""'202203'""}}]]}}}, {'Condition': {'Not': {'Expression': {'In': {'Expressions': [{'Column': {'Expression': {'SourceRef': {'Source': 'm'}}, 'Property': 'separador1.1'}}], 'Values': [[{'Literal': {'Value': 'null'}}]]}}}}}, {'Condition': {'Not': {'Expression': {'In': {'Expressions': [{'Column': {'Expression': {'SourceRef': {'Source': 'c'}}, 'Property': 'DISA'}}], 'Values': [[{'Literal': {'Value': 'null'}}]]}}}}}, {'Condition': {'And': {'Left': {'Not': {'Expression': {'Comparison': {'ComparisonKind': 0, 'Left': {'Column': {'Expression': {'SourceRef': {'Source': 'c1'}}, 'Property': 'DESCRIP'}}, 'Right': {'Literal': {'Value': ""''""}}}}}}, 'Right': {'Not': {'Expression': {'Comparison': {'ComparisonKind': 0, 'Left': {'Column': {'Expression': {'SourceRef': {'Source': 'c1'}}, 'Property': 'DESCRIP'}}, 'Right': {'Literal': {'Value': 'null'}}}}}}}}}, {'Condition': {'Not': {'Expression': {'In': {'Expressions': [{'Column': {'Expression': {'SourceRef': {'Source': 'c1'}}, 'Property': 'tipo_completo'}}], 'Values': [[{'Literal': {'Value': ""'ALM_LOG'""}}], [{'Literal': {'Value': ""'ALMACEN'""}}], [{'Literal': {'Value': ""'SUBALMACEN'""}}], [{'Literal': {'Value': ""'X'""}}]]}}}}}, {'Condition': {'Not': {'Expression': {'Comparison': {'ComparisonKind': 0, 'Left': {'Column': {'Expression': {'SourceRef': {'Source': 'm'}}, 'Property': 'existe_stock'}}, 'Right': {'Literal': {'Value': 'null'}}}}}}}]"
20260516_171134_988050,"[{'Condition': {'In': {'Expressions': [{'Column': {'Expression': {'SourceRef': {'Source': 'p'}}, 'Property': 'Periodo_variable Campos'}}], 'Values': [[{'Literal': {'Value': ""'''data_historica_dispo12_consumo''[mesano]'""}}]]}}}, {'Condition': {'Comparison': {'ComparisonKind': 0, 'Left': {'Column': {'Expression': {'SourceRef': {'Source': 's'}}, 'Property': 'Switch_4'}}, 'Right': {'Literal': {'Value': '2D'}}}}}, {'Condition': {'Comparison': {'ComparisonKind': 0, 'Left': {'Column': {'Expression': {'SourceRef': {'Source': 's1'}}, 'Property': 'Switch_3'}}, 'Right': {'Literal': {'Value': '2D'}}}}}, {'Condition': {'Comparison': {'ComparisonKind': 0, 'Left': {'Column': {'Expression': {'SourceRef': {'Source': 's2'}}, 'Property': 'Switch_22'}}, 'Right': {'Literal': {'Value': '1D'}}}}}, {'Condition': {'Comparison': {'ComparisonKind': 0, 'Left': {'Column': {'Expression': {'SourceRef': {'Source': 's3'}}, 'Property': 'Switch_21'}}, 'Right': {'Literal': {'Value': '1D'}}}}}, {'Condition': {'Comparison': {'ComparisonKind': 0, 'Left': {'Column': {'Expression': {'SourceRef': {'Source': 's4'}}, 'Property': 'Switch_1'}}, 'Right': {'Literal': {'Value': '1D'}}}}}, {'Condition': {'In': {'Expressions': [{'Column': {'Expression': {'SourceRef': {'Source': 'm'}}, 'Property': 'Cod_nombre2'}}], 'Values': [[{'Literal': {'Value': ""'(04764) METOTREXATO  2.5 mg TABLETA'""}}]]}}}, {'Condition': {'In': {'Expressions': [{'Column': {'Expression': {'SourceRef': {'Source': 'c1'}}, 'Property': 'MACROREGION'}}], 'Values': [[{'Literal': {'Value': ""'NORTE'""}}]]}}}, {'Condition': {'In': {'Expressions': [{'Column': {'Expression': {'SourceRef': {'Source': 'm1'}}, 'Property': 'metricas Campos'}}], 'Values': [[{'Literal': {'Value': ""'''data_historica_dispo12_consumo''[m_consumo]'""}}]]}}}, {'Condition': {'Not': {'Expression': {'In': {'Expressions': [{'Column': {'Expression': {'SourceRef': {'Source': 'm'}}, 'Property': 'separador1.1'}}], 'Values': [[{'Literal': {'Value': 'null'}}]]}}}}}, {'Condition': {'Not': {'Expression': {'In': {'Expressions': [{'Column': {'Expression': {'SourceRef': {'Source': 'c1'}}, 'Property': 'DISA'}}], 'Values': [[{'Literal': {'Value': 'null'}}]]}}}}}, {'Condition': {'And': {'Left': {'Not': {'Expression': {'Comparison': {'ComparisonKind': 0, 'Left': {'Column': {'Expression': {'SourceRef': {'Source': 'c'}}, 'Property': 'DESCRIP'}}, 'Right': {'Literal': {'Value': ""''""}}}}}}, 'Right': {'Not': {'Expression': {'Comparison': {'ComparisonKind': 0, 'Left': {'Column': {'Expression': {'SourceRef': {'Source': 'c'}}, 'Property': 'DESCRIP'}}, 'Right': {'Literal': {'Value': 'null'}}}}}}}}}, {'Condition': {'Not': {'Expression': {'In': {'Expressions': [{'Column': {'Expression': {'SourceRef': {'Source': 'c'}}, 'Property': 'tipo_completo'}}], 'Values': [[{'Literal': {'Value': ""'ALM_LOG'""}}], [{'Literal': {'Value': ""'ALMACEN'""}}], [{'Literal': {'Value': ""'SUBALMACEN'""}}], [{'Literal': {'Value': ""'X'""}}]]}}}}}, {'Condition': {'Not': {'Expression': {'Comparison': {'ComparisonKind': 0, 'Left': {'Column': {'Expression': {'SourceRef': {'Source': 'm'}}, 'Property': 'existe_stock'}}, 'Right': {'Literal': {'Value': 'null'}}}}}}}]"
20260516_171134_988050,"[{'Condition': {'In': {'Expressions': [{'Column': {'Expression': {'SourceRef': {'Source': 'd'}}, 'Property': 'codigo_med'}}, {'Column': {'Expression': {'SourceRef': {'Source': 'd'}}, 'Property': 'tipsum'}}, {'Column': {'Expression': {'SourceRef': {'Source': 'm'}}, 'Property': 'Cod_nombre'}}, {'Column': {'Expression': {'SourceRef': {'Source': 'c'}}, 'Property': 'tipo_completo'}}, {'Column': {'Expression': {'SourceRef': {'Source': 'd'}}, 'Property': 'mesano'}}], 'Values': [[{'Literal': {'Value': ""'04764'""}}, {'Literal': {'Value': ""'S'""}}, {'Literal': {'Value': ""'METOTREXATO  2.5 mg TABLETA'""}}, {'Literal': {'Value': ""'CENTRO'""}}, {'Literal': {'Value': ""'202203'""}}]]}}}]"
20260516_171134_992050,"[{'Condition': {'In': {'Expressions': [{'Column': {'Expression': {'SourceRef': {'Source': 'p'}}, 'Property': 'Periodo_variable Campos'}}], 'Values': [[{'Literal': {'Value': ""'''data_historica_dispo12_consumo''[mesano]'""}}]]}}}, {'Condition': {'Comparison': {'ComparisonKind': 0, 'Left': {'Column': {'Expression': {'SourceRef': {'Source': 's'}}, 'Property': 'Switch_4'}}, 'Right': {'Literal': {'Value': '2D'}}}}}, {'Condition': {'Comparison': {'ComparisonKind': 0, 'Left': {'Column': {'Expression': {'SourceRef': {'Source': 's1'}}, 'Property': 'Switch_3'}}, 'Right': {'Literal': {'Value': '2D'}}}}}, {'Condition': {'Comparison': {'ComparisonKind': 0, 'Left': {'Column': {'Expression': {'SourceRef': {'Source': 's2'}}, 'Property': 'Switch_22'}}, 'Right': {'Literal': {'Value': '1D'}}}}}, {'Condition': {'Comparison': {'ComparisonKind': 0, 'Left': {'Column': {'Expression': {'SourceRef': {'Source': 's3'}}, 'Property': 'Switch_21'}}, 'Right': {'Literal': {'Value': '1D'}}}}}, {'Condition': {'Comparison': {'ComparisonKind': 0, 'Left': {'Column': {'Expression': {'SourceRef': {'Source': 's4'}}, 'Property': 'Switch_1'}}, 'Right': {'Literal': {'Value': '1D'}}}}}, {'Condition': {'In': {'Expressions': [{'Column': {'Expression': {'SourceRef': {'Source': 'm'}}, 'Property': 'Cod_nombre2'}}], 'Values': [[{'Literal': {'Value': ""'(04764) METOTREXATO  2.5 mg TABLETA'""}}]]}}}, {'Condition': {'In': {'Expressions': [{'Column': {'Expression': {'SourceRef': {'Source': 'c'}}, 'Property': 'MACROREGION'}}], 'Values': [[{'Literal': {'Value': ""'NORTE'""}}]]}}}, {'Condition': {'In': {'Expressions': [{'Column': {'Expression': {'SourceRef': {'Source': 'm1'}}, 'Property': 'metricas Campos'}}], 'Values': [[{'Literal': {'Value': ""'''data_historica_dispo12_consumo''[m_consumo]'""}}]]}}}, {'Condition': {'In': {'Expressions': [{'Column': {'Expression': {'SourceRef': {'Source': 'd'}}, 'Property': 'codigo_med'}}, {'Column': {'Expression': {'SourceRef': {'Source': 'd'}}, 'Property': 'tipsum'}}, {'Column': {'Expression': {'SourceRef': {'Source': 'm'}}, 'Property': 'Cod_nombre'}}, {'Column': {'Expression': {'SourceRef': {'Source': 'c1'}}, 'Property': 'tipo_completo'}}, {'Column': {'Expression': {'SourceRef': {'Source': 'd'}}, 'Property': 'mesano'}}], 'Values': [[{'Literal': {'Value': ""'04764'""}}, {'Literal': {'Value': ""'S'""}}, {'Literal': {'Value': ""'METOTREXATO  2.5 mg TABLETA'""}}, {'Literal': {'Value': ""'CENTRO'""}}, {'Literal': {'Value': ""'202203'""}}]]}}}, {'Condition': {'Not': {'Expression': {'In': {'Expressions': [{'Column': {'Expression': {'SourceRef': {'Source': 'm'}}, 'Property': 'separador1.1'}}], 'Values': [[{'Literal': {'Value': 'null'}}]]}}}}}, {'Condition': {'Not': {'Expression': {'In': {'Expressions': [{'Column': {'Expression': {'SourceRef': {'Source': 'c'}}, 'Property': 'DISA'}}], 'Values': [[{'Literal': {'Value': 'null'}}]]}}}}}, {'Condition': {'And': {'Left': {'Not': {'Expression': {'Comparison': {'ComparisonKind': 0, 'Left': {'Column': {'Expression': {'SourceRef': {'Source': 'c1'}}, 'Property': 'DESCRIP'}}, 'Right': {'Literal': {'Value': ""''""}}}}}}, 'Right': {'Not': {'Expression': {'Comparison': {'ComparisonKind': 0, 'Left': {'Column': {'Expression': {'SourceRef': {'Source': 'c1'}}, 'Property': 'DESCRIP'}}, 'Right': {'Literal': {'Value': 'null'}}}}}}}}}, {'Condition': {'Not': {'Expression': {'In': {'Expressions': [{'Column': {'Expression': {'SourceRef': {'Source': 'c1'}}, 'Property': 'tipo_completo'}}], 'Values': [[{'Literal': {'Value': ""'ALM_LOG'""}}], [{'Literal': {'Value': ""'ALMACEN'""}}], [{'Literal': {'Value': ""'SUBALMACEN'""}}], [{'Literal': {'Value': ""'X'""}}]]}}}}}, {'Condition': {'Not': {'Expression': {'Comparison': {'ComparisonKind': 0, 'Left': {'Column': {'Expression': {'SourceRef': {'Source': 'm'}}, 'Property': 'existe_stock'}}, 'Right': {'Literal': {'Value': 'null'}}}}}}}]"
20260516_171135_093427,"[{'Condition': {'In': {'Expressions': [{'Column': {'Expression': {'SourceRef': {'Source': 'p'}}, 'Property': 'Periodo_variable Campos'}}], 'Values': [[{'Literal': {'Value': ""'''data_historica_dispo12_consumo''[mesano]'""}}]]}}}, {'Condition': {'Comparison': {'ComparisonKind': 0, 'Left': {'Column': {'Expression': {'SourceRef': {'Source': 's'}}, 'Property': 'Switch_4'}}, 'Right': {'Literal': {'Value': '2D'}}}}}, {'Condition': {'Comparison': {'ComparisonKind': 0, 'Left': {'Column': {'Expression': {'SourceRef': {'Source': 's1'}}, 'Property': 'Switch_3'}}, 'Right': {'Literal': {'Value': '2D'}}}}}, {'Condition': {'Comparison': {'ComparisonKind': 0, 'Left': {'Column': {'Expression': {'SourceRef': {'Source': 's2'}}, 'Property': 'Switch_22'}}, 'Right': {'Literal': {'Value': '1D'}}}}}, {'Condition': {'Comparison': {'ComparisonKind': 0, 'Left': {'Column': {'Expression': {'SourceRef': {'Source': 's3'}}, 'Property': 'Switch_21'}}, 'Right': {'Literal': {'Value': '1D'}}}}}, {'Condition': {'Comparison': {'ComparisonKind': 0, 'Left': {'Column': {'Expression': {'SourceRef': {'Source': 's4'}}, 'Property': 'Switch_1'}}, 'Right': {'Literal': {'Value': '1D'}}}}}, {'Condition': {'In': {'Expressions': [{'Column': {'Expression': {'SourceRef': {'Source': 'm'}}, 'Property': 'Cod_nombre2'}}], 'Values': [[{'Literal': {'Value': ""'(04764) METOTREXATO  2.5 mg TABLETA'""}}]]}}}, {'Condition': {'In': {'Expressions': [{'Column': {'Expression': {'SourceRef': {'Source': 'c'}}, 'Property': 'MACROREGION'}}], 'Values': [[{'Literal': {'Value': ""'NORTE'""}}]]}}}, {'Condition': {'In': {'Expressions': [{'Column': {'Expression': {'SourceRef': {'Source': 'm1'}}, 'Property': 'metricas Campos'}}], 'Values': [[{'Literal': {'Value': ""'''data_historica_dispo12_consumo''[m_consumo]'""}}]]}}}, {'Condition': {'Not': {'Expression': {'In': {'Expressions': [{'Column': {'Expression': {'SourceRef': {'Source': 'm'}}, 'Property': 'separador1.1'}}], 'Values': [[{'Literal': {'Value': 'null'}}]]}}}}}, {'Condition': {'Not': {'Expression': {'In': {'Expressions': [{'Column': {'Expression': {'SourceRef': {'Source': 'c'}}, 'Property': 'DISA'}}], 'Values': [[{'Literal': {'Value': 'null'}}]]}}}}}, {'Condition': {'And': {'Left': {'Not': {'Expression': {'Comparison': {'ComparisonKind': 0, 'Left': {'Column': {'Expression': {'SourceRef': {'Source': 'c1'}}, 'Property': 'DESCRIP'}}, 'Right': {'Literal': {'Value': ""''""}}}}}}, 'Right': {'Not': {'Expression': {'Comparison': {'ComparisonKind': 0, 'Left': {'Column': {'Expression': {'SourceRef': {'Source': 'c1'}}, 'Property': 'DESCRIP'}}, 'Right': {'Literal': {'Value': 'null'}}}}}}}}}, {'Condition': {'Not': {'Expression': {'In': {'Expressions': [{'Column': {'Expression': {'SourceRef': {'Source': 'c1'}}, 'Property': 'tipo_completo'}}], 'Values': [[{'Literal': {'Value': ""'ALM_LOG'""}}], [{'Literal': {'Value': ""'ALMACEN'""}}], [{'Literal': {'Value': ""'SUBALMACEN'""}}], [{'Literal': {'Value': ""'X'""}}]]}}}}}, {'Condition': {'Not': {'Expression': {'Comparison': {'ComparisonKind': 0, 'Left': {'Column': {'Expression': {'SourceRef': {'Source': 'm'}}, 'Property': 'existe_stock'}}, 'Right': {'Literal': {'Value': 'null'}}}}}}}]"
20260516_171135_093427,"[{'Condition': {'In': {'Expressions': [{'Column': {'Expression': {'SourceRef': {'Source': 'd'}}, 'Property': 'codigo_med'}}, {'Column': {'Expression': {'SourceRef': {'Source': 'd'}}, 'Property': 'tipsum'}}, {'Column': {'Expression': {'SourceRef': {'Source': 'm'}}, 'Property': 'Cod_nombre'}}, {'Column': {'Expression': {'SourceRef': {'Source': 'c'}}, 'Property': 'tipo_completo'}}, {'Column': {'Expression': {'SourceRef': {'Source': 'd'}}, 'Property': 'mesano'}}], 'Values': [[{'Literal': {'Value': ""'04764'""}}, {'Literal': {'Value': ""'S'""}}, {'Literal': {'Value': ""'METOTREXATO  2.5 mg TABLETA'""}}, {'Literal': {'Value': ""'CENTRO'""}}, {'Literal': {'Value': ""'202203'""}}]]}}}]"
20260516_171135_155250,"[{'Condition': {'Comparison': {'ComparisonKind': 0, 'Left': {'Column': {'Expression': {'SourceRef': {'Source': 's'}}, 'Property': 'Switch_4'}}, 'Right': {'Literal': {'Value': '2D'}}}}}, {'Condition': {'Comparison': {'ComparisonKind': 0, 'Left': {'Column': {'Expression': {'SourceRef': {'Source': 's1'}}, 'Property': 'Switch_3'}}, 'Right': {'Literal': {'Value': '2D'}}}}}, {'Condition': {'Comparison': {'ComparisonKind': 0, 'Left': {'Column': {'Expression': {'SourceRef': {'Source': 's2'}}, 'Property': 'Switch_22'}}, 'Right': {'Literal': {'Value': '1D'}}}}}, {'Condition': {'Comparison': {'ComparisonKind': 0, 'Left': {'Column': {'Expression': {'SourceRef': {'Source': 's3'}}, 'Property': 'Switch_21'}}, 'Right': {'Literal': {'Value': '1D'}}}}}, {'Condition': {'Comparison': {'ComparisonKind': 0, 'Left': {'Column': {'Expression': {'SourceRef': {'Source': 's4'}}, 'Property': 'Switch_1'}}, 'Right': {'Literal': {'Value': '1D'}}}}}, {'Condition': {'In': {'Expressions': [{'Column': {'Expression': {'SourceRef': {'Source': 'm'}}, 'Property': 'Cod_nombre2'}}], 'Values': [[{'Literal': {'Value': ""'(04764) METOTREXATO  2.5 mg TABLETA'""}}]]}}}, {'Condition': {'In': {'Expressions': [{'Column': {'Expression': {'SourceRef': {'Source': 'c'}}, 'Property': 'MACROREGION'}}], 'Values': [[{'Literal': {'Value': ""'NORTE'""}}]]}}}, {'Condition': {'In': {'Expressions': [{'Column': {'Expression': {'SourceRef': {'Source': 'm1'}}, 'Property': 'metricas Campos'}}], 'Values': [[{'Literal': {'Value': ""'''data_historica_dispo12_consumo''[m_consumo]'""}}]]}}}, {'Condition': {'In': {'Expressions': [{'Column': {'Expression': {'SourceRef': {'Source': 'd'}}, 'Property': 'codigo_med'}}, {'Column': {'Expression': {'SourceRef': {'Source': 'd'}}, 'Property': 'tipsum'}}, {'Column': {'Expression': {'SourceRef': {'Source': 'm'}}, 'Property': 'Cod_nombre'}}, {'Column': {'Expression': {'SourceRef': {'Source': 'c1'}}, 'Property': 'tipo_completo'}}, {'Column': {'Expression': {'SourceRef': {'Source': 'd'}}, 'Property': 'mesano'}}], 'Values': [[{'Literal': {'Value': ""'04764'""}}, {'Literal': {'Value': ""'S'""}}, {'Literal': {'Value': ""'METOTREXATO  2.5 mg TABLETA'""}}, {'Literal': {'Value': ""'CENTRO'""}}, {'Literal': {'Value': ""'202203'""}}]]}}}, {'Condition': {'Not': {'Expression': {'In': {'Expressions': [{'Column': {'Expression': {'SourceRef': {'Source': 'm'}}, 'Property': 'separador1.1'}}], 'Values': [[{'Literal': {'Value': 'null'}}]]}}}}}, {'Condition': {'Not': {'Expression': {'In': {'Expressions': [{'Column': {'Expression': {'SourceRef': {'Source': 'c'}}, 'Property': 'DISA'}}], 'Values': [[{'Literal': {'Value': 'null'}}]]}}}}}, {'Condition': {'And': {'Left': {'Not': {'Expression': {'Comparison': {'ComparisonKind': 0, 'Left': {'Column': {'Expression': {'SourceRef': {'Source': 'c1'}}, 'Property': 'DESCRIP'}}, 'Right': {'Literal': {'Value': ""''""}}}}}}, 'Right': {'Not': {'Expression': {'Comparison': {'ComparisonKind': 0, 'Left': {'Column': {'Expression': {'SourceRef': {'Source': 'c1'}}, 'Property': 'DESCRIP'}}, 'Right': {'Literal': {'Value': 'null'}}}}}}}}}, {'Condition': {'Not': {'Expression': {'In': {'Expressions': [{'Column': {'Expression': {'SourceRef': {'Source': 'c1'}}, 'Property': 'tipo_completo'}}], 'Values': [[{'Literal': {'Value': ""'ALM_LOG'""}}], [{'Literal': {'Value': ""'ALMACEN'""}}], [{'Literal': {'Value': ""'SUBALMACEN'""}}], [{'Literal': {'Value': ""'X'""}}]]}}}}}, {'Condition': {'Not': {'Expression': {'Comparison': {'ComparisonKind': 0, 'Left': {'Column': {'Expression': {'SourceRef': {'Source': 'm'}}, 'Property': 'existe_stock'}}, 'Right': {'Literal': {'Value': 'null'}}}}}}}]"
20260516_171135_216154,"[{'Condition': {'In': {'Expressions': [{'Column': {'Expression': {'SourceRef': {'Source': 'p'}}, 'Property': 'Periodo_variable Campos'}}], 'Values': [[{'Literal': {'Value': ""'''data_historica_dispo12_consumo''[mesano]'""}}]]}}}, {'Condition': {'Comparison': {'ComparisonKind': 0, 'Left': {'Column': {'Expression': {'SourceRef': {'Source': 's'}}, 'Property': 'Switch_4'}}, 'Right': {'Literal': {'Value': '2D'}}}}}, {'Condition': {'Comparison': {'ComparisonKind': 0, 'Left': {'Column': {'Expression': {'SourceRef': {'Source': 's1'}}, 'Property': 'Switch_3'}}, 'Right': {'Literal': {'Value': '2D'}}}}}, {'Condition': {'Comparison': {'ComparisonKind': 0, 'Left': {'Column': {'Expression': {'SourceRef': {'Source': 's2'}}, 'Property': 'Switch_22'}}, 'Right': {'Literal': {'Value': '1D'}}}}}, {'Condition': {'Comparison': {'ComparisonKind': 0, 'Left': {'Column': {'Expression': {'SourceRef': {'Source': 's3'}}, 'Property': 'Switch_21'}}, 'Right': {'Literal': {'Value': '1D'}}}}}, {'Condition': {'Comparison': {'ComparisonKind': 0, 'Left': {'Column': {'Expression': {'SourceRef': {'Source': 's4'}}, 'Property': 'Switch_1'}}, 'Right': {'Literal': {'Value': '1D'}}}}}, {'Condition': {'In': {'Expressions': [{'Column': {'Expression': {'SourceRef': {'Source': 'm'}}, 'Property': 'Cod_nombre2'}}], 'Values': [[{'Literal': {'Value': ""'(04764) METOTREXATO  2.5 mg TABLETA'""}}]]}}}, {'Condition': {'In': {'Expressions': [{'Column': {'Expression': {'SourceRef': {'Source': 'c'}}, 'Property': 'MACROREGION'}}], 'Values': [[{'Literal': {'Value': ""'NORTE'""}}]]}}}, {'Condition': {'In': {'Expressions': [{'Column': {'Expression': {'SourceRef': {'Source': 'm1'}}, 'Property': 'metricas Campos'}}], 'Values': [[{'Literal': {'Value': ""'''data_historica_dispo12_consumo''[m_consumo]'""}}]]}}}, {'Condition': {'In': {'Expressions': [{'Column': {'Expression': {'SourceRef': {'Source': 'd'}}, 'Property': 'codigo_med'}}, {'Column': {'Expression': {'SourceRef': {'Source': 'd'}}, 'Property': 'tipsum'}}, {'Column': {'Expression': {'SourceRef': {'Source': 'm'}}, 'Property': 'Cod_nombre'}}, {'Column': {'Expression': {'SourceRef': {'Source': 'c1'}}, 'Property': 'tipo_completo'}}, {'Column': {'Expression': {'SourceRef': {'Source': 'd'}}, 'Property': 'mesano'}}], 'Values': [[{'Literal': {'Value': ""'04764'""}}, {'Literal': {'Value': ""'S'""}}, {'Literal': {'Value': ""'METOTREXATO  2.5 mg TABLETA'""}}, {'Literal': {'Value': ""'CENTRO'""}}, {'Literal': {'Value': ""'202203'""}}]]}}}, {'Condition': {'Not': {'Expression': {'In': {'Expressions': [{'Column': {'Expression': {'SourceRef': {'Source': 'm'}}, 'Property': 'separador1.1'}}], 'Values': [[{'Literal': {'Value': 'null'}}]]}}}}}, {'Condition': {'Not': {'Expression': {'In': {'Expressions': [{'Column': {'Expression': {'SourceRef': {'Source': 'c'}}, 'Property': 'DISA'}}], 'Values': [[{'Literal': {'Value': 'null'}}]]}}}}}, {'Condition': {'And': {'Left': {'Not': {'Expression': {'Comparison': {'ComparisonKind': 0, 'Left': {'Column': {'Expression': {'SourceRef': {'Source': 'c1'}}, 'Property': 'DESCRIP'}}, 'Right': {'Literal': {'Value': ""''""}}}}}}, 'Right': {'Not': {'Expression': {'Comparison': {'ComparisonKind': 0, 'Left': {'Column': {'Expression': {'SourceRef': {'Source': 'c1'}}, 'Property': 'DESCRIP'}}, 'Right': {'Literal': {'Value': 'null'}}}}}}}}}, {'Condition': {'Not': {'Expression': {'In': {'Expressions': [{'Column': {'Expression': {'SourceRef': {'Source': 'c1'}}, 'Property': 'tipo_completo'}}], 'Values': [[{'Literal': {'Value': ""'ALM_LOG'""}}], [{'Literal': {'Value': ""'ALMACEN'""}}], [{'Literal': {'Value': ""'SUBALMACEN'""}}], [{'Literal': {'Value': ""'X'""}}]]}}}}}, {'Condition': {'Not': {'Expression': {'Comparison': {'ComparisonKind': 0, 'Left': {'Column': {'Expression': {'SourceRef': {'Source': 'm'}}, 'Property': 'existe_stock'}}, 'Right': {'Literal': {'Value': 'null'}}}}}}}]"
20260516_171205_051911,"[{'Condition': {'In': {'Expressions': [{'Column': {'Expression': {'SourceRef': {'Source': 'p'}}, 'Property': 'Periodo_variable Campos'}}], 'Values': [[{'Literal': {'Value': ""'''data_historica_dispo12_consumo''[mesano]'""}}]]}}}, {'Condition': {'Comparison': {'ComparisonKind': 0, 'Left': {'Column': {'Expression': {'SourceRef': {'Source': 's'}}, 'Property': 'Switch_4'}}, 'Right': {'Literal': {'Value': '2D'}}}}}, {'Condition': {'Comparison': {'ComparisonKind': 0, 'Left': {'Column': {'Expression': {'SourceRef': {'Source': 's1'}}, 'Property': 'Switch_3'}}, 'Right': {'Literal': {'Value': '2D'}}}}}, {'Condition': {'Comparison': {'ComparisonKind': 0, 'Left': {'Column': {'Expression': {'SourceRef': {'Source': 's2'}}, 'Property': 'Switch_22'}}, 'Right': {'Literal': {'Value': '1D'}}}}}, {'Condition': {'Comparison': {'ComparisonKind': 0, 'Left': {'Column': {'Expression': {'SourceRef': {'Source': 's3'}}, 'Property': 'Switch_21'}}, 'Right': {'Literal': {'Value': '1D'}}}}}, {'Condition': {'Comparison': {'ComparisonKind': 0, 'Left': {'Column': {'Expression': {'SourceRef': {'Source': 's4'}}, 'Property': 'Switch_1'}}, 'Right': {'Literal': {'Value': '1D'}}}}}, {'Condition': {'In': {'Expressions': [{'Column': {'Expression': {'SourceRef': {'Source': 'm'}}, 'Property': 'Cod_nombre2'}}], 'Values': [[{'Literal': {'Value': ""'(04764) METOTREXATO  2.5 mg TABLETA'""}}]]}}}, {'Condition': {'In': {'Expressions': [{'Column': {'Expression': {'SourceRef': {'Source': 'c'}}, 'Property': 'MACROREGION'}}], 'Values': [[{'Literal': {'Value': ""'NORTE'""}}]]}}}, {'Condition': {'In': {'Expressions': [{'Column': {'Expression': {'SourceRef': {'Source': 'm1'}}, 'Property': 'metricas Campos'}}], 'Values': [[{'Literal': {'Value': ""'''data_historica_dispo12_consumo''[m_consumo]'""}}]]}}}, {'Condition': {'Not': {'Expression': {'In': {'Expressions': [{'Column': {'Expression': {'SourceRef': {'Source': 'm'}}, 'Property': 'separador1.1'}}], 'Values': [[{'Literal': {'Value': 'null'}}]]}}}}}, {'Condition': {'Not': {'Expression': {'In': {'Expressions': [{'Column': {'Expression': {'SourceRef': {'Source': 'c'}}, 'Property': 'DISA'}}], 'Values': [[{'Literal': {'Value': 'null'}}]]}}}}}, {'Condition': {'And': {'Left': {'Not': {'Expression': {'Comparison': {'ComparisonKind': 0, 'Left': {'Column': {'Expression': {'SourceRef': {'Source': 'c1'}}, 'Property': 'DESCRIP'}}, 'Right': {'Literal': {'Value': ""''""}}}}}}, 'Right': {'Not': {'Expression': {'Comparison': {'ComparisonKind': 0, 'Left': {'Column': {'Expression': {'SourceRef': {'Source': 'c1'}}, 'Property': 'DESCRIP'}}, 'Right': {'Literal': {'Value': 'null'}}}}}}}}}, {'Condition': {'Not': {'Expression': {'In': {'Expressions': [{'Column': {'Expression': {'SourceRef': {'Source': 'c1'}}, 'Property': 'tipo_completo'}}], 'Values': [[{'Literal': {'Value': ""'ALM_LOG'""}}], [{'Literal': {'Value': ""'ALMACEN'""}}], [{'Literal': {'Value': ""'SUBALMACEN'""}}], [{'Literal': {'Value': ""'X'""}}]]}}}}}, {'Condition': {'Not': {'Expression': {'Comparison': {'ComparisonKind': 0, 'Left': {'Column': {'Expression': {'SourceRef': {'Source': 'm'}}, 'Property': 'existe_stock'}}, 'Right': {'Literal': {'Value': 'null'}}}}}}}]"
20260516_171205_051911,"[{'Condition': {'In': {'Expressions': [{'Column': {'Expression': {'SourceRef': {'Source': 'd'}}, 'Property': 'codigo_med'}}, {'Column': {'Expression': {'SourceRef': {'Source': 'd'}}, 'Property': 'tipsum'}}, {'Column': {'Expression': {'SourceRef': {'Source': 'm'}}, 'Property': 'Cod_nombre'}}, {'Column': {'Expression': {'SourceRef': {'Source': 'c'}}, 'Property': 'tipo_completo'}}, {'Column': {'Expression': {'SourceRef': {'Source': 'd'}}, 'Property': 'mesano'}}], 'Values': [[{'Literal': {'Value': ""'04764'""}}, {'Literal': {'Value': ""'S'""}}, {'Literal': {'Value': ""'METOTREXATO  2.5 mg TABLETA'""}}, {'Literal': {'Value': ""'CENTRO'""}}, {'Literal': {'Value': ""'202201'""}}]]}}}]"
20260516_171205_055911,"[{'Condition': {'In': {'Expressions': [{'Column': {'Expression': {'SourceRef': {'Source': 'p'}}, 'Property': 'Periodo_variable Campos'}}], 'Values': [[{'Literal': {'Value': ""'''data_historica_dispo12_consumo''[mesano]'""}}]]}}}, {'Condition': {'Comparison': {'ComparisonKind': 0, 'Left': {'Column': {'Expression': {'SourceRef': {'Source': 's'}}, 'Property': 'Switch_4'}}, 'Right': {'Literal': {'Value': '2D'}}}}}, {'Condition': {'Comparison': {'ComparisonKind': 0, 'Left': {'Column': {'Expression': {'SourceRef': {'Source': 's1'}}, 'Property': 'Switch_3'}}, 'Right': {'Literal': {'Value': '2D'}}}}}, {'Condition': {'Comparison': {'ComparisonKind': 0, 'Left': {'Column': {'Expression': {'SourceRef': {'Source': 's2'}}, 'Property': 'Switch_22'}}, 'Right': {'Literal': {'Value': '1D'}}}}}, {'Condition': {'Comparison': {'ComparisonKind': 0, 'Left': {'Column': {'Expression': {'SourceRef': {'Source': 's3'}}, 'Property': 'Switch_21'}}, 'Right': {'Literal': {'Value': '1D'}}}}}, {'Condition': {'Comparison': {'ComparisonKind': 0, 'Left': {'Column': {'Expression': {'SourceRef': {'Source': 's4'}}, 'Property': 'Switch_1'}}, 'Right': {'Literal': {'Value': '1D'}}}}}, {'Condition': {'In': {'Expressions': [{'Column': {'Expression': {'SourceRef': {'Source': 'm'}}, 'Property': 'Cod_nombre2'}}], 'Values': [[{'Literal': {'Value': ""'(04764) METOTREXATO  2.5 mg TABLETA'""}}]]}}}, {'Condition': {'In': {'Expressions': [{'Column': {'Expression': {'SourceRef': {'Source': 'c'}}, 'Property': 'MACROREGION'}}], 'Values': [[{'Literal': {'Value': ""'NORTE'""}}]]}}}, {'Condition': {'In': {'Expressions': [{'Column': {'Expression': {'SourceRef': {'Source': 'm1'}}, 'Property': 'metricas Campos'}}], 'Values': [[{'Literal': {'Value': ""'''data_historica_dispo12_consumo''[m_consumo]'""}}]]}}}, {'Condition': {'In': {'Expressions': [{'Column': {'Expression': {'SourceRef': {'Source': 'd'}}, 'Property': 'codigo_med'}}, {'Column': {'Expression': {'SourceRef': {'Source': 'd'}}, 'Property': 'tipsum'}}, {'Column': {'Expression': {'SourceRef': {'Source': 'm'}}, 'Property': 'Cod_nombre'}}, {'Column': {'Expression': {'SourceRef': {'Source': 'c1'}}, 'Property': 'tipo_completo'}}, {'Column': {'Expression': {'SourceRef': {'Source': 'd'}}, 'Property': 'mesano'}}], 'Values': [[{'Literal': {'Value': ""'04764'""}}, {'Literal': {'Value': ""'S'""}}, {'Literal': {'Value': ""'METOTREXATO  2.5 mg TABLETA'""}}, {'Literal': {'Value': ""'CENTRO'""}}, {'Literal': {'Value': ""'202201'""}}]]}}}, {'Condition': {'Not': {'Expression': {'In': {'Expressions': [{'Column': {'Expression': {'SourceRef': {'Source': 'm'}}, 'Property': 'separador1.1'}}], 'Values': [[{'Literal': {'Value': 'null'}}]]}}}}}, {'Condition': {'Not': {'Expression': {'In': {'Expressions': [{'Column': {'Expression': {'SourceRef': {'Source': 'c'}}, 'Property': 'DISA'}}], 'Values': [[{'Literal': {'Value': 'null'}}]]}}}}}, {'Condition': {'And': {'Left': {'Not': {'Expression': {'Comparison': {'ComparisonKind': 0, 'Left': {'Column': {'Expression': {'SourceRef': {'Source': 'c1'}}, 'Property': 'DESCRIP'}}, 'Right': {'Literal': {'Value': ""''""}}}}}}, 'Right': {'Not': {'Expression': {'Comparison': {'ComparisonKind': 0, 'Left': {'Column': {'Expression': {'SourceRef': {'Source': 'c1'}}, 'Property': 'DESCRIP'}}, 'Right': {'Literal': {'Value': 'null'}}}}}}}}}, {'Condition': {'Not': {'Expression': {'In': {'Expressions': [{'Column': {'Expression': {'SourceRef': {'Source': 'c1'}}, 'Property': 'tipo_completo'}}], 'Values': [[{'Literal': {'Value': ""'ALM_LOG'""}}], [{'Literal': {'Value': ""'ALMACEN'""}}], [{'Literal': {'Value': ""'SUBALMACEN'""}}], [{'Literal': {'Value': ""'X'""}}]]}}}}}, {'Condition': {'Not': {'Expression': {'Comparison': {'ComparisonKind': 0, 'Left': {'Column': {'Expression': {'SourceRef': {'Source': 'm'}}, 'Property': 'existe_stock'}}, 'Right': {'Literal': {'Value': 'null'}}}}}}}]"
20260516_171205_064519,"[{'Condition': {'In': {'Expressions': [{'Column': {'Expression': {'SourceRef': {'Source': 'p'}}, 'Property': 'Periodo_variable Campos'}}], 'Values': [[{'Literal': {'Value': ""'''data_historica_dispo12_consumo''[mesano]'""}}]]}}}, {'Condition': {'Comparison': {'ComparisonKind': 0, 'Left': {'Column': {'Expression': {'SourceRef': {'Source': 's'}}, 'Property': 'Switch_4'}}, 'Right': {'Literal': {'Value': '2D'}}}}}, {'Condition': {'Comparison': {'ComparisonKind': 0, 'Left': {'Column': {'Expression': {'SourceRef': {'Source': 's1'}}, 'Property': 'Switch_3'}}, 'Right': {'Literal': {'Value': '2D'}}}}}, {'Condition': {'Comparison': {'ComparisonKind': 0, 'Left': {'Column': {'Expression': {'SourceRef': {'Source': 's2'}}, 'Property': 'Switch_22'}}, 'Right': {'Literal': {'Value': '1D'}}}}}, {'Condition': {'Comparison': {'ComparisonKind': 0, 'Left': {'Column': {'Expression': {'SourceRef': {'Source': 's3'}}, 'Property': 'Switch_21'}}, 'Right': {'Literal': {'Value': '1D'}}}}}, {'Condition': {'Comparison': {'ComparisonKind': 0, 'Left': {'Column': {'Expression': {'SourceRef': {'Source': 's4'}}, 'Property': 'Switch_1'}}, 'Right': {'Literal': {'Value': '1D'}}}}}, {'Condition': {'In': {'Expressions': [{'Column': {'Expression': {'SourceRef': {'Source': 'm'}}, 'Property': 'Cod_nombre2'}}], 'Values': [[{'Literal': {'Value': ""'(04764) METOTREXATO  2.5 mg TABLETA'""}}]]}}}, {'Condition': {'In': {'Expressions': [{'Column': {'Expression': {'SourceRef': {'Source': 'c1'}}, 'Property': 'MACROREGION'}}], 'Values': [[{'Literal': {'Value': ""'NORTE'""}}]]}}}, {'Condition': {'In': {'Expressions': [{'Column': {'Expression': {'SourceRef': {'Source': 'm1'}}, 'Property': 'metricas Campos'}}], 'Values': [[{'Literal': {'Value': ""'''data_historica_dispo12_consumo''[m_consumo]'""}}]]}}}, {'Condition': {'Not': {'Expression': {'In': {'Expressions': [{'Column': {'Expression': {'SourceRef': {'Source': 'm'}}, 'Property': 'separador1.1'}}], 'Values': [[{'Literal': {'Value': 'null'}}]]}}}}}, {'Condition': {'Not': {'Expression': {'In': {'Expressions': [{'Column': {'Expression': {'SourceRef': {'Source': 'c1'}}, 'Property': 'DISA'}}], 'Values': [[{'Literal': {'Value': 'null'}}]]}}}}}, {'Condition': {'And': {'Left': {'Not': {'Expression': {'Comparison': {'ComparisonKind': 0, 'Left': {'Column': {'Expression': {'SourceRef': {'Source': 'c'}}, 'Property': 'DESCRIP'}}, 'Right': {'Literal': {'Value': ""''""}}}}}}, 'Right': {'Not': {'Expression': {'Comparison': {'ComparisonKind': 0, 'Left': {'Column': {'Expression': {'SourceRef': {'Source': 'c'}}, 'Property': 'DESCRIP'}}, 'Right': {'Literal': {'Value': 'null'}}}}}}}}}, {'Condition': {'Not': {'Expression': {'In': {'Expressions': [{'Column': {'Expression': {'SourceRef': {'Source': 'c'}}, 'Property': 'tipo_completo'}}], 'Values': [[{'Literal': {'Value': ""'ALM_LOG'""}}], [{'Literal': {'Value': ""'ALMACEN'""}}], [{'Literal': {'Value': ""'SUBALMACEN'""}}], [{'Literal': {'Value': ""'X'""}}]]}}}}}, {'Condition': {'Not': {'Expression': {'Comparison': {'ComparisonKind': 0, 'Left': {'Column': {'Expression': {'SourceRef': {'Source': 'm'}}, 'Property': 'existe_stock'}}, 'Right': {'Literal': {'Value': 'null'}}}}}}}]"
20260516_171205_064519,"[{'Condition': {'In': {'Expressions': [{'Column': {'Expression': {'SourceRef': {'Source': 'd'}}, 'Property': 'codigo_med'}}, {'Column': {'Expression': {'SourceRef': {'Source': 'd'}}, 'Property': 'tipsum'}}, {'Column': {'Expression': {'SourceRef': {'Source': 'm'}}, 'Property': 'Cod_nombre'}}, {'Column': {'Expression': {'SourceRef': {'Source': 'c'}}, 'Property': 'tipo_completo'}}, {'Column': {'Expression': {'SourceRef': {'Source': 'd'}}, 'Property': 'mesano'}}], 'Values': [[{'Literal': {'Value': ""'04764'""}}, {'Literal': {'Value': ""'S'""}}, {'Literal': {'Value': ""'METOTREXATO  2.5 mg TABLETA'""}}, {'Literal': {'Value': ""'CENTRO'""}}, {'Literal': {'Value': ""'202201'""}}]]}}}]"
20260516_171205_070858,"[{'Condition': {'In': {'Expressions': [{'Column': {'Expression': {'SourceRef': {'Source': 'p'}}, 'Property': 'Periodo_variable Campos'}}], 'Values': [[{'Literal': {'Value': ""'''data_historica_dispo12_consumo''[mesano]'""}}]]}}}, {'Condition': {'Comparison': {'ComparisonKind': 0, 'Left': {'Column': {'Expression': {'SourceRef': {'Source': 's'}}, 'Property': 'Switch_4'}}, 'Right': {'Literal': {'Value': '2D'}}}}}, {'Condition': {'Comparison': {'ComparisonKind': 0, 'Left': {'Column': {'Expression': {'SourceRef': {'Source': 's1'}}, 'Property': 'Switch_3'}}, 'Right': {'Literal': {'Value': '2D'}}}}}, {'Condition': {'Comparison': {'ComparisonKind': 0, 'Left': {'Column': {'Expression': {'SourceRef': {'Source': 's2'}}, 'Property': 'Switch_22'}}, 'Right': {'Literal': {'Value': '1D'}}}}}, {'Condition': {'Comparison': {'ComparisonKind': 0, 'Left': {'Column': {'Expression': {'SourceRef': {'Source': 's3'}}, 'Property': 'Switch_21'}}, 'Right': {'Literal': {'Value': '1D'}}}}}, {'Condition': {'Comparison': {'ComparisonKind': 0, 'Left': {'Column': {'Expression': {'SourceRef': {'Source': 's4'}}, 'Property': 'Switch_1'}}, 'Right': {'Literal': {'Value': '1D'}}}}}, {'Condition': {'In': {'Expressions': [{'Column': {'Expression': {'SourceRef': {'Source': 'm'}}, 'Property': 'Cod_nombre2'}}], 'Values': [[{'Literal': {'Value': ""'(04764) METOTREXATO  2.5 mg TABLETA'""}}]]}}}, {'Condition': {'In': {'Expressions': [{'Column': {'Expression': {'SourceRef': {'Source': 'c'}}, 'Property': 'MACROREGION'}}], 'Values': [[{'Literal': {'Value': ""'NORTE'""}}]]}}}, {'Condition': {'In': {'Expressions': [{'Column': {'Expression': {'SourceRef': {'Source': 'm1'}}, 'Property': 'metricas Campos'}}], 'Values': [[{'Literal': {'Value': ""'''data_historica_dispo12_consumo''[m_consumo]'""}}]]}}}, {'Condition': {'In': {'Expressions': [{'Column': {'Expression': {'SourceRef': {'Source': 'd'}}, 'Property': 'codigo_med'}}, {'Column': {'Expression': {'SourceRef': {'Source': 'd'}}, 'Property': 'tipsum'}}, {'Column': {'Expression': {'SourceRef': {'Source': 'm'}}, 'Property': 'Cod_nombre'}}, {'Column': {'Expression': {'SourceRef': {'Source': 'c1'}}, 'Property': 'tipo_completo'}}, {'Column': {'Expression': {'SourceRef': {'Source': 'd'}}, 'Property': 'mesano'}}], 'Values': [[{'Literal': {'Value': ""'04764'""}}, {'Literal': {'Value': ""'S'""}}, {'Literal': {'Value': ""'METOTREXATO  2.5 mg TABLETA'""}}, {'Literal': {'Value': ""'CENTRO'""}}, {'Literal': {'Value': ""'202201'""}}]]}}}, {'Condition': {'Not': {'Expression': {'In': {'Expressions': [{'Column': {'Expression': {'SourceRef': {'Source': 'm'}}, 'Property': 'separador1.1'}}], 'Values': [[{'Literal': {'Value': 'null'}}]]}}}}}, {'Condition': {'Not': {'Expression': {'In': {'Expressions': [{'Column': {'Expression': {'SourceRef': {'Source': 'c'}}, 'Property': 'DISA'}}], 'Values': [[{'Literal': {'Value': 'null'}}]]}}}}}, {'Condition': {'And': {'Left': {'Not': {'Expression': {'Comparison': {'ComparisonKind': 0, 'Left': {'Column': {'Expression': {'SourceRef': {'Source': 'c1'}}, 'Property': 'DESCRIP'}}, 'Right': {'Literal': {'Value': ""''""}}}}}}, 'Right': {'Not': {'Expression': {'Comparison': {'ComparisonKind': 0, 'Left': {'Column': {'Expression': {'SourceRef': {'Source': 'c1'}}, 'Property': 'DESCRIP'}}, 'Right': {'Literal': {'Value': 'null'}}}}}}}}}, {'Condition': {'Not': {'Expression': {'In': {'Expressions': [{'Column': {'Expression': {'SourceRef': {'Source': 'c1'}}, 'Property': 'tipo_completo'}}], 'Values': [[{'Literal': {'Value': ""'ALM_LOG'""}}], [{'Literal': {'Value': ""'ALMACEN'""}}], [{'Literal': {'Value': ""'SUBALMACEN'""}}], [{'Literal': {'Value': ""'X'""}}]]}}}}}, {'Condition': {'Not': {'Expression': {'Comparison': {'ComparisonKind': 0, 'Left': {'Column': {'Expression': {'SourceRef': {'Source': 'm'}}, 'Property': 'existe_stock'}}, 'Right': {'Literal': {'Value': 'null'}}}}}}}]"
20260516_171205_099833,"[{'Condition': {'Comparison': {'ComparisonKind': 0, 'Left': {'Column': {'Expression': {'SourceRef': {'Source': 's'}}, 'Property': 'Switch_4'}}, 'Right': {'Literal': {'Value': '2D'}}}}}, {'Condition': {'Comparison': {'ComparisonKind': 0, 'Left': {'Column': {'Expression': {'SourceRef': {'Source': 's1'}}, 'Property': 'Switch_3'}}, 'Right': {'Literal': {'Value': '2D'}}}}}, {'Condition': {'Comparison': {'ComparisonKind': 0, 'Left': {'Column': {'Expression': {'SourceRef': {'Source': 's2'}}, 'Property': 'Switch_22'}}, 'Right': {'Literal': {'Value': '1D'}}}}}, {'Condition': {'Comparison': {'ComparisonKind': 0, 'Left': {'Column': {'Expression': {'SourceRef': {'Source': 's3'}}, 'Property': 'Switch_21'}}, 'Right': {'Literal': {'Value': '1D'}}}}}, {'Condition': {'Comparison': {'ComparisonKind': 0, 'Left': {'Column': {'Expression': {'SourceRef': {'Source': 's4'}}, 'Property': 'Switch_1'}}, 'Right': {'Literal': {'Value': '1D'}}}}}, {'Condition': {'In': {'Expressions': [{'Column': {'Expression': {'SourceRef': {'Source': 'm'}}, 'Property': 'Cod_nombre2'}}], 'Values': [[{'Literal': {'Value': ""'(04764) METOTREXATO  2.5 mg TABLETA'""}}]]}}}, {'Condition': {'In': {'Expressions': [{'Column': {'Expression': {'SourceRef': {'Source': 'c'}}, 'Property': 'MACROREGION'}}], 'Values': [[{'Literal': {'Value': ""'NORTE'""}}]]}}}, {'Condition': {'In': {'Expressions': [{'Column': {'Expression': {'SourceRef': {'Source': 'm1'}}, 'Property': 'metricas Campos'}}], 'Values': [[{'Literal': {'Value': ""'''data_historica_dispo12_consumo''[m_consumo]'""}}]]}}}, {'Condition': {'In': {'Expressions': [{'Column': {'Expression': {'SourceRef': {'Source': 'd'}}, 'Property': 'codigo_med'}}, {'Column': {'Expression': {'SourceRef': {'Source': 'd'}}, 'Property': 'tipsum'}}, {'Column': {'Expression': {'SourceRef': {'Source': 'm'}}, 'Property': 'Cod_nombre'}}, {'Column': {'Expression': {'SourceRef': {'Source': 'c1'}}, 'Property': 'tipo_completo'}}, {'Column': {'Expression': {'SourceRef': {'Source': 'd'}}, 'Property': 'mesano'}}], 'Values': [[{'Literal': {'Value': ""'04764'""}}, {'Literal': {'Value': ""'S'""}}, {'Literal': {'Value': ""'METOTREXATO  2.5 mg TABLETA'""}}, {'Literal': {'Value': ""'CENTRO'""}}, {'Literal': {'Value': ""'202201'""}}]]}}}, {'Condition': {'Not': {'Expression': {'In': {'Expressions': [{'Column': {'Expression': {'SourceRef': {'Source': 'm'}}, 'Property': 'separador1.1'}}], 'Values': [[{'Literal': {'Value': 'null'}}]]}}}}}, {'Condition': {'Not': {'Expression': {'In': {'Expressions': [{'Column': {'Expression': {'SourceRef': {'Source': 'c'}}, 'Property': 'DISA'}}], 'Values': [[{'Literal': {'Value': 'null'}}]]}}}}}, {'Condition': {'And': {'Left': {'Not': {'Expression': {'Comparison': {'ComparisonKind': 0, 'Left': {'Column': {'Expression': {'SourceRef': {'Source': 'c1'}}, 'Property': 'DESCRIP'}}, 'Right': {'Literal': {'Value': ""''""}}}}}}, 'Right': {'Not': {'Expression': {'Comparison': {'ComparisonKind': 0, 'Left': {'Column': {'Expression': {'SourceRef': {'Source': 'c1'}}, 'Property': 'DESCRIP'}}, 'Right': {'Literal': {'Value': 'null'}}}}}}}}}, {'Condition': {'Not': {'Expression': {'In': {'Expressions': [{'Column': {'Expression': {'SourceRef': {'Source': 'c1'}}, 'Property': 'tipo_completo'}}], 'Values': [[{'Literal': {'Value': ""'ALM_LOG'""}}], [{'Literal': {'Value': ""'ALMACEN'""}}], [{'Literal': {'Value': ""'SUBALMACEN'""}}], [{'Literal': {'Value': ""'X'""}}]]}}}}}, {'Condition': {'Not': {'Expression': {'Comparison': {'ComparisonKind': 0, 'Left': {'Column': {'Expression': {'SourceRef': {'Source': 'm'}}, 'Property': 'existe_stock'}}, 'Right': {'Literal': {'Value': 'null'}}}}}}}]"
20260516_171205_102833,"[{'Condition': {'In': {'Expressions': [{'Column': {'Expression': {'SourceRef': {'Source': 'p'}}, 'Property': 'Periodo_variable Campos'}}], 'Values': [[{'Literal': {'Value': ""'''data_historica_dispo12_consumo''[mesano]'""}}]]}}}, {'Condition': {'Comparison': {'ComparisonKind': 0, 'Left': {'Column': {'Expression': {'SourceRef': {'Source': 's'}}, 'Property': 'Switch_4'}}, 'Right': {'Literal': {'Value': '2D'}}}}}, {'Condition': {'Comparison': {'ComparisonKind': 0, 'Left': {'Column': {'Expression': {'SourceRef': {'Source': 's1'}}, 'Property': 'Switch_3'}}, 'Right': {'Literal': {'Value': '2D'}}}}}, {'Condition': {'Comparison': {'ComparisonKind': 0, 'Left': {'Column': {'Expression': {'SourceRef': {'Source': 's2'}}, 'Property': 'Switch_22'}}, 'Right': {'Literal': {'Value': '1D'}}}}}, {'Condition': {'Comparison': {'ComparisonKind': 0, 'Left': {'Column': {'Expression': {'SourceRef': {'Source': 's3'}}, 'Property': 'Switch_21'}}, 'Right': {'Literal': {'Value': '1D'}}}}}, {'Condition': {'Comparison': {'ComparisonKind': 0, 'Left': {'Column': {'Expression': {'SourceRef': {'Source': 's4'}}, 'Property': 'Switch_1'}}, 'Right': {'Literal': {'Value': '1D'}}}}}, {'Condition': {'In': {'Expressions': [{'Column': {'Expression': {'SourceRef': {'Source': 'm'}}, 'Property': 'Cod_nombre2'}}], 'Values': [[{'Literal': {'Value': ""'(04764) METOTREXATO  2.5 mg TABLETA'""}}]]}}}, {'Condition': {'In': {'Expressions': [{'Column': {'Expression': {'SourceRef': {'Source': 'c'}}, 'Property': 'MACROREGION'}}], 'Values': [[{'Literal': {'Value': ""'NORTE'""}}]]}}}, {'Condition': {'In': {'Expressions': [{'Column': {'Expression': {'SourceRef': {'Source': 'm1'}}, 'Property': 'metricas Campos'}}], 'Values': [[{'Literal': {'Value': ""'''data_historica_dispo12_consumo''[m_consumo]'""}}]]}}}, {'Condition': {'In': {'Expressions': [{'Column': {'Expression': {'SourceRef': {'Source': 'd'}}, 'Property': 'codigo_med'}}, {'Column': {'Expression': {'SourceRef': {'Source': 'd'}}, 'Property': 'tipsum'}}, {'Column': {'Expression': {'SourceRef': {'Source': 'm'}}, 'Property': 'Cod_nombre'}}, {'Column': {'Expression': {'SourceRef': {'Source': 'c1'}}, 'Property': 'tipo_completo'}}, {'Column': {'Expression': {'SourceRef': {'Source': 'd'}}, 'Property': 'mesano'}}], 'Values': [[{'Literal': {'Value': ""'04764'""}}, {'Literal': {'Value': ""'S'""}}, {'Literal': {'Value': ""'METOTREXATO  2.5 mg TABLETA'""}}, {'Literal': {'Value': ""'CENTRO'""}}, {'Literal': {'Value': ""'202201'""}}]]}}}, {'Condition': {'Not': {'Expression': {'In': {'Expressions': [{'Column': {'Expression': {'SourceRef': {'Source': 'm'}}, 'Property': 'separador1.1'}}], 'Values': [[{'Literal': {'Value': 'null'}}]]}}}}}, {'Condition': {'Not': {'Expression': {'In': {'Expressions': [{'Column': {'Expression': {'SourceRef': {'Source': 'c'}}, 'Property': 'DISA'}}], 'Values': [[{'Literal': {'Value': 'null'}}]]}}}}}, {'Condition': {'And': {'Left': {'Not': {'Expression': {'Comparison': {'ComparisonKind': 0, 'Left': {'Column': {'Expression': {'SourceRef': {'Source': 'c1'}}, 'Property': 'DESCRIP'}}, 'Right': {'Literal': {'Value': ""''""}}}}}}, 'Right': {'Not': {'Expression': {'Comparison': {'ComparisonKind': 0, 'Left': {'Column': {'Expression': {'SourceRef': {'Source': 'c1'}}, 'Property': 'DESCRIP'}}, 'Right': {'Literal': {'Value': 'null'}}}}}}}}}, {'Condition': {'Not': {'Expression': {'In': {'Expressions': [{'Column': {'Expression': {'SourceRef': {'Source': 'c1'}}, 'Property': 'tipo_completo'}}], 'Values': [[{'Literal': {'Value': ""'ALM_LOG'""}}], [{'Literal': {'Value': ""'ALMACEN'""}}], [{'Literal': {'Value': ""'SUBALMACEN'""}}], [{'Literal': {'Value': ""'X'""}}]]}}}}}, {'Condition': {'Not': {'Expression': {'Comparison': {'ComparisonKind': 0, 'Left': {'Column': {'Expression': {'SourceRef': {'Source': 'm'}}, 'Property': 'existe_stock'}}, 'Right': {'Literal': {'Value': 'null'}}}}}}}]"
20260516_171320_095159,"[{'Condition': {'In': {'Expressions': [{'Column': {'Expression': {'SourceRef': {'Source': 'p'}}, 'Property': 'Periodo_variable Campos'}}], 'Values': [[{'Literal': {'Value': ""'''data_historica_dispo12_consumo''[mesano]'""}}]]}}}, {'Condition': {'Comparison': {'ComparisonKind': 0, 'Left': {'Column': {'Expression': {'SourceRef': {'Source': 's'}}, 'Property': 'Switch_4'}}, 'Right': {'Literal': {'Value': '2D'}}}}}, {'Condition': {'Comparison': {'ComparisonKind': 0, 'Left': {'Column': {'Expression': {'SourceRef': {'Source': 's1'}}, 'Property': 'Switch_3'}}, 'Right': {'Literal': {'Value': '2D'}}}}}, {'Condition': {'Comparison': {'ComparisonKind': 0, 'Left': {'Column': {'Expression': {'SourceRef': {'Source': 's2'}}, 'Property': 'Switch_22'}}, 'Right': {'Literal': {'Value': '1D'}}}}}, {'Condition': {'Comparison': {'ComparisonKind': 0, 'Left': {'Column': {'Expression': {'SourceRef': {'Source': 's3'}}, 'Property': 'Switch_21'}}, 'Right': {'Literal': {'Value': '1D'}}}}}, {'Condition': {'Comparison': {'ComparisonKind': 0, 'Left': {'Column': {'Expression': {'SourceRef': {'Source': 's4'}}, 'Property': 'Switch_1'}}, 'Right': {'Literal': {'Value': '1D'}}}}}, {'Condition': {'In': {'Expressions': [{'Column': {'Expression': {'SourceRef': {'Source': 'm'}}, 'Property': 'Cod_nombre2'}}], 'Values': [[{'Literal': {'Value': ""'(04764) METOTREXATO  2.5 mg TABLETA'""}}]]}}}, {'Condition': {'In': {'Expressions': [{'Column': {'Expression': {'SourceRef': {'Source': 'c1'}}, 'Property': 'MACROREGION'}}], 'Values': [[{'Literal': {'Value': ""'NORTE'""}}]]}}}, {'Condition': {'In': {'Expressions': [{'Column': {'Expression': {'SourceRef': {'Source': 'm1'}}, 'Property': 'metricas Campos'}}], 'Values': [[{'Literal': {'Value': ""'''data_historica_dispo12_consumo''[m_consumo]'""}}]]}}}, {'Condition': {'Not': {'Expression': {'In': {'Expressions': [{'Column': {'Expression': {'SourceRef': {'Source': 'm'}}, 'Property': 'separador1.1'}}], 'Values': [[{'Literal': {'Value': 'null'}}]]}}}}}, {'Condition': {'Not': {'Expression': {'In': {'Expressions': [{'Column': {'Expression': {'SourceRef': {'Source': 'c1'}}, 'Property': 'DISA'}}], 'Values': [[{'Literal': {'Value': 'null'}}]]}}}}}, {'Condition': {'And': {'Left': {'Not': {'Expression': {'Comparison': {'ComparisonKind': 0, 'Left': {'Column': {'Expression': {'SourceRef': {'Source': 'c'}}, 'Property': 'DESCRIP'}}, 'Right': {'Literal': {'Value': ""''""}}}}}}, 'Right': {'Not': {'Expression': {'Comparison': {'ComparisonKind': 0, 'Left': {'Column': {'Expression': {'SourceRef': {'Source': 'c'}}, 'Property': 'DESCRIP'}}, 'Right': {'Literal': {'Value': 'null'}}}}}}}}}, {'Condition': {'Not': {'Expression': {'In': {'Expressions': [{'Column': {'Expression': {'SourceRef': {'Source': 'c'}}, 'Property': 'tipo_completo'}}], 'Values': [[{'Literal': {'Value': ""'ALM_LOG'""}}], [{'Literal': {'Value': ""'ALMACEN'""}}], [{'Literal': {'Value': ""'SUBALMACEN'""}}], [{'Literal': {'Value': ""'X'""}}]]}}}}}, {'Condition': {'Not': {'Expression': {'Comparison': {'ComparisonKind': 0, 'Left': {'Column': {'Expression': {'SourceRef': {'Source': 'm'}}, 'Property': 'existe_stock'}}, 'Right': {'Literal': {'Value': 'null'}}}}}}}]"
20260516_171320_095159,"[{'Condition': {'In': {'Expressions': [{'Column': {'Expression': {'SourceRef': {'Source': 'd'}}, 'Property': 'codigo_med'}}, {'Column': {'Expression': {'SourceRef': {'Source': 'd'}}, 'Property': 'tipsum'}}, {'Column': {'Expression': {'SourceRef': {'Source': 'm'}}, 'Property': 'Cod_nombre'}}, {'Column': {'Expression': {'SourceRef': {'Source': 'c'}}, 'Property': 'tipo_completo'}}, {'Column': {'Expression': {'SourceRef': {'Source': 'd'}}, 'Property': 'mesano'}}], 'Values': [[{'Literal': {'Value': ""'04764'""}}, {'Literal': {'Value': ""'S'""}}, {'Literal': {'Value': ""'METOTREXATO  2.5 mg TABLETA'""}}, {'Literal': {'Value': ""'CENTRO'""}}, {'Literal': {'Value': ""'202112'""}}]]}}}]"
20260516_171320_113864,"[{'Condition': {'Comparison': {'ComparisonKind': 0, 'Left': {'Column': {'Expression': {'SourceRef': {'Source': 's'}}, 'Property': 'Switch_4'}}, 'Right': {'Literal': {'Value': '2D'}}}}}, {'Condition': {'Comparison': {'ComparisonKind': 0, 'Left': {'Column': {'Expression': {'SourceRef': {'Source': 's1'}}, 'Property': 'Switch_3'}}, 'Right': {'Literal': {'Value': '2D'}}}}}, {'Condition': {'Comparison': {'ComparisonKind': 0, 'Left': {'Column': {'Expression': {'SourceRef': {'Source': 's2'}}, 'Property': 'Switch_22'}}, 'Right': {'Literal': {'Value': '1D'}}}}}, {'Condition': {'Comparison': {'ComparisonKind': 0, 'Left': {'Column': {'Expression': {'SourceRef': {'Source': 's3'}}, 'Property': 'Switch_21'}}, 'Right': {'Literal': {'Value': '1D'}}}}}, {'Condition': {'Comparison': {'ComparisonKind': 0, 'Left': {'Column': {'Expression': {'SourceRef': {'Source': 's4'}}, 'Property': 'Switch_1'}}, 'Right': {'Literal': {'Value': '1D'}}}}}, {'Condition': {'In': {'Expressions': [{'Column': {'Expression': {'SourceRef': {'Source': 'm'}}, 'Property': 'Cod_nombre2'}}], 'Values': [[{'Literal': {'Value': ""'(04764) METOTREXATO  2.5 mg TABLETA'""}}]]}}}, {'Condition': {'In': {'Expressions': [{'Column': {'Expression': {'SourceRef': {'Source': 'c'}}, 'Property': 'MACROREGION'}}], 'Values': [[{'Literal': {'Value': ""'NORTE'""}}]]}}}, {'Condition': {'In': {'Expressions': [{'Column': {'Expression': {'SourceRef': {'Source': 'm1'}}, 'Property': 'metricas Campos'}}], 'Values': [[{'Literal': {'Value': ""'''data_historica_dispo12_consumo''[m_consumo]'""}}]]}}}, {'Condition': {'In': {'Expressions': [{'Column': {'Expression': {'SourceRef': {'Source': 'd'}}, 'Property': 'codigo_med'}}, {'Column': {'Expression': {'SourceRef': {'Source': 'd'}}, 'Property': 'tipsum'}}, {'Column': {'Expression': {'SourceRef': {'Source': 'm'}}, 'Property': 'Cod_nombre'}}, {'Column': {'Expression': {'SourceRef': {'Source': 'c1'}}, 'Property': 'tipo_completo'}}, {'Column': {'Expression': {'SourceRef': {'Source': 'd'}}, 'Property': 'mesano'}}], 'Values': [[{'Literal': {'Value': ""'04764'""}}, {'Literal': {'Value': ""'S'""}}, {'Literal': {'Value': ""'METOTREXATO  2.5 mg TABLETA'""}}, {'Literal': {'Value': ""'CENTRO'""}}, {'Literal': {'Value': ""'202112'""}}]]}}}, {'Condition': {'Not': {'Expression': {'In': {'Expressions': [{'Column': {'Expression': {'SourceRef': {'Source': 'm'}}, 'Property': 'separador1.1'}}], 'Values': [[{'Literal': {'Value': 'null'}}]]}}}}}, {'Condition': {'Not': {'Expression': {'In': {'Expressions': [{'Column': {'Expression': {'SourceRef': {'Source': 'c'}}, 'Property': 'DISA'}}], 'Values': [[{'Literal': {'Value': 'null'}}]]}}}}}, {'Condition': {'And': {'Left': {'Not': {'Expression': {'Comparison': {'ComparisonKind': 0, 'Left': {'Column': {'Expression': {'SourceRef': {'Source': 'c1'}}, 'Property': 'DESCRIP'}}, 'Right': {'Literal': {'Value': ""''""}}}}}}, 'Right': {'Not': {'Expression': {'Comparison': {'ComparisonKind': 0, 'Left': {'Column': {'Expression': {'SourceRef': {'Source': 'c1'}}, 'Property': 'DESCRIP'}}, 'Right': {'Literal': {'Value': 'null'}}}}}}}}}, {'Condition': {'Not': {'Expression': {'In': {'Expressions': [{'Column': {'Expression': {'SourceRef': {'Source': 'c1'}}, 'Property': 'tipo_completo'}}], 'Values': [[{'Literal': {'Value': ""'ALM_LOG'""}}], [{'Literal': {'Value': ""'ALMACEN'""}}], [{'Literal': {'Value': ""'SUBALMACEN'""}}], [{'Literal': {'Value': ""'X'""}}]]}}}}}, {'Condition': {'Not': {'Expression': {'Comparison': {'ComparisonKind': 0, 'Left': {'Column': {'Expression': {'SourceRef': {'Source': 'm'}}, 'Property': 'existe_stock'}}, 'Right': {'Literal': {'Value': 'null'}}}}}}}]"
20260516_171320_118865,"[{'Condition': {'In': {'Expressions': [{'Column': {'Expression': {'SourceRef': {'Source': 'p'}}, 'Property': 'Periodo_variable Campos'}}], 'Values': [[{'Literal': {'Value': ""'''data_historica_dispo12_consumo''[mesano]'""}}]]}}}, {'Condition': {'Comparison': {'ComparisonKind': 0, 'Left': {'Column': {'Expression': {'SourceRef': {'Source': 's'}}, 'Property': 'Switch_4'}}, 'Right': {'Literal': {'Value': '2D'}}}}}, {'Condition': {'Comparison': {'ComparisonKind': 0, 'Left': {'Column': {'Expression': {'SourceRef': {'Source': 's1'}}, 'Property': 'Switch_3'}}, 'Right': {'Literal': {'Value': '2D'}}}}}, {'Condition': {'Comparison': {'ComparisonKind': 0, 'Left': {'Column': {'Expression': {'SourceRef': {'Source': 's2'}}, 'Property': 'Switch_22'}}, 'Right': {'Literal': {'Value': '1D'}}}}}, {'Condition': {'Comparison': {'ComparisonKind': 0, 'Left': {'Column': {'Expression': {'SourceRef': {'Source': 's3'}}, 'Property': 'Switch_21'}}, 'Right': {'Literal': {'Value': '1D'}}}}}, {'Condition': {'Comparison': {'ComparisonKind': 0, 'Left': {'Column': {'Expression': {'SourceRef': {'Source': 's4'}}, 'Property': 'Switch_1'}}, 'Right': {'Literal': {'Value': '1D'}}}}}, {'Condition': {'In': {'Expressions': [{'Column': {'Expression': {'SourceRef': {'Source': 'm'}}, 'Property': 'Cod_nombre2'}}], 'Values': [[{'Literal': {'Value': ""'(04764) METOTREXATO  2.5 mg TABLETA'""}}]]}}}, {'Condition': {'In': {'Expressions': [{'Column': {'Expression': {'SourceRef': {'Source': 'c'}}, 'Property': 'MACROREGION'}}], 'Values': [[{'Literal': {'Value': ""'NORTE'""}}]]}}}, {'Condition': {'In': {'Expressions': [{'Column': {'Expression': {'SourceRef': {'Source': 'm1'}}, 'Property': 'metricas Campos'}}], 'Values': [[{'Literal': {'Value': ""'''data_historica_dispo12_consumo''[m_consumo]'""}}]]}}}, {'Condition': {'In': {'Expressions': [{'Column': {'Expression': {'SourceRef': {'Source': 'd'}}, 'Property': 'codigo_med'}}, {'Column': {'Expression': {'SourceRef': {'Source': 'd'}}, 'Property': 'tipsum'}}, {'Column': {'Expression': {'SourceRef': {'Source': 'm'}}, 'Property': 'Cod_nombre'}}, {'Column': {'Expression': {'SourceRef': {'Source': 'c1'}}, 'Property': 'tipo_completo'}}, {'Column': {'Expression': {'SourceRef': {'Source': 'd'}}, 'Property': 'mesano'}}], 'Values': [[{'Literal': {'Value': ""'04764'""}}, {'Literal': {'Value': ""'S'""}}, {'Literal': {'Value': ""'METOTREXATO  2.5 mg TABLETA'""}}, {'Literal': {'Value': ""'CENTRO'""}}, {'Literal': {'Value': ""'202112'""}}]]}}}, {'Condition': {'Not': {'Expression': {'In': {'Expressions': [{'Column': {'Expression': {'SourceRef': {'Source': 'm'}}, 'Property': 'separador1.1'}}], 'Values': [[{'Literal': {'Value': 'null'}}]]}}}}}, {'Condition': {'Not': {'Expression': {'In': {'Expressions': [{'Column': {'Expression': {'SourceRef': {'Source': 'c'}}, 'Property': 'DISA'}}], 'Values': [[{'Literal': {'Value': 'null'}}]]}}}}}, {'Condition': {'And': {'Left': {'Not': {'Expression': {'Comparison': {'ComparisonKind': 0, 'Left': {'Column': {'Expression': {'SourceRef': {'Source': 'c1'}}, 'Property': 'DESCRIP'}}, 'Right': {'Literal': {'Value': ""''""}}}}}}, 'Right': {'Not': {'Expression': {'Comparison': {'ComparisonKind': 0, 'Left': {'Column': {'Expression': {'SourceRef': {'Source': 'c1'}}, 'Property': 'DESCRIP'}}, 'Right': {'Literal': {'Value': 'null'}}}}}}}}}, {'Condition': {'Not': {'Expression': {'In': {'Expressions': [{'Column': {'Expression': {'SourceRef': {'Source': 'c1'}}, 'Property': 'tipo_completo'}}], 'Values': [[{'Literal': {'Value': ""'ALM_LOG'""}}], [{'Literal': {'Value': ""'ALMACEN'""}}], [{'Literal': {'Value': ""'SUBALMACEN'""}}], [{'Literal': {'Value': ""'X'""}}]]}}}}}, {'Condition': {'Not': {'Expression': {'Comparison': {'ComparisonKind': 0, 'Left': {'Column': {'Expression': {'SourceRef': {'Source': 'm'}}, 'Property': 'existe_stock'}}, 'Right': {'Literal': {'Value': 'null'}}}}}}}]"
20260516_171320_395972,"[{'Condition': {'In': {'Expressions': [{'Column': {'Expression': {'SourceRef': {'Source': 'p'}}, 'Property': 'Periodo_variable Campos'}}], 'Values': [[{'Literal': {'Value': ""'''data_historica_dispo12_consumo''[mesano]'""}}]]}}}, {'Condition': {'Comparison': {'ComparisonKind': 0, 'Left': {'Column': {'Expression': {'SourceRef': {'Source': 's'}}, 'Property': 'Switch_4'}}, 'Right': {'Literal': {'Value': '2D'}}}}}, {'Condition': {'Comparison': {'ComparisonKind': 0, 'Left': {'Column': {'Expression': {'SourceRef': {'Source': 's1'}}, 'Property': 'Switch_3'}}, 'Right': {'Literal': {'Value': '2D'}}}}}, {'Condition': {'Comparison': {'ComparisonKind': 0, 'Left': {'Column': {'Expression': {'SourceRef': {'Source': 's2'}}, 'Property': 'Switch_22'}}, 'Right': {'Literal': {'Value': '1D'}}}}}, {'Condition': {'Comparison': {'ComparisonKind': 0, 'Left': {'Column': {'Expression': {'SourceRef': {'Source': 's3'}}, 'Property': 'Switch_21'}}, 'Right': {'Literal': {'Value': '1D'}}}}}, {'Condition': {'Comparison': {'ComparisonKind': 0, 'Left': {'Column': {'Expression': {'SourceRef': {'Source': 's4'}}, 'Property': 'Switch_1'}}, 'Right': {'Literal': {'Value': '1D'}}}}}, {'Condition': {'In': {'Expressions': [{'Column': {'Expression': {'SourceRef': {'Source': 'm'}}, 'Property': 'Cod_nombre2'}}], 'Values': [[{'Literal': {'Value': ""'(04764) METOTREXATO  2.5 mg TABLETA'""}}]]}}}, {'Condition': {'In': {'Expressions': [{'Column': {'Expression': {'SourceRef': {'Source': 'c'}}, 'Property': 'MACROREGION'}}], 'Values': [[{'Literal': {'Value': ""'NORTE'""}}]]}}}, {'Condition': {'In': {'Expressions': [{'Column': {'Expression': {'SourceRef': {'Source': 'm1'}}, 'Property': 'metricas Campos'}}], 'Values': [[{'Literal': {'Value': ""'''data_historica_dispo12_consumo''[m_consumo]'""}}]]}}}, {'Condition': {'Not': {'Expression': {'In': {'Expressions': [{'Column': {'Expression': {'SourceRef': {'Source': 'm'}}, 'Property': 'separador1.1'}}], 'Values': [[{'Literal': {'Value': 'null'}}]]}}}}}, {'Condition': {'Not': {'Expression': {'In': {'Expressions': [{'Column': {'Expression': {'SourceRef': {'Source': 'c'}}, 'Property': 'DISA'}}], 'Values': [[{'Literal': {'Value': 'null'}}]]}}}}}, {'Condition': {'And': {'Left': {'Not': {'Expression': {'Comparison': {'ComparisonKind': 0, 'Left': {'Column': {'Expression': {'SourceRef': {'Source': 'c1'}}, 'Property': 'DESCRIP'}}, 'Right': {'Literal': {'Value': ""''""}}}}}}, 'Right': {'Not': {'Expression': {'Comparison': {'ComparisonKind': 0, 'Left': {'Column': {'Expression': {'SourceRef': {'Source': 'c1'}}, 'Property': 'DESCRIP'}}, 'Right': {'Literal': {'Value': 'null'}}}}}}}}}, {'Condition': {'Not': {'Expression': {'In': {'Expressions': [{'Column': {'Expression': {'SourceRef': {'Source': 'c1'}}, 'Property': 'tipo_completo'}}], 'Values': [[{'Literal': {'Value': ""'ALM_LOG'""}}], [{'Literal': {'Value': ""'ALMACEN'""}}], [{'Literal': {'Value': ""'SUBALMACEN'""}}], [{'Literal': {'Value': ""'X'""}}]]}}}}}, {'Condition': {'Not': {'Expression': {'Comparison': {'ComparisonKind': 0, 'Left': {'Column': {'Expression': {'SourceRef': {'Source': 'm'}}, 'Property': 'existe_stock'}}, 'Right': {'Literal': {'Value': 'null'}}}}}}}]"
20260516_171320_395972,"[{'Condition': {'In': {'Expressions': [{'Column': {'Expression': {'SourceRef': {'Source': 'd'}}, 'Property': 'codigo_med'}}, {'Column': {'Expression': {'SourceRef': {'Source': 'd'}}, 'Property': 'tipsum'}}, {'Column': {'Expression': {'SourceRef': {'Source': 'm'}}, 'Property': 'Cod_nombre'}}, {'Column': {'Expression': {'SourceRef': {'Source': 'c'}}, 'Property': 'tipo_completo'}}, {'Column': {'Expression': {'SourceRef': {'Source': 'd'}}, 'Property': 'mesano'}}], 'Values': [[{'Literal': {'Value': ""'04764'""}}, {'Literal': {'Value': ""'S'""}}, {'Literal': {'Value': ""'METOTREXATO  2.5 mg TABLETA'""}}, {'Literal': {'Value': ""'CENTRO'""}}, {'Literal': {'Value': ""'202112'""}}]]}}}]"
20260516_171320_395972,"[{'Condition': {'In': {'Expressions': [{'Column': {'Expression': {'SourceRef': {'Source': 'p'}}, 'Property': 'Periodo_variable Campos'}}], 'Values': [[{'Literal': {'Value': ""'''data_historica_dispo12_consumo''[mesano]'""}}]]}}}, {'Condition': {'Comparison': {'ComparisonKind': 0, 'Left': {'Column': {'Expression': {'SourceRef': {'Source': 's'}}, 'Property': 'Switch_4'}}, 'Right': {'Literal': {'Value': '2D'}}}}}, {'Condition': {'Comparison': {'ComparisonKind': 0, 'Left': {'Column': {'Expression': {'SourceRef': {'Source': 's1'}}, 'Property': 'Switch_3'}}, 'Right': {'Literal': {'Value': '2D'}}}}}, {'Condition': {'Comparison': {'ComparisonKind': 0, 'Left': {'Column': {'Expression': {'SourceRef': {'Source': 's2'}}, 'Property': 'Switch_22'}}, 'Right': {'Literal': {'Value': '1D'}}}}}, {'Condition': {'Comparison': {'ComparisonKind': 0, 'Left': {'Column': {'Expression': {'SourceRef': {'Source': 's3'}}, 'Property': 'Switch_21'}}, 'Right': {'Literal': {'Value': '1D'}}}}}, {'Condition': {'Comparison': {'ComparisonKind': 0, 'Left': {'Column': {'Expression': {'SourceRef': {'Source': 's4'}}, 'Property': 'Switch_1'}}, 'Right': {'Literal': {'Value': '1D'}}}}}, {'Condition': {'In': {'Expressions': [{'Column': {'Expression': {'SourceRef': {'Source': 'm'}}, 'Property': 'Cod_nombre2'}}], 'Values': [[{'Literal': {'Value': ""'(04764) METOTREXATO  2.5 mg TABLETA'""}}]]}}}, {'Condition': {'In': {'Expressions': [{'Column': {'Expression': {'SourceRef': {'Source': 'c'}}, 'Property': 'MACROREGION'}}], 'Values': [[{'Literal': {'Value': ""'NORTE'""}}]]}}}, {'Condition': {'In': {'Expressions': [{'Column': {'Expression': {'SourceRef': {'Source': 'm1'}}, 'Property': 'metricas Campos'}}], 'Values': [[{'Literal': {'Value': ""'''data_historica_dispo12_consumo''[m_consumo]'""}}]]}}}, {'Condition': {'In': {'Expressions': [{'Column': {'Expression': {'SourceRef': {'Source': 'd'}}, 'Property': 'codigo_med'}}, {'Column': {'Expression': {'SourceRef': {'Source': 'd'}}, 'Property': 'tipsum'}}, {'Column': {'Expression': {'SourceRef': {'Source': 'm'}}, 'Property': 'Cod_nombre'}}, {'Column': {'Expression': {'SourceRef': {'Source': 'c1'}}, 'Property': 'tipo_completo'}}, {'Column': {'Expression': {'SourceRef': {'Source': 'd'}}, 'Property': 'mesano'}}], 'Values': [[{'Literal': {'Value': ""'04764'""}}, {'Literal': {'Value': ""'S'""}}, {'Literal': {'Value': ""'METOTREXATO  2.5 mg TABLETA'""}}, {'Literal': {'Value': ""'CENTRO'""}}, {'Literal': {'Value': ""'202112'""}}]]}}}, {'Condition': {'Not': {'Expression': {'In': {'Expressions': [{'Column': {'Expression': {'SourceRef': {'Source': 'm'}}, 'Property': 'separador1.1'}}], 'Values': [[{'Literal': {'Value': 'null'}}]]}}}}}, {'Condition': {'Not': {'Expression': {'In': {'Expressions': [{'Column': {'Expression': {'SourceRef': {'Source': 'c'}}, 'Property': 'DISA'}}], 'Values': [[{'Literal': {'Value': 'null'}}]]}}}}}, {'Condition': {'And': {'Left': {'Not': {'Expression': {'Comparison': {'ComparisonKind': 0, 'Left': {'Column': {'Expression': {'SourceRef': {'Source': 'c1'}}, 'Property': 'DESCRIP'}}, 'Right': {'Literal': {'Value': ""''""}}}}}}, 'Right': {'Not': {'Expression': {'Comparison': {'ComparisonKind': 0, 'Left': {'Column': {'Expression': {'SourceRef': {'Source': 'c1'}}, 'Property': 'DESCRIP'}}, 'Right': {'Literal': {'Value': 'null'}}}}}}}}}, {'Condition': {'Not': {'Expression': {'In': {'Expressions': [{'Column': {'Expression': {'SourceRef': {'Source': 'c1'}}, 'Property': 'tipo_completo'}}], 'Values': [[{'Literal': {'Value': ""'ALM_LOG'""}}], [{'Literal': {'Value': ""'ALMACEN'""}}], [{'Literal': {'Value': ""'SUBALMACEN'""}}], [{'Literal': {'Value': ""'X'""}}]]}}}}}, {'Condition': {'Not': {'Expression': {'Comparison': {'ComparisonKind': 0, 'Left': {'Column': {'Expression': {'SourceRef': {'Source': 'm'}}, 'Property': 'existe_stock'}}, 'Right': {'Literal': {'Value': 'null'}}}}}}}]"
20260516_171320_410807,"[{'Condition': {'In': {'Expressions': [{'Column': {'Expression': {'SourceRef': {'Source': 'p'}}, 'Property': 'Periodo_variable Campos'}}], 'Values': [[{'Literal': {'Value': ""'''data_historica_dispo12_consumo''[mesano]'""}}]]}}}, {'Condition': {'Comparison': {'ComparisonKind': 0, 'Left': {'Column': {'Expression': {'SourceRef': {'Source': 's'}}, 'Property': 'Switch_4'}}, 'Right': {'Literal': {'Value': '2D'}}}}}, {'Condition': {'Comparison': {'ComparisonKind': 0, 'Left': {'Column': {'Expression': {'SourceRef': {'Source': 's1'}}, 'Property': 'Switch_3'}}, 'Right': {'Literal': {'Value': '2D'}}}}}, {'Condition': {'Comparison': {'ComparisonKind': 0, 'Left': {'Column': {'Expression': {'SourceRef': {'Source': 's2'}}, 'Property': 'Switch_22'}}, 'Right': {'Literal': {'Value': '1D'}}}}}, {'Condition': {'Comparison': {'ComparisonKind': 0, 'Left': {'Column': {'Expression': {'SourceRef': {'Source': 's3'}}, 'Property': 'Switch_21'}}, 'Right': {'Literal': {'Value': '1D'}}}}}, {'Condition': {'Comparison': {'ComparisonKind': 0, 'Left': {'Column': {'Expression': {'SourceRef': {'Source': 's4'}}, 'Property': 'Switch_1'}}, 'Right': {'Literal': {'Value': '1D'}}}}}, {'Condition': {'In': {'Expressions': [{'Column': {'Expression': {'SourceRef': {'Source': 'm'}}, 'Property': 'Cod_nombre2'}}], 'Values': [[{'Literal': {'Value': ""'(04764) METOTREXATO  2.5 mg TABLETA'""}}]]}}}, {'Condition': {'In': {'Expressions': [{'Column': {'Expression': {'SourceRef': {'Source': 'c'}}, 'Property': 'MACROREGION'}}], 'Values': [[{'Literal': {'Value': ""'NORTE'""}}]]}}}, {'Condition': {'In': {'Expressions': [{'Column': {'Expression': {'SourceRef': {'Source': 'm1'}}, 'Property': 'metricas Campos'}}], 'Values': [[{'Literal': {'Value': ""'''data_historica_dispo12_consumo''[m_consumo]'""}}]]}}}, {'Condition': {'In': {'Expressions': [{'Column': {'Expression': {'SourceRef': {'Source': 'd'}}, 'Property': 'codigo_med'}}, {'Column': {'Expression': {'SourceRef': {'Source': 'd'}}, 'Property': 'tipsum'}}, {'Column': {'Expression': {'SourceRef': {'Source': 'm'}}, 'Property': 'Cod_nombre'}}, {'Column': {'Expression': {'SourceRef': {'Source': 'c1'}}, 'Property': 'tipo_completo'}}, {'Column': {'Expression': {'SourceRef': {'Source': 'd'}}, 'Property': 'mesano'}}], 'Values': [[{'Literal': {'Value': ""'04764'""}}, {'Literal': {'Value': ""'S'""}}, {'Literal': {'Value': ""'METOTREXATO  2.5 mg TABLETA'""}}, {'Literal': {'Value': ""'CENTRO'""}}, {'Literal': {'Value': ""'202112'""}}]]}}}, {'Condition': {'Not': {'Expression': {'In': {'Expressions': [{'Column': {'Expression': {'SourceRef': {'Source': 'm'}}, 'Property': 'separador1.1'}}], 'Values': [[{'Literal': {'Value': 'null'}}]]}}}}}, {'Condition': {'Not': {'Expression': {'In': {'Expressions': [{'Column': {'Expression': {'SourceRef': {'Source': 'c'}}, 'Property': 'DISA'}}], 'Values': [[{'Literal': {'Value': 'null'}}]]}}}}}, {'Condition': {'And': {'Left': {'Not': {'Expression': {'Comparison': {'ComparisonKind': 0, 'Left': {'Column': {'Expression': {'SourceRef': {'Source': 'c1'}}, 'Property': 'DESCRIP'}}, 'Right': {'Literal': {'Value': ""''""}}}}}}, 'Right': {'Not': {'Expression': {'Comparison': {'ComparisonKind': 0, 'Left': {'Column': {'Expression': {'SourceRef': {'Source': 'c1'}}, 'Property': 'DESCRIP'}}, 'Right': {'Literal': {'Value': 'null'}}}}}}}}}, {'Condition': {'Not': {'Expression': {'In': {'Expressions': [{'Column': {'Expression': {'SourceRef': {'Source': 'c1'}}, 'Property': 'tipo_completo'}}], 'Values': [[{'Literal': {'Value': ""'ALM_LOG'""}}], [{'Literal': {'Value': ""'ALMACEN'""}}], [{'Literal': {'Value': ""'SUBALMACEN'""}}], [{'Literal': {'Value': ""'X'""}}]]}}}}}, {'Condition': {'Not': {'Expression': {'Comparison': {'ComparisonKind': 0, 'Left': {'Column': {'Expression': {'SourceRef': {'Source': 'm'}}, 'Property': 'existe_stock'}}, 'Right': {'Literal': {'Value': 'null'}}}}}}}]"
20260516_171536_434272,"[{'Condition': {'In': {'Expressions': [{'Column': {'Expression': {'SourceRef': {'Source': 'p'}}, 'Property': 'Periodo_variable Campos'}}], 'Values': [[{'Literal': {'Value': ""'''data_historica_dispo12_consumo''[mesano]'""}}]]}}}, {'Condition': {'Comparison': {'ComparisonKind': 0, 'Left': {'Column': {'Expression': {'SourceRef': {'Source': 's'}}, 'Property': 'Switch_4'}}, 'Right': {'Literal': {'Value': '2D'}}}}}, {'Condition': {'Comparison': {'ComparisonKind': 0, 'Left': {'Column': {'Expression': {'SourceRef': {'Source': 's1'}}, 'Property': 'Switch_3'}}, 'Right': {'Literal': {'Value': '2D'}}}}}, {'Condition': {'Comparison': {'ComparisonKind': 0, 'Left': {'Column': {'Expression': {'SourceRef': {'Source': 's2'}}, 'Property': 'Switch_22'}}, 'Right': {'Literal': {'Value': '1D'}}}}}, {'Condition': {'Comparison': {'ComparisonKind': 0, 'Left': {'Column': {'Expression': {'SourceRef': {'Source': 's3'}}, 'Property': 'Switch_21'}}, 'Right': {'Literal': {'Value': '1D'}}}}}, {'Condition': {'Comparison': {'ComparisonKind': 0, 'Left': {'Column': {'Expression': {'SourceRef': {'Source': 's4'}}, 'Property': 'Switch_1'}}, 'Right': {'Literal': {'Value': '1D'}}}}}, {'Condition': {'In': {'Expressions': [{'Column': {'Expression': {'SourceRef': {'Source': 'm'}}, 'Property': 'Cod_nombre2'}}], 'Values': [[{'Literal': {'Value': ""'(04764) METOTREXATO  2.5 mg TABLETA'""}}]]}}}, {'Condition': {'In': {'Expressions': [{'Column': {'Expression': {'SourceRef': {'Source': 'c'}}, 'Property': 'MACROREGION'}}], 'Values': [[{'Literal': {'Value': ""'NORTE'""}}]]}}}, {'Condition': {'In': {'Expressions': [{'Column': {'Expression': {'SourceRef': {'Source': 'm1'}}, 'Property': 'metricas Campos'}}], 'Values': [[{'Literal': {'Value': ""'''data_historica_dispo12_consumo''[m_consumo]'""}}]]}}}, {'Condition': {'Not': {'Expression': {'In': {'Expressions': [{'Column': {'Expression': {'SourceRef': {'Source': 'm'}}, 'Property': 'separador1.1'}}], 'Values': [[{'Literal': {'Value': 'null'}}]]}}}}}, {'Condition': {'Not': {'Expression': {'In': {'Expressions': [{'Column': {'Expression': {'SourceRef': {'Source': 'c'}}, 'Property': 'DISA'}}], 'Values': [[{'Literal': {'Value': 'null'}}]]}}}}}, {'Condition': {'And': {'Left': {'Not': {'Expression': {'Comparison': {'ComparisonKind': 0, 'Left': {'Column': {'Expression': {'SourceRef': {'Source': 'c1'}}, 'Property': 'DESCRIP'}}, 'Right': {'Literal': {'Value': ""''""}}}}}}, 'Right': {'Not': {'Expression': {'Comparison': {'ComparisonKind': 0, 'Left': {'Column': {'Expression': {'SourceRef': {'Source': 'c1'}}, 'Property': 'DESCRIP'}}, 'Right': {'Literal': {'Value': 'null'}}}}}}}}}, {'Condition': {'Not': {'Expression': {'In': {'Expressions': [{'Column': {'Expression': {'SourceRef': {'Source': 'c1'}}, 'Property': 'tipo_completo'}}], 'Values': [[{'Literal': {'Value': ""'ALM_LOG'""}}], [{'Literal': {'Value': ""'ALMACEN'""}}], [{'Literal': {'Value': ""'SUBALMACEN'""}}], [{'Literal': {'Value': ""'X'""}}]]}}}}}, {'Condition': {'Not': {'Expression': {'Comparison': {'ComparisonKind': 0, 'Left': {'Column': {'Expression': {'SourceRef': {'Source': 'm'}}, 'Property': 'existe_stock'}}, 'Right': {'Literal': {'Value': 'null'}}}}}}}]"
20260516_171536_434272,"[{'Condition': {'In': {'Expressions': [{'Column': {'Expression': {'SourceRef': {'Source': 'd'}}, 'Property': 'codigo_med'}}, {'Column': {'Expression': {'SourceRef': {'Source': 'd'}}, 'Property': 'tipsum'}}, {'Column': {'Expression': {'SourceRef': {'Source': 'm'}}, 'Property': 'Cod_nombre'}}, {'Column': {'Expression': {'SourceRef': {'Source': 'c'}}, 'Property': 'tipo_completo'}}, {'Column': {'Expression': {'SourceRef': {'Source': 'd'}}, 'Property': 'mesano'}}], 'Values': [[{'Literal': {'Value': ""'04764'""}}, {'Literal': {'Value': ""'S'""}}, {'Literal': {'Value': ""'METOTREXATO  2.5 mg TABLETA'""}}, {'Literal': {'Value': ""'CENTRO'""}}, {'Literal': {'Value': ""'202108'""}}]]}}}]"
20260516_171536_443687,"[{'Condition': {'In': {'Expressions': [{'Column': {'Expression': {'SourceRef': {'Source': 'p'}}, 'Property': 'Periodo_variable Campos'}}], 'Values': [[{'Literal': {'Value': ""'''data_historica_dispo12_consumo''[mesano]'""}}]]}}}, {'Condition': {'Comparison': {'ComparisonKind': 0, 'Left': {'Column': {'Expression': {'SourceRef': {'Source': 's'}}, 'Property': 'Switch_4'}}, 'Right': {'Literal': {'Value': '2D'}}}}}, {'Condition': {'Comparison': {'ComparisonKind': 0, 'Left': {'Column': {'Expression': {'SourceRef': {'Source': 's1'}}, 'Property': 'Switch_3'}}, 'Right': {'Literal': {'Value': '2D'}}}}}, {'Condition': {'Comparison': {'ComparisonKind': 0, 'Left': {'Column': {'Expression': {'SourceRef': {'Source': 's2'}}, 'Property': 'Switch_22'}}, 'Right': {'Literal': {'Value': '1D'}}}}}, {'Condition': {'Comparison': {'ComparisonKind': 0, 'Left': {'Column': {'Expression': {'SourceRef': {'Source': 's3'}}, 'Property': 'Switch_21'}}, 'Right': {'Literal': {'Value': '1D'}}}}}, {'Condition': {'Comparison': {'ComparisonKind': 0, 'Left': {'Column': {'Expression': {'SourceRef': {'Source': 's4'}}, 'Property': 'Switch_1'}}, 'Right': {'Literal': {'Value': '1D'}}}}}, {'Condition': {'In': {'Expressions': [{'Column': {'Expression': {'SourceRef': {'Source': 'm'}}, 'Property': 'Cod_nombre2'}}], 'Values': [[{'Literal': {'Value': ""'(04764) METOTREXATO  2.5 mg TABLETA'""}}]]}}}, {'Condition': {'In': {'Expressions': [{'Column': {'Expression': {'SourceRef': {'Source': 'c1'}}, 'Property': 'MACROREGION'}}], 'Values': [[{'Literal': {'Value': ""'NORTE'""}}]]}}}, {'Condition': {'In': {'Expressions': [{'Column': {'Expression': {'SourceRef': {'Source': 'm1'}}, 'Property': 'metricas Campos'}}], 'Values': [[{'Literal': {'Value': ""'''data_historica_dispo12_consumo''[m_consumo]'""}}]]}}}, {'Condition': {'Not': {'Expression': {'In': {'Expressions': [{'Column': {'Expression': {'SourceRef': {'Source': 'm'}}, 'Property': 'separador1.1'}}], 'Values': [[{'Literal': {'Value': 'null'}}]]}}}}}, {'Condition': {'Not': {'Expression': {'In': {'Expressions': [{'Column': {'Expression': {'SourceRef': {'Source': 'c1'}}, 'Property': 'DISA'}}], 'Values': [[{'Literal': {'Value': 'null'}}]]}}}}}, {'Condition': {'And': {'Left': {'Not': {'Expression': {'Comparison': {'ComparisonKind': 0, 'Left': {'Column': {'Expression': {'SourceRef': {'Source': 'c'}}, 'Property': 'DESCRIP'}}, 'Right': {'Literal': {'Value': ""''""}}}}}}, 'Right': {'Not': {'Expression': {'Comparison': {'ComparisonKind': 0, 'Left': {'Column': {'Expression': {'SourceRef': {'Source': 'c'}}, 'Property': 'DESCRIP'}}, 'Right': {'Literal': {'Value': 'null'}}}}}}}}}, {'Condition': {'Not': {'Expression': {'In': {'Expressions': [{'Column': {'Expression': {'SourceRef': {'Source': 'c'}}, 'Property': 'tipo_completo'}}], 'Values': [[{'Literal': {'Value': ""'ALM_LOG'""}}], [{'Literal': {'Value': ""'ALMACEN'""}}], [{'Literal': {'Value': ""'SUBALMACEN'""}}], [{'Literal': {'Value': ""'X'""}}]]}}}}}, {'Condition': {'Not': {'Expression': {'Comparison': {'ComparisonKind': 0, 'Left': {'Column': {'Expression': {'SourceRef': {'Source': 'm'}}, 'Property': 'existe_stock'}}, 'Right': {'Literal': {'Value': 'null'}}}}}}}]"
20260516_171536_443687,"[{'Condition': {'In': {'Expressions': [{'Column': {'Expression': {'SourceRef': {'Source': 'd'}}, 'Property': 'codigo_med'}}, {'Column': {'Expression': {'SourceRef': {'Source': 'd'}}, 'Property': 'tipsum'}}, {'Column': {'Expression': {'SourceRef': {'Source': 'm'}}, 'Property': 'Cod_nombre'}}, {'Column': {'Expression': {'SourceRef': {'Source': 'c'}}, 'Property': 'tipo_completo'}}, {'Column': {'Expression': {'SourceRef': {'Source': 'd'}}, 'Property': 'mesano'}}], 'Values': [[{'Literal': {'Value': ""'04764'""}}, {'Literal': {'Value': ""'S'""}}, {'Literal': {'Value': ""'METOTREXATO  2.5 mg TABLETA'""}}, {'Literal': {'Value': ""'CENTRO'""}}, {'Literal': {'Value': ""'202108'""}}]]}}}]"
20260516_171536_453172,"[{'Condition': {'In': {'Expressions': [{'Column': {'Expression': {'SourceRef': {'Source': 'p'}}, 'Property': 'Periodo_variable Campos'}}], 'Values': [[{'Literal': {'Value': ""'''data_historica_dispo12_consumo''[mesano]'""}}]]}}}, {'Condition': {'Comparison': {'ComparisonKind': 0, 'Left': {'Column': {'Expression': {'SourceRef': {'Source': 's'}}, 'Property': 'Switch_4'}}, 'Right': {'Literal': {'Value': '2D'}}}}}, {'Condition': {'Comparison': {'ComparisonKind': 0, 'Left': {'Column': {'Expression': {'SourceRef': {'Source': 's1'}}, 'Property': 'Switch_3'}}, 'Right': {'Literal': {'Value': '2D'}}}}}, {'Condition': {'Comparison': {'ComparisonKind': 0, 'Left': {'Column': {'Expression': {'SourceRef': {'Source': 's2'}}, 'Property': 'Switch_22'}}, 'Right': {'Literal': {'Value': '1D'}}}}}, {'Condition': {'Comparison': {'ComparisonKind': 0, 'Left': {'Column': {'Expression': {'SourceRef': {'Source': 's3'}}, 'Property': 'Switch_21'}}, 'Right': {'Literal': {'Value': '1D'}}}}}, {'Condition': {'Comparison': {'ComparisonKind': 0, 'Left': {'Column': {'Expression': {'SourceRef': {'Source': 's4'}}, 'Property': 'Switch_1'}}, 'Right': {'Literal': {'Value': '1D'}}}}}, {'Condition': {'In': {'Expressions': [{'Column': {'Expression': {'SourceRef': {'Source': 'm'}}, 'Property': 'Cod_nombre2'}}], 'Values': [[{'Literal': {'Value': ""'(04764) METOTREXATO  2.5 mg TABLETA'""}}]]}}}, {'Condition': {'In': {'Expressions': [{'Column': {'Expression': {'SourceRef': {'Source': 'c'}}, 'Property': 'MACROREGION'}}], 'Values': [[{'Literal': {'Value': ""'NORTE'""}}]]}}}, {'Condition': {'In': {'Expressions': [{'Column': {'Expression': {'SourceRef': {'Source': 'm1'}}, 'Property': 'metricas Campos'}}], 'Values': [[{'Literal': {'Value': ""'''data_historica_dispo12_consumo''[m_consumo]'""}}]]}}}, {'Condition': {'In': {'Expressions': [{'Column': {'Expression': {'SourceRef': {'Source': 'd'}}, 'Property': 'codigo_med'}}, {'Column': {'Expression': {'SourceRef': {'Source': 'd'}}, 'Property': 'tipsum'}}, {'Column': {'Expression': {'SourceRef': {'Source': 'm'}}, 'Property': 'Cod_nombre'}}, {'Column': {'Expression': {'SourceRef': {'Source': 'c1'}}, 'Property': 'tipo_completo'}}, {'Column': {'Expression': {'SourceRef': {'Source': 'd'}}, 'Property': 'mesano'}}], 'Values': [[{'Literal': {'Value': ""'04764'""}}, {'Literal': {'Value': ""'S'""}}, {'Literal': {'Value': ""'METOTREXATO  2.5 mg TABLETA'""}}, {'Literal': {'Value': ""'CENTRO'""}}, {'Literal': {'Value': ""'202108'""}}]]}}}, {'Condition': {'Not': {'Expression': {'In': {'Expressions': [{'Column': {'Expression': {'SourceRef': {'Source': 'm'}}, 'Property': 'separador1.1'}}], 'Values': [[{'Literal': {'Value': 'null'}}]]}}}}}, {'Condition': {'Not': {'Expression': {'In': {'Expressions': [{'Column': {'Expression': {'SourceRef': {'Source': 'c'}}, 'Property': 'DISA'}}], 'Values': [[{'Literal': {'Value': 'null'}}]]}}}}}, {'Condition': {'And': {'Left': {'Not': {'Expression': {'Comparison': {'ComparisonKind': 0, 'Left': {'Column': {'Expression': {'SourceRef': {'Source': 'c1'}}, 'Property': 'DESCRIP'}}, 'Right': {'Literal': {'Value': ""''""}}}}}}, 'Right': {'Not': {'Expression': {'Comparison': {'ComparisonKind': 0, 'Left': {'Column': {'Expression': {'SourceRef': {'Source': 'c1'}}, 'Property': 'DESCRIP'}}, 'Right': {'Literal': {'Value': 'null'}}}}}}}}}, {'Condition': {'Not': {'Expression': {'In': {'Expressions': [{'Column': {'Expression': {'SourceRef': {'Source': 'c1'}}, 'Property': 'tipo_completo'}}], 'Values': [[{'Literal': {'Value': ""'ALM_LOG'""}}], [{'Literal': {'Value': ""'ALMACEN'""}}], [{'Literal': {'Value': ""'SUBALMACEN'""}}], [{'Literal': {'Value': ""'X'""}}]]}}}}}, {'Condition': {'Not': {'Expression': {'Comparison': {'ComparisonKind': 0, 'Left': {'Column': {'Expression': {'SourceRef': {'Source': 'm'}}, 'Property': 'existe_stock'}}, 'Right': {'Literal': {'Value': 'null'}}}}}}}]"
20260516_171536_460272,"[{'Condition': {'In': {'Expressions': [{'Column': {'Expression': {'SourceRef': {'Source': 'p'}}, 'Property': 'Periodo_variable Campos'}}], 'Values': [[{'Literal': {'Value': ""'''data_historica_dispo12_consumo''[mesano]'""}}]]}}}, {'Condition': {'Comparison': {'ComparisonKind': 0, 'Left': {'Column': {'Expression': {'SourceRef': {'Source': 's'}}, 'Property': 'Switch_4'}}, 'Right': {'Literal': {'Value': '2D'}}}}}, {'Condition': {'Comparison': {'ComparisonKind': 0, 'Left': {'Column': {'Expression': {'SourceRef': {'Source': 's1'}}, 'Property': 'Switch_3'}}, 'Right': {'Literal': {'Value': '2D'}}}}}, {'Condition': {'Comparison': {'ComparisonKind': 0, 'Left': {'Column': {'Expression': {'SourceRef': {'Source': 's2'}}, 'Property': 'Switch_22'}}, 'Right': {'Literal': {'Value': '1D'}}}}}, {'Condition': {'Comparison': {'ComparisonKind': 0, 'Left': {'Column': {'Expression': {'SourceRef': {'Source': 's3'}}, 'Property': 'Switch_21'}}, 'Right': {'Literal': {'Value': '1D'}}}}}, {'Condition': {'Comparison': {'ComparisonKind': 0, 'Left': {'Column': {'Expression': {'SourceRef': {'Source': 's4'}}, 'Property': 'Switch_1'}}, 'Right': {'Literal': {'Value': '1D'}}}}}, {'Condition': {'In': {'Expressions': [{'Column': {'Expression': {'SourceRef': {'Source': 'm'}}, 'Property': 'Cod_nombre2'}}], 'Values': [[{'Literal': {'Value': ""'(04764) METOTREXATO  2.5 mg TABLETA'""}}]]}}}, {'Condition': {'In': {'Expressions': [{'Column': {'Expression': {'SourceRef': {'Source': 'c'}}, 'Property': 'MACROREGION'}}], 'Values': [[{'Literal': {'Value': ""'NORTE'""}}]]}}}, {'Condition': {'In': {'Expressions': [{'Column': {'Expression': {'SourceRef': {'Source': 'm1'}}, 'Property': 'metricas Campos'}}], 'Values': [[{'Literal': {'Value': ""'''data_historica_dispo12_consumo''[m_consumo]'""}}]]}}}, {'Condition': {'In': {'Expressions': [{'Column': {'Expression': {'SourceRef': {'Source': 'd'}}, 'Property': 'codigo_med'}}, {'Column': {'Expression': {'SourceRef': {'Source': 'd'}}, 'Property': 'tipsum'}}, {'Column': {'Expression': {'SourceRef': {'Source': 'm'}}, 'Property': 'Cod_nombre'}}, {'Column': {'Expression': {'SourceRef': {'Source': 'c1'}}, 'Property': 'tipo_completo'}}, {'Column': {'Expression': {'SourceRef': {'Source': 'd'}}, 'Property': 'mesano'}}], 'Values': [[{'Literal': {'Value': ""'04764'""}}, {'Literal': {'Value': ""'S'""}}, {'Literal': {'Value': ""'METOTREXATO  2.5 mg TABLETA'""}}, {'Literal': {'Value': ""'CENTRO'""}}, {'Literal': {'Value': ""'202108'""}}]]}}}, {'Condition': {'Not': {'Expression': {'In': {'Expressions': [{'Column': {'Expression': {'SourceRef': {'Source': 'm'}}, 'Property': 'separador1.1'}}], 'Values': [[{'Literal': {'Value': 'null'}}]]}}}}}, {'Condition': {'Not': {'Expression': {'In': {'Expressions': [{'Column': {'Expression': {'SourceRef': {'Source': 'c'}}, 'Property': 'DISA'}}], 'Values': [[{'Literal': {'Value': 'null'}}]]}}}}}, {'Condition': {'And': {'Left': {'Not': {'Expression': {'Comparison': {'ComparisonKind': 0, 'Left': {'Column': {'Expression': {'SourceRef': {'Source': 'c1'}}, 'Property': 'DESCRIP'}}, 'Right': {'Literal': {'Value': ""''""}}}}}}, 'Right': {'Not': {'Expression': {'Comparison': {'ComparisonKind': 0, 'Left': {'Column': {'Expression': {'SourceRef': {'Source': 'c1'}}, 'Property': 'DESCRIP'}}, 'Right': {'Literal': {'Value': 'null'}}}}}}}}}, {'Condition': {'Not': {'Expression': {'In': {'Expressions': [{'Column': {'Expression': {'SourceRef': {'Source': 'c1'}}, 'Property': 'tipo_completo'}}], 'Values': [[{'Literal': {'Value': ""'ALM_LOG'""}}], [{'Literal': {'Value': ""'ALMACEN'""}}], [{'Literal': {'Value': ""'SUBALMACEN'""}}], [{'Literal': {'Value': ""'X'""}}]]}}}}}, {'Condition': {'Not': {'Expression': {'Comparison': {'ComparisonKind': 0, 'Left': {'Column': {'Expression': {'SourceRef': {'Source': 'm'}}, 'Property': 'existe_stock'}}, 'Right': {'Literal': {'Value': 'null'}}}}}}}]"
20260516_171536_628748,"[{'Condition': {'Comparison': {'ComparisonKind': 0, 'Left': {'Column': {'Expression': {'SourceRef': {'Source': 's'}}, 'Property': 'Switch_4'}}, 'Right': {'Literal': {'Value': '2D'}}}}}, {'Condition': {'Comparison': {'ComparisonKind': 0, 'Left': {'Column': {'Expression': {'SourceRef': {'Source': 's1'}}, 'Property': 'Switch_3'}}, 'Right': {'Literal': {'Value': '2D'}}}}}, {'Condition': {'Comparison': {'ComparisonKind': 0, 'Left': {'Column': {'Expression': {'SourceRef': {'Source': 's2'}}, 'Property': 'Switch_22'}}, 'Right': {'Literal': {'Value': '1D'}}}}}, {'Condition': {'Comparison': {'ComparisonKind': 0, 'Left': {'Column': {'Expression': {'SourceRef': {'Source': 's3'}}, 'Property': 'Switch_21'}}, 'Right': {'Literal': {'Value': '1D'}}}}}, {'Condition': {'Comparison': {'ComparisonKind': 0, 'Left': {'Column': {'Expression': {'SourceRef': {'Source': 's4'}}, 'Property': 'Switch_1'}}, 'Right': {'Literal': {'Value': '1D'}}}}}, {'Condition': {'In': {'Expressions': [{'Column': {'Expression': {'SourceRef': {'Source': 'm'}}, 'Property': 'Cod_nombre2'}}], 'Values': [[{'Literal': {'Value': ""'(04764) METOTREXATO  2.5 mg TABLETA'""}}]]}}}, {'Condition': {'In': {'Expressions': [{'Column': {'Expression': {'SourceRef': {'Source': 'c'}}, 'Property': 'MACROREGION'}}], 'Values': [[{'Literal': {'Value': ""'NORTE'""}}]]}}}, {'Condition': {'In': {'Expressions': [{'Column': {'Expression': {'SourceRef': {'Source': 'm1'}}, 'Property': 'metricas Campos'}}], 'Values': [[{'Literal': {'Value': ""'''data_historica_dispo12_consumo''[m_consumo]'""}}]]}}}, {'Condition': {'In': {'Expressions': [{'Column': {'Expression': {'SourceRef': {'Source': 'd'}}, 'Property': 'codigo_med'}}, {'Column': {'Expression': {'SourceRef': {'Source': 'd'}}, 'Property': 'tipsum'}}, {'Column': {'Expression': {'SourceRef': {'Source': 'm'}}, 'Property': 'Cod_nombre'}}, {'Column': {'Expression': {'SourceRef': {'Source': 'c1'}}, 'Property': 'tipo_completo'}}, {'Column': {'Expression': {'SourceRef': {'Source': 'd'}}, 'Property': 'mesano'}}], 'Values': [[{'Literal': {'Value': ""'04764'""}}, {'Literal': {'Value': ""'S'""}}, {'Literal': {'Value': ""'METOTREXATO  2.5 mg TABLETA'""}}, {'Literal': {'Value': ""'CENTRO'""}}, {'Literal': {'Value': ""'202108'""}}]]}}}, {'Condition': {'Not': {'Expression': {'In': {'Expressions': [{'Column': {'Expression': {'SourceRef': {'Source': 'm'}}, 'Property': 'separador1.1'}}], 'Values': [[{'Literal': {'Value': 'null'}}]]}}}}}, {'Condition': {'Not': {'Expression': {'In': {'Expressions': [{'Column': {'Expression': {'SourceRef': {'Source': 'c'}}, 'Property': 'DISA'}}], 'Values': [[{'Literal': {'Value': 'null'}}]]}}}}}, {'Condition': {'And': {'Left': {'Not': {'Expression': {'Comparison': {'ComparisonKind': 0, 'Left': {'Column': {'Expression': {'SourceRef': {'Source': 'c1'}}, 'Property': 'DESCRIP'}}, 'Right': {'Literal': {'Value': ""''""}}}}}}, 'Right': {'Not': {'Expression': {'Comparison': {'ComparisonKind': 0, 'Left': {'Column': {'Expression': {'SourceRef': {'Source': 'c1'}}, 'Property': 'DESCRIP'}}, 'Right': {'Literal': {'Value': 'null'}}}}}}}}}, {'Condition': {'Not': {'Expression': {'In': {'Expressions': [{'Column': {'Expression': {'SourceRef': {'Source': 'c1'}}, 'Property': 'tipo_completo'}}], 'Values': [[{'Literal': {'Value': ""'ALM_LOG'""}}], [{'Literal': {'Value': ""'ALMACEN'""}}], [{'Literal': {'Value': ""'SUBALMACEN'""}}], [{'Literal': {'Value': ""'X'""}}]]}}}}}, {'Condition': {'Not': {'Expression': {'Comparison': {'ComparisonKind': 0, 'Left': {'Column': {'Expression': {'SourceRef': {'Source': 'm'}}, 'Property': 'existe_stock'}}, 'Right': {'Literal': {'Value': 'null'}}}}}}}]"
20260516_171536_701451,"[{'Condition': {'In': {'Expressions': [{'Column': {'Expression': {'SourceRef': {'Source': 'p'}}, 'Property': 'Periodo_variable Campos'}}], 'Values': [[{'Literal': {'Value': ""'''data_historica_dispo12_consumo''[mesano]'""}}]]}}}, {'Condition': {'Comparison': {'ComparisonKind': 0, 'Left': {'Column': {'Expression': {'SourceRef': {'Source': 's'}}, 'Property': 'Switch_4'}}, 'Right': {'Literal': {'Value': '2D'}}}}}, {'Condition': {'Comparison': {'ComparisonKind': 0, 'Left': {'Column': {'Expression': {'SourceRef': {'Source': 's1'}}, 'Property': 'Switch_3'}}, 'Right': {'Literal': {'Value': '2D'}}}}}, {'Condition': {'Comparison': {'ComparisonKind': 0, 'Left': {'Column': {'Expression': {'SourceRef': {'Source': 's2'}}, 'Property': 'Switch_22'}}, 'Right': {'Literal': {'Value': '1D'}}}}}, {'Condition': {'Comparison': {'ComparisonKind': 0, 'Left': {'Column': {'Expression': {'SourceRef': {'Source': 's3'}}, 'Property': 'Switch_21'}}, 'Right': {'Literal': {'Value': '1D'}}}}}, {'Condition': {'Comparison': {'ComparisonKind': 0, 'Left': {'Column': {'Expression': {'SourceRef': {'Source': 's4'}}, 'Property': 'Switch_1'}}, 'Right': {'Literal': {'Value': '1D'}}}}}, {'Condition': {'In': {'Expressions': [{'Column': {'Expression': {'SourceRef': {'Source': 'm'}}, 'Property': 'Cod_nombre2'}}], 'Values': [[{'Literal': {'Value': ""'(04764) METOTREXATO  2.5 mg TABLETA'""}}]]}}}, {'Condition': {'In': {'Expressions': [{'Column': {'Expression': {'SourceRef': {'Source': 'c'}}, 'Property': 'MACROREGION'}}], 'Values': [[{'Literal': {'Value': ""'NORTE'""}}]]}}}, {'Condition': {'In': {'Expressions': [{'Column': {'Expression': {'SourceRef': {'Source': 'm1'}}, 'Property': 'metricas Campos'}}], 'Values': [[{'Literal': {'Value': ""'''data_historica_dispo12_consumo''[m_consumo]'""}}]]}}}, {'Condition': {'In': {'Expressions': [{'Column': {'Expression': {'SourceRef': {'Source': 'd'}}, 'Property': 'codigo_med'}}, {'Column': {'Expression': {'SourceRef': {'Source': 'd'}}, 'Property': 'tipsum'}}, {'Column': {'Expression': {'SourceRef': {'Source': 'm'}}, 'Property': 'Cod_nombre'}}, {'Column': {'Expression': {'SourceRef': {'Source': 'c1'}}, 'Property': 'tipo_completo'}}, {'Column': {'Expression': {'SourceRef': {'Source': 'd'}}, 'Property': 'mesano'}}], 'Values': [[{'Literal': {'Value': ""'04764'""}}, {'Literal': {'Value': ""'S'""}}, {'Literal': {'Value': ""'METOTREXATO  2.5 mg TABLETA'""}}, {'Literal': {'Value': ""'CENTRO'""}}, {'Literal': {'Value': ""'202108'""}}]]}}}, {'Condition': {'Not': {'Expression': {'In': {'Expressions': [{'Column': {'Expression': {'SourceRef': {'Source': 'm'}}, 'Property': 'separador1.1'}}], 'Values': [[{'Literal': {'Value': 'null'}}]]}}}}}, {'Condition': {'Not': {'Expression': {'In': {'Expressions': [{'Column': {'Expression': {'SourceRef': {'Source': 'c'}}, 'Property': 'DISA'}}], 'Values': [[{'Literal': {'Value': 'null'}}]]}}}}}, {'Condition': {'And': {'Left': {'Not': {'Expression': {'Comparison': {'ComparisonKind': 0, 'Left': {'Column': {'Expression': {'SourceRef': {'Source': 'c1'}}, 'Property': 'DESCRIP'}}, 'Right': {'Literal': {'Value': ""''""}}}}}}, 'Right': {'Not': {'Expression': {'Comparison': {'ComparisonKind': 0, 'Left': {'Column': {'Expression': {'SourceRef': {'Source': 'c1'}}, 'Property': 'DESCRIP'}}, 'Right': {'Literal': {'Value': 'null'}}}}}}}}}, {'Condition': {'Not': {'Expression': {'In': {'Expressions': [{'Column': {'Expression': {'SourceRef': {'Source': 'c1'}}, 'Property': 'tipo_completo'}}], 'Values': [[{'Literal': {'Value': ""'ALM_LOG'""}}], [{'Literal': {'Value': ""'ALMACEN'""}}], [{'Literal': {'Value': ""'SUBALMACEN'""}}], [{'Literal': {'Value': ""'X'""}}]]}}}}}, {'Condition': {'Not': {'Expression': {'Comparison': {'ComparisonKind': 0, 'Left': {'Column': {'Expression': {'SourceRef': {'Source': 'm'}}, 'Property': 'existe_stock'}}, 'Right': {'Literal': {'Value': 'null'}}}}}}}]"
20260516_171637_522322,"[{'Condition': {'In': {'Expressions': [{'Column': {'Expression': {'SourceRef': {'Source': 'p'}}, 'Property': 'Periodo_variable Campos'}}], 'Values': [[{'Literal': {'Value': ""'''data_historica_dispo12_consumo''[mesano]'""}}]]}}}, {'Condition': {'Comparison': {'ComparisonKind': 0, 'Left': {'Column': {'Expression': {'SourceRef': {'Source': 's'}}, 'Property': 'Switch_4'}}, 'Right': {'Literal': {'Value': '2D'}}}}}, {'Condition': {'Comparison': {'ComparisonKind': 0, 'Left': {'Column': {'Expression': {'SourceRef': {'Source': 's1'}}, 'Property': 'Switch_3'}}, 'Right': {'Literal': {'Value': '2D'}}}}}, {'Condition': {'Comparison': {'ComparisonKind': 0, 'Left': {'Column': {'Expression': {'SourceRef': {'Source': 's2'}}, 'Property': 'Switch_22'}}, 'Right': {'Literal': {'Value': '1D'}}}}}, {'Condition': {'Comparison': {'ComparisonKind': 0, 'Left': {'Column': {'Expression': {'SourceRef': {'Source': 's3'}}, 'Property': 'Switch_21'}}, 'Right': {'Literal': {'Value': '1D'}}}}}, {'Condition': {'Comparison': {'ComparisonKind': 0, 'Left': {'Column': {'Expression': {'SourceRef': {'Source': 's4'}}, 'Property': 'Switch_1'}}, 'Right': {'Literal': {'Value': '1D'}}}}}, {'Condition': {'In': {'Expressions': [{'Column': {'Expression': {'SourceRef': {'Source': 'm'}}, 'Property': 'Cod_nombre2'}}], 'Values': [[{'Literal': {'Value': ""'(04764) METOTREXATO  2.5 mg TABLETA'""}}]]}}}, {'Condition': {'In': {'Expressions': [{'Column': {'Expression': {'SourceRef': {'Source': 'c1'}}, 'Property': 'MACROREGION'}}], 'Values': [[{'Literal': {'Value': ""'NORTE'""}}]]}}}, {'Condition': {'In': {'Expressions': [{'Column': {'Expression': {'SourceRef': {'Source': 'm1'}}, 'Property': 'metricas Campos'}}], 'Values': [[{'Literal': {'Value': ""'''data_historica_dispo12_consumo''[m_consumo]'""}}]]}}}, {'Condition': {'Not': {'Expression': {'In': {'Expressions': [{'Column': {'Expression': {'SourceRef': {'Source': 'm'}}, 'Property': 'separador1.1'}}], 'Values': [[{'Literal': {'Value': 'null'}}]]}}}}}, {'Condition': {'Not': {'Expression': {'In': {'Expressions': [{'Column': {'Expression': {'SourceRef': {'Source': 'c1'}}, 'Property': 'DISA'}}], 'Values': [[{'Literal': {'Value': 'null'}}]]}}}}}, {'Condition': {'And': {'Left': {'Not': {'Expression': {'Comparison': {'ComparisonKind': 0, 'Left': {'Column': {'Expression': {'SourceRef': {'Source': 'c'}}, 'Property': 'DESCRIP'}}, 'Right': {'Literal': {'Value': ""''""}}}}}}, 'Right': {'Not': {'Expression': {'Comparison': {'ComparisonKind': 0, 'Left': {'Column': {'Expression': {'SourceRef': {'Source': 'c'}}, 'Property': 'DESCRIP'}}, 'Right': {'Literal': {'Value': 'null'}}}}}}}}}, {'Condition': {'Not': {'Expression': {'In': {'Expressions': [{'Column': {'Expression': {'SourceRef': {'Source': 'c'}}, 'Property': 'tipo_completo'}}], 'Values': [[{'Literal': {'Value': ""'ALM_LOG'""}}], [{'Literal': {'Value': ""'ALMACEN'""}}], [{'Literal': {'Value': ""'SUBALMACEN'""}}], [{'Literal': {'Value': ""'X'""}}]]}}}}}, {'Condition': {'Not': {'Expression': {'Comparison': {'ComparisonKind': 0, 'Left': {'Column': {'Expression': {'SourceRef': {'Source': 'm'}}, 'Property': 'existe_stock'}}, 'Right': {'Literal': {'Value': 'null'}}}}}}}]"
